1790667534,payflow-payflow-1,86.98%,542.8MiB / 1.5GiB
1790667534,payflow-postgres-exporter-1,0.00%,8.004MiB / 128MiB
1790667534,payflow-postgres-1,19.64%,106.5MiB / 1GiB
1790667534,payflow-mongo-1,39.78%,362.7MiB / 1GiB
1790667534,payflow-kafka-1,17.75%,494.9MiB / 1.5GiB
1790667534,payflow-keycloak-1,29.14%,735.8MiB / 10.7GiB
1790667534,payflow-settlement-rail-1,0.01%,27.91MiB / 256MiB
1790667534,payflow-tempo-1,0.56%,1.221GiB / 1.5GiB
1790667534,payflow-grafana-1,0.73%,331MiB / 512MiB
1790667534,payflow-prometheus-1,0.45%,74.84MiB / 1GiB
1790667534,k3d-tiny-url-serverlb,0.00%,25.91MiB / 10.7GiB
1790667534,k3d-tiny-url-server-0,7.16%,1.045GiB / 10.7GiB
1790667534,vigorous_raman,7.63%,17.01MiB / 10.7GiB
1790667547,vigorous_raman,3.27%,20.66MiB / 10.7GiB
1790667547,payflow-payflow-1,90.33%,547.3MiB / 1.5GiB
1790667547,payflow-postgres-exporter-1,0.00%,7.938MiB / 128MiB
1790667547,payflow-postgres-1,31.31%,117.4MiB / 1GiB
1790667547,payflow-mongo-1,3.91%,206.5MiB / 1GiB
1790667547,payflow-kafka-1,52.93%,500.2MiB / 1.5GiB
1790667547,payflow-keycloak-1,0.25%,739.4MiB / 10.7GiB
1790667547,payflow-settlement-rail-1,2.01%,29.46MiB / 256MiB
1790667547,payflow-tempo-1,0.34%,1.221GiB / 1.5GiB
1790667547,payflow-grafana-1,0.99%,331MiB / 512MiB
1790667547,payflow-prometheus-1,0.24%,74.85MiB / 1GiB
1790667547,k3d-tiny-url-serverlb,0.00%,25.91MiB / 10.7GiB
1790667547,k3d-tiny-url-server-0,12.18%,1.029GiB / 10.7GiB
1790667559,vigorous_raman,3.99%,22.27MiB / 10.7GiB
1790667559,payflow-payflow-1,94.33%,549MiB / 1.5GiB
1790667559,payflow-postgres-exporter-1,0.00%,7.742MiB / 128MiB
1790667559,payflow-postgres-1,30.52%,121.5MiB / 1GiB
1790667559,payflow-mongo-1,3.80%,207MiB / 1GiB
1790667559,payflow-kafka-1,161.30%,579.8MiB / 1.5GiB
1790667559,payflow-keycloak-1,0.21%,739.4MiB / 10.7GiB
1790667559,payflow-settlement-rail-1,4.55%,32.09MiB / 256MiB
1790667559,payflow-tempo-1,0.34%,1.125GiB / 1.5GiB
1790667559,payflow-grafana-1,0.72%,331MiB / 512MiB
1790667559,payflow-prometheus-1,0.18%,74.86MiB / 1GiB
1790667559,k3d-tiny-url-serverlb,0.00%,25.91MiB / 10.7GiB
1790667559,k3d-tiny-url-server-0,10.32%,1.031GiB / 10.7GiB
1790667571,vigorous_raman,4.43%,23.02MiB / 10.7GiB
1790667571,payflow-payflow-1,103.67%,550.7MiB / 1.5GiB
1790667571,payflow-postgres-exporter-1,1.48%,8.121MiB / 128MiB
1790667571,payflow-postgres-1,34.70%,128.8MiB / 1GiB
1790667571,payflow-mongo-1,4.17%,207.7MiB / 1GiB
1790667571,payflow-kafka-1,20.16%,503.4MiB / 1.5GiB
1790667571,payflow-keycloak-1,0.24%,739.4MiB / 10.7GiB
1790667571,payflow-settlement-rail-1,6.45%,32.49MiB / 256MiB
1790667571,payflow-tempo-1,0.87%,971.1MiB / 1.5GiB
1790667571,payflow-grafana-1,0.90%,331MiB / 512MiB
1790667571,payflow-prometheus-1,0.50%,74.86MiB / 1GiB
1790667571,k3d-tiny-url-serverlb,0.00%,25.91MiB / 10.7GiB
1790667571,k3d-tiny-url-server-0,9.24%,1.032GiB / 10.7GiB
1790667583,vigorous_raman,4.12%,22.7MiB / 10.7GiB
1790667583,payflow-payflow-1,129.95%,551.1MiB / 1.5GiB
1790667583,payflow-postgres-exporter-1,0.00%,7.555MiB / 128MiB
1790667583,payflow-postgres-1,33.98%,133.8MiB / 1GiB
1790667583,payflow-mongo-1,3.58%,208.3MiB / 1GiB
1790667583,payflow-kafka-1,21.21%,507.6MiB / 1.5GiB
1790667583,payflow-keycloak-1,0.25%,739.4MiB / 10.7GiB
1790667583,payflow-settlement-rail-1,1.27%,31.14MiB / 256MiB
1790667583,payflow-tempo-1,1.08%,973.7MiB / 1.5GiB
1790667583,payflow-grafana-1,0.96%,331MiB / 512MiB
1790667583,payflow-prometheus-1,1.85%,74.91MiB / 1GiB
1790667583,k3d-tiny-url-serverlb,0.00%,25.91MiB / 10.7GiB
1790667583,k3d-tiny-url-server-0,11.11%,1.032GiB / 10.7GiB
1790667595,vigorous_raman,3.17%,22.77MiB / 10.7GiB
1790667595,payflow-payflow-1,94.00%,551.6MiB / 1.5GiB
1790667595,payflow-postgres-exporter-1,1.90%,8.086MiB / 128MiB
1790667595,payflow-postgres-1,31.45%,140MiB / 1GiB
1790667595,payflow-mongo-1,35.41%,209MiB / 1GiB
1790667595,payflow-kafka-1,19.14%,511.8MiB / 1.5GiB
1790667595,payflow-keycloak-1,0.23%,739.4MiB / 10.7GiB
1790667595,payflow-settlement-rail-1,1.32%,29.9MiB / 256MiB
1790667595,payflow-tempo-1,0.23%,974.1MiB / 1.5GiB
1790667595,payflow-grafana-1,0.89%,331MiB / 512MiB
1790667595,payflow-prometheus-1,0.49%,74.92MiB / 1GiB
1790667595,k3d-tiny-url-serverlb,0.00%,25.91MiB / 10.7GiB
1790667595,k3d-tiny-url-server-0,11.26%,1.033GiB / 10.7GiB
1790667608,vigorous_raman,4.01%,23.05MiB / 10.7GiB
1790667608,payflow-payflow-1,102.91%,556.5MiB / 1.5GiB
1790667608,payflow-postgres-exporter-1,0.00%,8.059MiB / 128MiB
1790667608,payflow-postgres-1,36.85%,165.1MiB / 1GiB
1790667608,payflow-mongo-1,3.74%,209MiB / 1GiB
1790667608,payflow-kafka-1,18.60%,512.9MiB / 1.5GiB
1790667608,payflow-keycloak-1,0.28%,739.3MiB / 10.7GiB
1790667608,payflow-settlement-rail-1,2.22%,31.39MiB / 256MiB
1790667608,payflow-tempo-1,0.33%,974.1MiB / 1.5GiB
1790667608,payflow-grafana-1,1.18%,331MiB / 512MiB
1790667608,payflow-prometheus-1,0.66%,74.92MiB / 1GiB
1790667608,k3d-tiny-url-serverlb,0.00%,25.91MiB / 10.7GiB
1790667608,k3d-tiny-url-server-0,11.64%,1.034GiB / 10.7GiB
1790667620,vigorous_raman,3.75%,23.6MiB / 10.7GiB
1790667620,payflow-payflow-1,77.23%,553.1MiB / 1.5GiB
1790667620,payflow-postgres-exporter-1,0.00%,8.496MiB / 128MiB
1790667620,payflow-postgres-1,32.25%,147.2MiB / 1GiB
1790667620,payflow-mongo-1,3.80%,209.3MiB / 1GiB
1790667620,payflow-kafka-1,109.21%,516.8MiB / 1.5GiB
1790667620,payflow-keycloak-1,0.56%,739.3MiB / 10.7GiB
1790667620,payflow-settlement-rail-1,1.12%,31.09MiB / 256MiB
1790667620,payflow-tempo-1,0.95%,974.2MiB / 1.5GiB
1790667620,payflow-grafana-1,0.85%,331MiB / 512MiB
1790667620,payflow-prometheus-1,1.16%,74.93MiB / 1GiB
1790667620,k3d-tiny-url-serverlb,0.00%,25.91MiB / 10.7GiB
1790667620,k3d-tiny-url-server-0,11.96%,1.035GiB / 10.7GiB
1790667632,vigorous_raman,6.48%,23.91MiB / 10.7GiB
1790667632,payflow-payflow-1,92.92%,553.4MiB / 1.5GiB
1790667632,payflow-postgres-exporter-1,0.00%,8.223MiB / 128MiB
1790667632,payflow-postgres-1,27.34%,148.3MiB / 1GiB
1790667632,payflow-mongo-1,3.50%,209.1MiB / 1GiB
1790667632,payflow-kafka-1,127.37%,588.7MiB / 1.5GiB
1790667632,payflow-keycloak-1,0.21%,739.4MiB / 10.7GiB
1790667632,payflow-settlement-rail-1,1.16%,30.41MiB / 256MiB
1790667632,payflow-tempo-1,2.39%,975.8MiB / 1.5GiB
1790667632,payflow-grafana-1,0.85%,331MiB / 512MiB
1790667632,payflow-prometheus-1,0.28%,74.93MiB / 1GiB
1790667632,k3d-tiny-url-serverlb,0.00%,25.91MiB / 10.7GiB
1790667632,k3d-tiny-url-server-0,7.12%,1.034GiB / 10.7GiB
1790667644,vigorous_raman,4.53%,23.84MiB / 10.7GiB
1790667644,payflow-payflow-1,119.71%,554.3MiB / 1.5GiB
1790667644,payflow-postgres-exporter-1,0.00%,8.066MiB / 128MiB
1790667644,payflow-postgres-1,34.98%,154.5MiB / 1GiB
1790667644,payflow-mongo-1,49.13%,209.2MiB / 1GiB
1790667644,payflow-kafka-1,23.75%,523.2MiB / 1.5GiB
1790667644,payflow-keycloak-1,0.24%,739.4MiB / 10.7GiB
1790667644,payflow-settlement-rail-1,3.16%,31.61MiB / 256MiB
1790667644,payflow-tempo-1,2.43%,983.2MiB / 1.5GiB
1790667644,payflow-grafana-1,0.87%,331MiB / 512MiB
1790667644,payflow-prometheus-1,0.66%,74.94MiB / 1GiB
1790667644,k3d-tiny-url-serverlb,0.00%,25.91MiB / 10.7GiB
1790667644,k3d-tiny-url-server-0,9.28%,1.033GiB / 10.7GiB
1790667657,vigorous_raman,3.72%,23.86MiB / 10.7GiB
1790667657,payflow-payflow-1,92.95%,558.2MiB / 1.5GiB
1790667657,payflow-postgres-exporter-1,0.00%,7.77MiB / 128MiB
1790667657,payflow-postgres-1,30.04%,160MiB / 1GiB
1790667657,payflow-mongo-1,3.87%,209.2MiB / 1GiB
1790667657,payflow-kafka-1,18.88%,524.7MiB / 1.5GiB
1790667657,payflow-keycloak-1,0.30%,739.3MiB / 10.7GiB
1790667657,payflow-settlement-rail-1,0.88%,30.61MiB / 256MiB
1790667657,payflow-tempo-1,0.30%,1011MiB / 1.5GiB
1790667657,payflow-grafana-1,0.88%,331MiB / 512MiB
1790667657,payflow-prometheus-1,0.20%,74.97MiB / 1GiB
1790667657,k3d-tiny-url-serverlb,0.00%,25.91MiB / 10.7GiB
1790667657,k3d-tiny-url-server-0,11.02%,1.033GiB / 10.7GiB
1790667669,vigorous_raman,4.07%,23.88MiB / 10.7GiB
1790667669,payflow-payflow-1,78.34%,555MiB / 1.5GiB
1790667669,payflow-postgres-exporter-1,0.00%,8.324MiB / 128MiB
1790667669,payflow-postgres-1,79.97%,167.2MiB / 1GiB
1790667669,payflow-mongo-1,3.64%,209.2MiB / 1GiB
1790667669,payflow-kafka-1,21.60%,529.1MiB / 1.5GiB
1790667669,payflow-keycloak-1,0.26%,739.3MiB / 10.7GiB
1790667669,payflow-settlement-rail-1,1.06%,46.91MiB / 256MiB
1790667669,payflow-tempo-1,0.94%,1.013GiB / 1.5GiB
1790667669,payflow-grafana-1,0.97%,331MiB / 512MiB
1790667669,payflow-prometheus-1,0.39%,75.14MiB / 1GiB
1790667669,k3d-tiny-url-serverlb,0.00%,25.91MiB / 10.7GiB
1790667669,k3d-tiny-url-server-0,20.08%,1.035GiB / 10.7GiB
1790667681,vigorous_raman,4.63%,23.93MiB / 10.7GiB
1790667681,payflow-payflow-1,98.85%,555.8MiB / 1.5GiB
1790667681,payflow-postgres-exporter-1,1.46%,7.766MiB / 128MiB
1790667681,payflow-postgres-1,39.11%,168.9MiB / 1GiB
1790667681,payflow-mongo-1,4.72%,209.3MiB / 1GiB
1790667681,payflow-kafka-1,24.38%,530MiB / 1.5GiB
1790667681,payflow-keycloak-1,0.26%,739.3MiB / 10.7GiB
1790667681,payflow-settlement-rail-1,2.75%,32.03MiB / 256MiB
1790667681,payflow-tempo-1,1.17%,745.8MiB / 1.5GiB
1790667681,payflow-grafana-1,1.16%,331MiB / 512MiB
1790667681,payflow-prometheus-1,0.56%,76MiB / 1GiB
1790667681,k3d-tiny-url-serverlb,0.00%,25.91MiB / 10.7GiB
1790667681,k3d-tiny-url-server-0,11.94%,1.035GiB / 10.7GiB
1790667693,vigorous_raman,2.80%,23.95MiB / 10.7GiB
1790667693,payflow-payflow-1,76.14%,556.1MiB / 1.5GiB
1790667693,payflow-postgres-exporter-1,0.00%,8.719MiB / 128MiB
1790667693,payflow-postgres-1,31.14%,172.1MiB / 1GiB
1790667693,payflow-mongo-1,44.45%,367.6MiB / 1GiB
1790667693,payflow-kafka-1,136.96%,643.9MiB / 1.5GiB
1790667693,payflow-keycloak-1,0.17%,739.4MiB / 10.7GiB
1790667693,payflow-settlement-rail-1,7.71%,36.05MiB / 256MiB
1790667693,payflow-tempo-1,0.36%,234.8MiB / 1.5GiB
1790667693,payflow-grafana-1,0.76%,331MiB / 512MiB
1790667693,payflow-prometheus-1,0.25%,77.79MiB / 1GiB
1790667693,k3d-tiny-url-serverlb,0.00%,25.91MiB / 10.7GiB
1790667693,k3d-tiny-url-server-0,6.17%,1.037GiB / 10.7GiB
1790667706,vigorous_raman,3.86%,24.27MiB / 10.7GiB
1790667706,payflow-payflow-1,97.78%,556.2MiB / 1.5GiB
1790667706,payflow-postgres-exporter-1,1.93%,8.57MiB / 128MiB
1790667706,payflow-postgres-1,42.53%,177.6MiB / 1GiB
1790667706,payflow-mongo-1,3.76%,209.6MiB / 1GiB
1790667706,payflow-kafka-1,107.98%,582.8MiB / 1.5GiB
1790667706,payflow-keycloak-1,0.22%,739.4MiB / 10.7GiB
1790667706,payflow-settlement-rail-1,5.58%,30.91MiB / 256MiB
1790667706,payflow-tempo-1,0.25%,144.8MiB / 1.5GiB
1790667706,payflow-grafana-1,1.08%,331MiB / 512MiB
1790667706,payflow-prometheus-1,0.54%,77.85MiB / 1GiB
1790667706,k3d-tiny-url-serverlb,0.00%,25.91MiB / 10.7GiB
1790667706,k3d-tiny-url-server-0,13.63%,1.036GiB / 10.7GiB
1790667718,vigorous_raman,4.48%,24.66MiB / 10.7GiB
1790667718,payflow-payflow-1,106.32%,556.9MiB / 1.5GiB
1790667718,payflow-postgres-exporter-1,0.00%,8.43MiB / 128MiB
1790667718,payflow-postgres-1,34.14%,184.1MiB / 1GiB
1790667718,payflow-mongo-1,2.79%,209.3MiB / 1GiB
1790667718,payflow-kafka-1,23.10%,539.5MiB / 1.5GiB
1790667718,payflow-keycloak-1,0.26%,739.3MiB / 10.7GiB
1790667718,payflow-settlement-rail-1,1.88%,31.77MiB / 256MiB
1790667718,payflow-tempo-1,1.63%,134.8MiB / 1.5GiB
1790667718,payflow-grafana-1,1.23%,331MiB / 512MiB
1790667718,payflow-prometheus-1,0.86%,77.87MiB / 1GiB
1790667718,k3d-tiny-url-serverlb,0.00%,25.91MiB / 10.7GiB
1790667718,k3d-tiny-url-server-0,15.45%,1.037GiB / 10.7GiB
1790667730,vigorous_raman,5.34%,24.53MiB / 10.7GiB
1790667730,payflow-payflow-1,96.17%,557.1MiB / 1.5GiB
1790667730,payflow-postgres-exporter-1,0.00%,8.082MiB / 128MiB
1790667730,payflow-postgres-1,36.32%,190.6MiB / 1GiB
1790667730,payflow-mongo-1,4.71%,209.5MiB / 1GiB
1790667730,payflow-kafka-1,23.84%,542.4MiB / 1.5GiB
1790667730,payflow-keycloak-1,0.28%,739.3MiB / 10.7GiB
1790667730,payflow-settlement-rail-1,1.43%,31.05MiB / 256MiB
1790667730,payflow-tempo-1,0.37%,135.6MiB / 1.5GiB
1790667730,payflow-grafana-1,1.04%,331MiB / 512MiB
1790667730,payflow-prometheus-1,1.30%,77.87MiB / 1GiB
1790667730,k3d-tiny-url-serverlb,0.00%,25.91MiB / 10.7GiB
1790667730,k3d-tiny-url-server-0,12.88%,1.036GiB / 10.7GiB
1790667742,vigorous_raman,7.01%,24.81MiB / 10.7GiB
1790667742,payflow-payflow-1,103.05%,557.5MiB / 1.5GiB
1790667742,payflow-postgres-exporter-1,0.00%,8.645MiB / 128MiB
1790667742,payflow-postgres-1,42.24%,191.8MiB / 1GiB
1790667742,payflow-mongo-1,4.23%,209.5MiB / 1GiB
1790667742,payflow-kafka-1,26.89%,544.4MiB / 1.5GiB
1790667742,payflow-keycloak-1,0.29%,739.3MiB / 10.7GiB
1790667742,payflow-settlement-rail-1,1.38%,31.13MiB / 256MiB
1790667742,payflow-tempo-1,0.37%,129.1MiB / 1.5GiB
1790667742,payflow-grafana-1,1.13%,331MiB / 512MiB
1790667742,payflow-prometheus-1,0.28%,77.88MiB / 1GiB
1790667742,k3d-tiny-url-serverlb,0.00%,25.91MiB / 10.7GiB
1790667742,k3d-tiny-url-server-0,13.21%,1.036GiB / 10.7GiB
1790667754,vigorous_raman,3.61%,24.63MiB / 10.7GiB
1790667754,payflow-payflow-1,115.02%,557.5MiB / 1.5GiB
1790667754,payflow-postgres-exporter-1,0.00%,8.383MiB / 128MiB
1790667754,payflow-postgres-1,30.09%,194.2MiB / 1GiB
1790667754,payflow-mongo-1,44.75%,209.6MiB / 1GiB
1790667754,payflow-kafka-1,17.03%,546.3MiB / 1.5GiB
1790667754,payflow-keycloak-1,0.18%,739.5MiB / 10.7GiB
1790667754,payflow-settlement-rail-1,0.96%,33.6MiB / 256MiB
1790667754,payflow-tempo-1,39.04%,224.5MiB / 1.5GiB
1790667754,payflow-grafana-1,0.88%,331MiB / 512MiB
1790667754,payflow-prometheus-1,1.31%,77.89MiB / 1GiB
1790667754,k3d-tiny-url-serverlb,0.00%,25.91MiB / 10.7GiB
1790667754,k3d-tiny-url-server-0,8.30%,1.037GiB / 10.7GiB
1790667767,vigorous_raman,3.70%,24.79MiB / 10.7GiB
1790667767,payflow-payflow-1,81.90%,557.5MiB / 1.5GiB
1790667767,payflow-postgres-exporter-1,0.00%,7.906MiB / 128MiB
1790667767,payflow-postgres-1,29.90%,200MiB / 1GiB
1790667767,payflow-mongo-1,3.53%,209.6MiB / 1GiB
1790667767,payflow-kafka-1,169.21%,655.5MiB / 1.5GiB
1790667767,payflow-keycloak-1,0.17%,739.5MiB / 10.7GiB
1790667767,payflow-settlement-rail-1,0.91%,31.53MiB / 256MiB
1790667767,payflow-tempo-1,0.23%,751.8MiB / 1.5GiB
1790667767,payflow-grafana-1,0.83%,331MiB / 512MiB
1790667767,payflow-prometheus-1,0.18%,77.89MiB / 1GiB
1790667767,k3d-tiny-url-serverlb,0.00%,25.91MiB / 10.7GiB
1790667767,k3d-tiny-url-server-0,7.94%,1.036GiB / 10.7GiB
1790667779,vigorous_raman,4.80%,24.8MiB / 10.7GiB
1790667779,payflow-payflow-1,79.40%,557.5MiB / 1.5GiB
1790667779,payflow-postgres-exporter-1,0.00%,8.727MiB / 128MiB
1790667779,payflow-postgres-1,31.19%,205.9MiB / 1GiB
1790667779,payflow-mongo-1,4.02%,209.8MiB / 1GiB
1790667779,payflow-kafka-1,79.08%,592.6MiB / 1.5GiB
1790667779,payflow-keycloak-1,0.18%,739.7MiB / 10.7GiB
1790667779,payflow-settlement-rail-1,0.89%,38.29MiB / 256MiB
1790667779,payflow-tempo-1,0.75%,752.8MiB / 1.5GiB
1790667779,payflow-grafana-1,1.06%,331MiB / 512MiB
1790667779,payflow-prometheus-1,0.26%,77.91MiB / 1GiB
1790667779,k3d-tiny-url-serverlb,0.01%,25.91MiB / 10.7GiB
1790667779,k3d-tiny-url-server-0,10.15%,1.037GiB / 10.7GiB
1790667791,vigorous_raman,4.35%,24.81MiB / 10.7GiB
1790667791,payflow-payflow-1,75.85%,558.7MiB / 1.5GiB
1790667791,payflow-postgres-exporter-1,0.63%,8.223MiB / 128MiB
1790667791,payflow-postgres-1,34.15%,211MiB / 1GiB
1790667791,payflow-mongo-1,4.18%,209.9MiB / 1GiB
1790667791,payflow-kafka-1,22.08%,555.1MiB / 1.5GiB
1790667791,payflow-keycloak-1,0.19%,739.7MiB / 10.7GiB
1790667791,payflow-settlement-rail-1,9.26%,41.46MiB / 256MiB
1790667791,payflow-tempo-1,1.05%,752.9MiB / 1.5GiB
1790667791,payflow-grafana-1,1.14%,331MiB / 512MiB
1790667791,payflow-prometheus-1,0.45%,77.91MiB / 1GiB
1790667791,k3d-tiny-url-serverlb,0.00%,25.91MiB / 10.7GiB
1790667791,k3d-tiny-url-server-0,9.42%,1.036GiB / 10.7GiB
1790667803,vigorous_raman,4.35%,24.84MiB / 10.7GiB
1790667803,payflow-payflow-1,69.95%,559.2MiB / 1.5GiB
1790667803,payflow-postgres-exporter-1,0.00%,7.836MiB / 128MiB
1790667803,payflow-postgres-1,29.64%,212.6MiB / 1GiB
1790667803,payflow-mongo-1,47.06%,209.7MiB / 1GiB
1790667803,payflow-kafka-1,15.78%,558MiB / 1.5GiB
1790667803,payflow-keycloak-1,0.17%,739.7MiB / 10.7GiB
1790667803,payflow-settlement-rail-1,0.83%,31.77MiB / 256MiB
1790667803,payflow-tempo-1,0.23%,754.1MiB / 1.5GiB
1790667803,payflow-grafana-1,0.84%,331MiB / 512MiB
1790667803,payflow-prometheus-1,0.28%,77.93MiB / 1GiB
1790667803,k3d-tiny-url-serverlb,0.00%,25.91MiB / 10.7GiB
1790667803,k3d-tiny-url-server-0,11.00%,1.037GiB / 10.7GiB
1790667816,vigorous_raman,3.82%,24.87MiB / 10.7GiB
1790667816,payflow-payflow-1,85.50%,560MiB / 1.5GiB
1790667816,payflow-postgres-exporter-1,2.08%,8.449MiB / 128MiB
1790667816,payflow-postgres-1,44.66%,214.4MiB / 1GiB
1790667816,payflow-mongo-1,4.96%,209.8MiB / 1GiB
1790667816,payflow-kafka-1,24.05%,560.8MiB / 1.5GiB
1790667816,payflow-keycloak-1,0.20%,739.7MiB / 10.7GiB
1790667816,payflow-settlement-rail-1,1.17%,31.86MiB / 256MiB
1790667816,payflow-tempo-1,0.34%,757MiB / 1.5GiB
1790667816,payflow-grafana-1,1.07%,331MiB / 512MiB
1790667816,payflow-prometheus-1,0.57%,78.41MiB / 1GiB
1790667816,k3d-tiny-url-serverlb,0.01%,25.91MiB / 10.7GiB
1790667816,k3d-tiny-url-server-0,12.06%,1.041GiB / 10.7GiB
1790667828,vigorous_raman,4.10%,24.94MiB / 10.7GiB
1790667828,payflow-payflow-1,101.74%,559.2MiB / 1.5GiB
1790667828,payflow-postgres-exporter-1,0.00%,8.895MiB / 128MiB
1790667828,payflow-postgres-1,31.16%,220.4MiB / 1GiB
1790667828,payflow-mongo-1,4.58%,213MiB / 1GiB
1790667828,payflow-kafka-1,19.61%,563.5MiB / 1.5GiB
1790667828,payflow-keycloak-1,0.23%,739.7MiB / 10.7GiB
1790667828,payflow-settlement-rail-1,0.88%,32.77MiB / 256MiB
1790667828,payflow-tempo-1,0.25%,758.6MiB / 1.5GiB
1790667828,payflow-grafana-1,1.14%,331MiB / 512MiB
1790667828,payflow-prometheus-1,1.20%,78.45MiB / 1GiB
1790667828,k3d-tiny-url-serverlb,0.00%,25.91MiB / 10.7GiB
1790667828,k3d-tiny-url-server-0,8.32%,1.039GiB / 10.7GiB
1790667840,vigorous_raman,3.46%,25.12MiB / 10.7GiB
1790667840,payflow-payflow-1,77.43%,559.8MiB / 1.5GiB
1790667840,payflow-postgres-exporter-1,0.00%,8.238MiB / 128MiB
1790667840,payflow-postgres-1,30.41%,227.3MiB / 1GiB
1790667840,payflow-mongo-1,3.73%,213.3MiB / 1GiB
1790667840,payflow-kafka-1,117.25%,565.7MiB / 1.5GiB
1790667840,payflow-keycloak-1,0.19%,739.6MiB / 10.7GiB
1790667840,payflow-settlement-rail-1,0.98%,32.68MiB / 256MiB
1790667840,payflow-tempo-1,0.30%,693.2MiB / 1.5GiB
1790667840,payflow-grafana-1,0.89%,331MiB / 512MiB
1790667840,payflow-prometheus-1,0.77%,78.45MiB / 1GiB
1790667840,k3d-tiny-url-serverlb,0.00%,25.91MiB / 10.7GiB
1790667840,k3d-tiny-url-server-0,12.31%,1.041GiB / 10.7GiB
1790667852,vigorous_raman,3.39%,25.18MiB / 10.7GiB
1790667852,payflow-payflow-1,100.30%,558.6MiB / 1.5GiB
1790667852,payflow-postgres-exporter-1,0.00%,8.27MiB / 128MiB
1790667852,payflow-postgres-1,37.87%,230.8MiB / 1GiB
1790667852,payflow-mongo-1,4.20%,213.7MiB / 1GiB
1790667852,payflow-kafka-1,119.67%,625.3MiB / 1.5GiB
1790667852,payflow-keycloak-1,0.17%,739.6MiB / 10.7GiB
1790667852,payflow-settlement-rail-1,0.83%,32.12MiB / 256MiB
1790667852,payflow-tempo-1,0.31%,693.8MiB / 1.5GiB
1790667852,payflow-grafana-1,1.46%,331MiB / 512MiB
1790667852,payflow-prometheus-1,0.68%,78.46MiB / 1GiB
1790667852,k3d-tiny-url-serverlb,0.00%,25.91MiB / 10.7GiB
1790667852,k3d-tiny-url-server-0,8.27%,1.042GiB / 10.7GiB
1790667865,vigorous_raman,3.98%,25.21MiB / 10.7GiB
1790667865,payflow-payflow-1,69.87%,558.6MiB / 1.5GiB
1790667865,payflow-postgres-exporter-1,0.00%,7.953MiB / 128MiB
1790667865,payflow-postgres-1,39.01%,231.8MiB / 1GiB
1790667865,payflow-mongo-1,36.50%,213.5MiB / 1GiB
1790667865,payflow-kafka-1,23.04%,571.4MiB / 1.5GiB
1790667865,payflow-keycloak-1,0.20%,739.6MiB / 10.7GiB
1790667865,payflow-settlement-rail-1,1.00%,32.19MiB / 256MiB
1790667865,payflow-tempo-1,4.06%,694.2MiB / 1.5GiB
1790667865,payflow-grafana-1,0.96%,331MiB / 512MiB
1790667865,payflow-prometheus-1,0.80%,78.47MiB / 1GiB
1790667865,k3d-tiny-url-serverlb,0.00%,25.91MiB / 10.7GiB
1790667865,k3d-tiny-url-server-0,9.78%,1.042GiB / 10.7GiB
1790667877,vigorous_raman,3.87%,25.23MiB / 10.7GiB
1790667877,payflow-payflow-1,93.53%,558.7MiB / 1.5GiB
1790667877,payflow-postgres-exporter-1,0.00%,8.25MiB / 128MiB
1790667877,payflow-postgres-1,29.95%,234.5MiB / 1GiB
1790667877,payflow-mongo-1,3.78%,213.5MiB / 1GiB
1790667877,payflow-kafka-1,21.55%,574MiB / 1.5GiB
1790667877,payflow-keycloak-1,0.19%,739.7MiB / 10.7GiB
1790667877,payflow-settlement-rail-1,0.72%,32.23MiB / 256MiB
1790667877,payflow-tempo-1,0.30%,234.7MiB / 1.5GiB
1790667877,payflow-grafana-1,0.98%,331MiB / 512MiB
1790667877,payflow-prometheus-1,0.18%,78.48MiB / 1GiB
1790667877,k3d-tiny-url-serverlb,0.00%,25.91MiB / 10.7GiB
1790667877,k3d-tiny-url-server-0,11.48%,1.043GiB / 10.7GiB
1790667889,vigorous_raman,4.38%,25.24MiB / 10.7GiB
1790667889,payflow-payflow-1,95.11%,558.9MiB / 1.5GiB
1790667889,payflow-postgres-exporter-1,0.00%,8.102MiB / 128MiB
1790667889,payflow-postgres-1,34.56%,240.4MiB / 1GiB
1790667889,payflow-mongo-1,4.12%,213.5MiB / 1GiB
1790667889,payflow-kafka-1,19.60%,576.9MiB / 1.5GiB
1790667889,payflow-keycloak-1,0.18%,739.7MiB / 10.7GiB
1790667889,payflow-settlement-rail-1,0.94%,32.48MiB / 256MiB
1790667889,payflow-tempo-1,1.05%,160.2MiB / 1.5GiB
1790667889,payflow-grafana-1,1.06%,331MiB / 512MiB
1790667889,payflow-prometheus-1,0.32%,78.48MiB / 1GiB
1790667889,k3d-tiny-url-serverlb,0.00%,25.91MiB / 10.7GiB
1790667889,k3d-tiny-url-server-0,13.68%,1.042GiB / 10.7GiB
1790667901,vigorous_raman,4.25%,25.25MiB / 10.7GiB
1790667901,payflow-payflow-1,84.89%,559MiB / 1.5GiB
1790667901,payflow-postgres-exporter-1,0.00%,8.332MiB / 128MiB
1790667901,payflow-postgres-1,33.78%,244.1MiB / 1GiB
1790667901,payflow-mongo-1,4.43%,213.5MiB / 1GiB
1790667901,payflow-kafka-1,21.49%,579.7MiB / 1.5GiB
1790667901,payflow-keycloak-1,0.24%,739.6MiB / 10.7GiB
1790667901,payflow-settlement-rail-1,0.74%,32.37MiB / 256MiB
1790667901,payflow-tempo-1,0.35%,152.9MiB / 1.5GiB
1790667901,payflow-grafana-1,1.09%,331MiB / 512MiB
1790667901,payflow-prometheus-1,0.28%,78.49MiB / 1GiB
1790667901,k3d-tiny-url-serverlb,0.00%,25.91MiB / 10.7GiB
1790667901,k3d-tiny-url-server-0,10.34%,1.043GiB / 10.7GiB
1790667913,vigorous_raman,2.90%,25.25MiB / 10.7GiB
1790667913,payflow-payflow-1,86.55%,559.3MiB / 1.5GiB
1790667913,payflow-postgres-exporter-1,0.00%,8.406MiB / 128MiB
1790667913,payflow-postgres-1,25.95%,245.1MiB / 1GiB
1790667913,payflow-mongo-1,46.59%,213.7MiB / 1GiB
1790667913,payflow-kafka-1,107.48%,582.7MiB / 1.5GiB
1790667913,payflow-keycloak-1,0.18%,739.7MiB / 10.7GiB
1790667913,payflow-settlement-rail-1,0.64%,32.44MiB / 256MiB
1790667913,payflow-tempo-1,0.20%,154.8MiB / 1.5GiB
1790667913,payflow-grafana-1,0.67%,331MiB / 512MiB
1790667913,payflow-prometheus-1,0.23%,78.5MiB / 1GiB
1790667913,k3d-tiny-url-serverlb,0.00%,25.91MiB / 10.7GiB
1790667913,k3d-tiny-url-server-0,6.80%,1.042GiB / 10.7GiB
1790667926,vigorous_raman,6.44%,25.25MiB / 10.7GiB
1790667926,payflow-payflow-1,70.72%,559.2MiB / 1.5GiB
1790667926,payflow-postgres-exporter-1,1.43%,8.027MiB / 128MiB
1790667926,payflow-postgres-1,39.26%,245.2MiB / 1GiB
1790667926,payflow-mongo-1,4.36%,213.6MiB / 1GiB
1790667926,payflow-kafka-1,139.68%,659.1MiB / 1.5GiB
1790667926,payflow-keycloak-1,0.18%,739.7MiB / 10.7GiB
1790667926,payflow-settlement-rail-1,0.81%,32.48MiB / 256MiB
1790667926,payflow-tempo-1,2.17%,153MiB / 1.5GiB
1790667926,payflow-grafana-1,0.89%,331MiB / 512MiB
1790667926,payflow-prometheus-1,0.54%,78.5MiB / 1GiB
1790667926,k3d-tiny-url-serverlb,0.00%,25.91MiB / 10.7GiB
1790667926,k3d-tiny-url-server-0,10.13%,1.043GiB / 10.7GiB
1790667938,vigorous_raman,4.07%,25.84MiB / 10.7GiB
1790667938,payflow-payflow-1,78.08%,559.7MiB / 1.5GiB
1790667938,payflow-postgres-exporter-1,0.00%,9.066MiB / 128MiB
1790667938,payflow-postgres-1,36.67%,246MiB / 1GiB
1790667938,payflow-mongo-1,4.75%,213.7MiB / 1GiB
1790667938,payflow-kafka-1,18.65%,588.5MiB / 1.5GiB
1790667938,payflow-keycloak-1,0.21%,739.8MiB / 10.7GiB
1790667938,payflow-settlement-rail-1,0.87%,32.54MiB / 256MiB
1790667938,payflow-tempo-1,0.34%,150.6MiB / 1.5GiB
1790667938,payflow-grafana-1,1.40%,331MiB / 512MiB
1790667938,payflow-prometheus-1,0.75%,78.66MiB / 1GiB
1790667938,k3d-tiny-url-serverlb,0.00%,25.91MiB / 10.7GiB
1790667938,k3d-tiny-url-server-0,11.88%,1.042GiB / 10.7GiB
1790667950,vigorous_raman,4.49%,25.86MiB / 10.7GiB
1790667950,payflow-payflow-1,88.25%,559.4MiB / 1.5GiB
1790667950,payflow-postgres-exporter-1,0.00%,7.75MiB / 128MiB
1790667950,payflow-postgres-1,35.26%,246.5MiB / 1GiB
1790667950,payflow-mongo-1,4.19%,213.8MiB / 1GiB
1790667950,payflow-kafka-1,19.74%,590.4MiB / 1.5GiB
1790667950,payflow-keycloak-1,0.20%,739.8MiB / 10.7GiB
1790667950,payflow-settlement-rail-1,0.73%,37.24MiB / 256MiB
1790667950,payflow-tempo-1,0.35%,150.8MiB / 1.5GiB
1790667950,payflow-grafana-1,1.08%,331MiB / 512MiB
1790667950,payflow-prometheus-1,0.83%,78.66MiB / 1GiB
1790667950,k3d-tiny-url-serverlb,0.00%,25.91MiB / 10.7GiB
1790667950,k3d-tiny-url-server-0,14.80%,1.042GiB / 10.7GiB
1790667962,vigorous_raman,4.14%,25.95MiB / 10.7GiB
1790667962,payflow-payflow-1,86.92%,559.5MiB / 1.5GiB
1790667962,payflow-postgres-exporter-1,0.00%,8.113MiB / 128MiB
1790667962,payflow-postgres-1,36.49%,246.9MiB / 1GiB
1790667962,payflow-mongo-1,6.71%,216.7MiB / 1GiB
1790667962,payflow-kafka-1,22.08%,592.4MiB / 1.5GiB
1790667962,payflow-keycloak-1,0.22%,739.7MiB / 10.7GiB
1790667962,payflow-settlement-rail-1,1.00%,32.68MiB / 256MiB
1790667962,payflow-tempo-1,0.38%,153.2MiB / 1.5GiB
1790667962,payflow-grafana-1,0.93%,331MiB / 512MiB
1790667962,payflow-prometheus-1,0.80%,78.68MiB / 1GiB
1790667962,k3d-tiny-url-serverlb,0.00%,25.91MiB / 10.7GiB
1790667962,k3d-tiny-url-server-0,9.63%,1.045GiB / 10.7GiB
1790667974,vigorous_raman,3.72%,25.99MiB / 10.7GiB
1790667974,payflow-payflow-1,65.42%,559.9MiB / 1.5GiB
1790667974,payflow-postgres-exporter-1,0.00%,9.023MiB / 128MiB
1790667974,payflow-postgres-1,31.23%,251.6MiB / 1GiB
1790667974,payflow-mongo-1,30.15%,215.4MiB / 1GiB
1790667974,payflow-kafka-1,18.41%,594.2MiB / 1.5GiB
1790667974,payflow-keycloak-1,0.18%,739.7MiB / 10.7GiB
1790667974,payflow-settlement-rail-1,0.68%,32.73MiB / 256MiB
1790667974,payflow-tempo-1,2.72%,153.4MiB / 1.5GiB
1790667974,payflow-grafana-1,0.89%,331MiB / 512MiB
1790667974,payflow-prometheus-1,0.66%,78.68MiB / 1GiB
1790667974,k3d-tiny-url-serverlb,0.00%,25.91MiB / 10.7GiB
1790667974,k3d-tiny-url-server-0,10.90%,1.044GiB / 10.7GiB
1790667987,vigorous_raman,3.37%,26MiB / 10.7GiB
1790667987,payflow-payflow-1,85.64%,559.9MiB / 1.5GiB
1790667987,payflow-postgres-exporter-1,0.00%,8.398MiB / 128MiB
1790667987,payflow-postgres-1,30.15%,251.5MiB / 1GiB
1790667987,payflow-mongo-1,3.84%,215.4MiB / 1GiB
1790667987,payflow-kafka-1,85.02%,596.1MiB / 1.5GiB
1790667987,payflow-keycloak-1,0.74%,739.8MiB / 10.7GiB
1790667987,payflow-settlement-rail-1,0.78%,32.79MiB / 256MiB
1790667987,payflow-tempo-1,0.75%,153.7MiB / 1.5GiB
1790667987,payflow-grafana-1,0.87%,331MiB / 512MiB
1790667987,payflow-prometheus-1,0.17%,78.68MiB / 1GiB
1790667987,k3d-tiny-url-serverlb,0.00%,25.91MiB / 10.7GiB
1790667987,k3d-tiny-url-server-0,7.80%,1.044GiB / 10.7GiB
1790667999,vigorous_raman,3.90%,26.02MiB / 10.7GiB
1790667999,payflow-payflow-1,65.36%,559.7MiB / 1.5GiB
1790667999,payflow-postgres-exporter-1,0.00%,8.066MiB / 128MiB
1790667999,payflow-postgres-1,32.29%,251.8MiB / 1GiB
1790667999,payflow-mongo-1,3.98%,215.4MiB / 1GiB
1790667999,payflow-kafka-1,151.90%,673.9MiB / 1.5GiB
1790667999,payflow-keycloak-1,0.14%,739.8MiB / 10.7GiB
1790667999,payflow-settlement-rail-1,0.85%,32.86MiB / 256MiB
1790667999,payflow-tempo-1,0.21%,146.5MiB / 1.5GiB
1790667999,payflow-grafana-1,0.81%,331MiB / 512MiB
1790667999,payflow-prometheus-1,0.25%,78.69MiB / 1GiB
1790667999,k3d-tiny-url-serverlb,0.00%,25.91MiB / 10.7GiB
1790667999,k3d-tiny-url-server-0,9.28%,1.043GiB / 10.7GiB
1790668011,vigorous_raman,6.25%,26.12MiB / 10.7GiB
1790668011,payflow-payflow-1,89.02%,559.8MiB / 1.5GiB
1790668011,payflow-postgres-exporter-1,1.01%,8.957MiB / 128MiB
1790668011,payflow-postgres-1,36.54%,251.9MiB / 1GiB
1790668011,payflow-mongo-1,3.81%,216MiB / 1GiB
1790668011,payflow-kafka-1,21.96%,600.4MiB / 1.5GiB
1790668011,payflow-keycloak-1,0.19%,739.8MiB / 10.7GiB
1790668011,payflow-settlement-rail-1,0.84%,32.91MiB / 256MiB
1790668011,payflow-tempo-1,0.31%,148.9MiB / 1.5GiB
1790668011,payflow-grafana-1,0.98%,331MiB / 512MiB
1790668011,payflow-prometheus-1,0.41%,78.7MiB / 1GiB
1790668011,k3d-tiny-url-serverlb,0.00%,25.91MiB / 10.7GiB
1790668011,k3d-tiny-url-server-0,10.89%,1.044GiB / 10.7GiB
1790668023,vigorous_raman,3.15%,26.12MiB / 10.7GiB
1790668023,payflow-payflow-1,70.18%,559.9MiB / 1.5GiB
1790668023,payflow-postgres-exporter-1,0.00%,7.961MiB / 128MiB
1790668023,payflow-postgres-1,25.84%,252.4MiB / 1GiB
1790668023,payflow-mongo-1,47.87%,216.1MiB / 1GiB
1790668023,payflow-kafka-1,17.15%,602MiB / 1.5GiB
1790668023,payflow-keycloak-1,0.19%,740.3MiB / 10.7GiB
1790668023,payflow-settlement-rail-1,0.60%,32.96MiB / 256MiB
1790668023,payflow-tempo-1,0.26%,149.5MiB / 1.5GiB
1790668023,payflow-grafana-1,0.91%,331MiB / 512MiB
1790668023,payflow-prometheus-1,0.31%,78.7MiB / 1GiB
1790668023,k3d-tiny-url-serverlb,0.00%,25.91MiB / 10.7GiB
1790668023,k3d-tiny-url-server-0,10.25%,1.044GiB / 10.7GiB
1790668036,vigorous_raman,4.40%,26.12MiB / 10.7GiB
1790668036,payflow-payflow-1,85.60%,560.2MiB / 1.5GiB
1790668036,payflow-postgres-exporter-1,2.36%,7.711MiB / 128MiB
1790668036,payflow-postgres-1,42.90%,261.9MiB / 1GiB
1790668036,payflow-mongo-1,5.14%,216.7MiB / 1GiB
1790668036,payflow-kafka-1,23.39%,603.9MiB / 1.5GiB
1790668036,payflow-keycloak-1,0.20%,740.3MiB / 10.7GiB
1790668036,payflow-settlement-rail-1,0.77%,33.02MiB / 256MiB
1790668036,payflow-tempo-1,0.27%,150.9MiB / 1.5GiB
1790668036,payflow-grafana-1,1.02%,331MiB / 512MiB
1790668036,payflow-prometheus-1,0.62%,78.71MiB / 1GiB
1790668036,k3d-tiny-url-serverlb,0.00%,25.91MiB / 10.7GiB
1790668036,k3d-tiny-url-server-0,10.72%,1.044GiB / 10.7GiB
1790668048,vigorous_raman,3.72%,26.13MiB / 10.7GiB
1790668048,payflow-payflow-1,110.06%,560.2MiB / 1.5GiB
1790668048,payflow-postgres-exporter-1,0.00%,8.02MiB / 128MiB
1790668048,payflow-postgres-1,33.64%,262.3MiB / 1GiB
1790668048,payflow-mongo-1,4.74%,216.8MiB / 1GiB
1790668048,payflow-kafka-1,23.81%,605.8MiB / 1.5GiB
1790668048,payflow-keycloak-1,0.27%,740.3MiB / 10.7GiB
1790668048,payflow-settlement-rail-1,0.86%,34.21MiB / 256MiB
1790668048,payflow-tempo-1,0.38%,147MiB / 1.5GiB
1790668048,payflow-grafana-1,1.32%,331MiB / 512MiB
1790668048,payflow-prometheus-1,1.02%,78.71MiB / 1GiB
1790668048,k3d-tiny-url-serverlb,0.00%,25.91MiB / 10.7GiB
1790668048,k3d-tiny-url-server-0,9.95%,1.044GiB / 10.7GiB
1790668060,vigorous_raman,4.40%,26.13MiB / 10.7GiB
1790668060,payflow-payflow-1,92.74%,560.2MiB / 1.5GiB
1790668060,payflow-postgres-exporter-1,0.00%,8.707MiB / 128MiB
1790668060,payflow-postgres-1,36.82%,262.6MiB / 1GiB
1790668060,payflow-mongo-1,4.29%,216.5MiB / 1GiB
1790668060,payflow-kafka-1,92.72%,615.6MiB / 1.5GiB
1790668060,payflow-keycloak-1,0.18%,740.3MiB / 10.7GiB
1790668060,payflow-settlement-rail-1,0.82%,33.13MiB / 256MiB
1790668060,payflow-tempo-1,1.07%,141.9MiB / 1.5GiB
1790668060,payflow-grafana-1,1.12%,331MiB / 512MiB
1790668060,payflow-prometheus-1,0.56%,78.81MiB / 1GiB
1790668060,k3d-tiny-url-serverlb,0.00%,25.91MiB / 10.7GiB
1790668060,k3d-tiny-url-server-0,8.53%,1.043GiB / 10.7GiB
1790668072,vigorous_raman,4.61%,27.28MiB / 10.7GiB
1790668072,payflow-payflow-1,72.20%,559.8MiB / 1.5GiB
1790668072,payflow-postgres-exporter-1,0.00%,8.504MiB / 128MiB
1790668072,payflow-postgres-1,29.31%,262.9MiB / 1GiB
1790668072,payflow-mongo-1,4.43%,216.5MiB / 1GiB
1790668072,payflow-kafka-1,145.28%,685.9MiB / 1.5GiB
1790668072,payflow-keycloak-1,0.19%,740.3MiB / 10.7GiB
1790668072,payflow-settlement-rail-1,0.78%,33.2MiB / 256MiB
1790668072,payflow-tempo-1,0.21%,148.1MiB / 1.5GiB
1790668072,payflow-grafana-1,0.81%,330.9MiB / 512MiB
1790668072,payflow-prometheus-1,0.15%,78.84MiB / 1GiB
1790668072,k3d-tiny-url-serverlb,0.00%,25.91MiB / 10.7GiB
1790668072,k3d-tiny-url-server-0,7.38%,1.044GiB / 10.7GiB
1790668084,vigorous_raman,3.37%,27.28MiB / 10.7GiB
1790668084,payflow-payflow-1,90.49%,560MiB / 1.5GiB
1790668084,payflow-postgres-exporter-1,0.00%,8.5MiB / 128MiB
1790668084,payflow-postgres-1,32.78%,263MiB / 1GiB
1790668084,payflow-mongo-1,45.87%,216.6MiB / 1GiB
1790668084,payflow-kafka-1,19.54%,611.7MiB / 1.5GiB
1790668084,payflow-keycloak-1,0.17%,740.2MiB / 10.7GiB
1790668084,payflow-settlement-rail-1,0.77%,33.27MiB / 256MiB
1790668084,payflow-tempo-1,4.04%,145.7MiB / 1.5GiB
1790668084,payflow-grafana-1,0.73%,330.9MiB / 512MiB
1790668084,payflow-prometheus-1,0.82%,78.85MiB / 1GiB
1790668084,k3d-tiny-url-serverlb,0.00%,25.91MiB / 10.7GiB
1790668084,k3d-tiny-url-server-0,9.72%,1.044GiB / 10.7GiB
1790668097,vigorous_raman,3.85%,27.29MiB / 10.7GiB
1790668097,payflow-payflow-1,93.44%,560MiB / 1.5GiB
1790668097,payflow-postgres-exporter-1,0.00%,8.465MiB / 128MiB
1790668097,payflow-postgres-1,35.24%,295.8MiB / 1GiB
1790668097,payflow-mongo-1,4.16%,216.6MiB / 1GiB
1790668097,payflow-kafka-1,19.49%,613.9MiB / 1.5GiB
1790668097,payflow-keycloak-1,0.20%,740.2MiB / 10.7GiB
1790668097,payflow-settlement-rail-1,0.79%,33.33MiB / 256MiB
1790668097,payflow-tempo-1,0.59%,146MiB / 1.5GiB
1790668097,payflow-grafana-1,0.99%,330.9MiB / 512MiB
1790668097,payflow-prometheus-1,0.18%,78.85MiB / 1GiB
1790668097,k3d-tiny-url-serverlb,0.00%,25.91MiB / 10.7GiB
1790668097,k3d-tiny-url-server-0,10.20%,1.044GiB / 10.7GiB
1790668109,vigorous_raman,6.92%,27.29MiB / 10.7GiB
1790668109,payflow-payflow-1,70.25%,560.1MiB / 1.5GiB
1790668109,payflow-postgres-exporter-1,0.00%,8.434MiB / 128MiB
1790668109,payflow-postgres-1,32.34%,295.6MiB / 1GiB
1790668109,payflow-mongo-1,4.03%,216.6MiB / 1GiB
1790668109,payflow-kafka-1,21.49%,615.5MiB / 1.5GiB
1790668109,payflow-keycloak-1,0.23%,740.4MiB / 10.7GiB
1790668109,payflow-settlement-rail-1,0.74%,33.36MiB / 256MiB
1790668109,payflow-tempo-1,0.36%,142.6MiB / 1.5GiB
1790668109,payflow-grafana-1,1.24%,330.9MiB / 512MiB
1790668109,payflow-prometheus-1,0.37%,78.86MiB / 1GiB
1790668109,k3d-tiny-url-serverlb,0.00%,25.91MiB / 10.7GiB
1790668109,k3d-tiny-url-server-0,13.06%,1.044GiB / 10.7GiB
1790668121,vigorous_raman,4.56%,27.29MiB / 10.7GiB
1790668121,payflow-payflow-1,84.51%,560.2MiB / 1.5GiB
1790668121,payflow-postgres-exporter-1,1.66%,7.891MiB / 128MiB
1790668121,payflow-postgres-1,45.97%,295.9MiB / 1GiB
1790668121,payflow-mongo-1,4.85%,217MiB / 1GiB
1790668121,payflow-kafka-1,24.13%,617.5MiB / 1.5GiB
1790668121,payflow-keycloak-1,0.25%,742.6MiB / 10.7GiB
1790668121,payflow-settlement-rail-1,0.77%,33.43MiB / 256MiB
1790668121,payflow-tempo-1,0.35%,144.7MiB / 1.5GiB
1790668121,payflow-grafana-1,1.28%,330.9MiB / 512MiB
1790668121,payflow-prometheus-1,0.55%,78.86MiB / 1GiB
1790668121,k3d-tiny-url-serverlb,0.00%,25.91MiB / 10.7GiB
1790668121,k3d-tiny-url-server-0,13.42%,1.044GiB / 10.7GiB
1790668133,vigorous_raman,3.16%,27.29MiB / 10.7GiB
1790668133,payflow-payflow-1,82.58%,560.2MiB / 1.5GiB
1790668133,payflow-postgres-exporter-1,0.00%,8.547MiB / 128MiB
1790668133,payflow-postgres-1,25.95%,296.1MiB / 1GiB
1790668133,payflow-mongo-1,34.63%,364.1MiB / 1GiB
1790668133,payflow-kafka-1,139.90%,688.3MiB / 1.5GiB
1790668133,payflow-keycloak-1,0.17%,742.6MiB / 10.7GiB
1790668133,payflow-settlement-rail-1,0.74%,35.51MiB / 256MiB
1790668133,payflow-tempo-1,0.90%,140.7MiB / 1.5GiB
1790668133,payflow-grafana-1,0.81%,330.9MiB / 512MiB
1790668133,payflow-prometheus-1,0.88%,78.87MiB / 1GiB
1790668133,k3d-tiny-url-serverlb,0.00%,25.91MiB / 10.7GiB
1790668133,k3d-tiny-url-server-0,8.83%,1.044GiB / 10.7GiB
1790668145,vigorous_raman,3.86%,27.3MiB / 10.7GiB
1790668145,payflow-payflow-1,98.39%,560.7MiB / 1.5GiB
1790668145,payflow-postgres-exporter-1,1.99%,8.543MiB / 128MiB
1790668145,payflow-postgres-1,40.45%,299.6MiB / 1GiB
1790668145,payflow-mongo-1,47.10%,372.8MiB / 1GiB
1790668145,payflow-kafka-1,75.02%,655.8MiB / 1.5GiB
1790668145,payflow-keycloak-1,0.20%,742.6MiB / 10.7GiB
1790668145,payflow-settlement-rail-1,1.12%,33.91MiB / 256MiB
1790668145,payflow-tempo-1,1.85%,144.9MiB / 1.5GiB
1790668145,payflow-grafana-1,0.86%,330.9MiB / 512MiB
1790668145,payflow-prometheus-1,2.32%,78.88MiB / 1GiB
1790668145,k3d-tiny-url-serverlb,0.00%,25.91MiB / 10.7GiB
1790668145,k3d-tiny-url-server-0,9.03%,1.044GiB / 10.7GiB
1790668158,vigorous_raman,3.68%,27.3MiB / 10.7GiB
1790668158,payflow-payflow-1,108.35%,560.9MiB / 1.5GiB
1790668158,payflow-postgres-exporter-1,0.00%,8.785MiB / 128MiB
1790668158,payflow-postgres-1,36.39%,309.7MiB / 1GiB
1790668158,payflow-mongo-1,3.67%,216.8MiB / 1GiB
1790668158,payflow-kafka-1,22.08%,623.2MiB / 1.5GiB
1790668158,payflow-keycloak-1,0.30%,742.6MiB / 10.7GiB
1790668158,payflow-settlement-rail-1,0.60%,33.95MiB / 256MiB
1790668158,payflow-tempo-1,1.66%,143MiB / 1.5GiB
1790668158,payflow-grafana-1,1.41%,330.9MiB / 512MiB
1790668158,payflow-prometheus-1,1.00%,78.88MiB / 1GiB
1790668158,k3d-tiny-url-serverlb,0.00%,25.91MiB / 10.7GiB
1790668158,k3d-tiny-url-server-0,13.87%,1.043GiB / 10.7GiB
1790668170,vigorous_raman,4.91%,27.3MiB / 10.7GiB
1790668170,payflow-payflow-1,105.63%,560.5MiB / 1.5GiB
1790668170,payflow-postgres-exporter-1,0.70%,8.602MiB / 128MiB
1790668170,payflow-postgres-1,50.70%,312.3MiB / 1GiB
1790668170,payflow-mongo-1,5.43%,216.8MiB / 1GiB
1790668170,payflow-kafka-1,30.92%,625.2MiB / 1.5GiB
1790668170,payflow-keycloak-1,0.39%,742.6MiB / 10.7GiB
1790668170,payflow-settlement-rail-1,1.11%,34.08MiB / 256MiB
1790668170,payflow-tempo-1,0.36%,144.2MiB / 1.5GiB
1790668170,payflow-grafana-1,1.59%,330.9MiB / 512MiB
1790668170,payflow-prometheus-1,1.18%,79.45MiB / 1GiB
1790668170,k3d-tiny-url-serverlb,0.01%,25.91MiB / 10.7GiB
1790668170,k3d-tiny-url-server-0,53.28%,1.044GiB / 10.7GiB
1790668182,vigorous_raman,4.23%,27.3MiB / 10.7GiB
1790668182,payflow-payflow-1,106.38%,560.7MiB / 1.5GiB
1790668182,payflow-postgres-exporter-1,0.00%,8.402MiB / 128MiB
1790668182,payflow-postgres-1,40.55%,317.7MiB / 1GiB
1790668182,payflow-mongo-1,6.43%,216.8MiB / 1GiB
1790668182,payflow-kafka-1,24.18%,627.1MiB / 1.5GiB
1790668182,payflow-keycloak-1,0.22%,742.6MiB / 10.7GiB
1790668182,payflow-settlement-rail-1,0.78%,34.09MiB / 256MiB
1790668182,payflow-tempo-1,0.35%,144.8MiB / 1.5GiB
1790668182,payflow-grafana-1,2.64%,330.9MiB / 512MiB
1790668182,payflow-prometheus-1,0.63%,79.47MiB / 1GiB
1790668182,k3d-tiny-url-serverlb,0.00%,25.91MiB / 10.7GiB
1790668182,k3d-tiny-url-server-0,16.53%,1.044GiB / 10.7GiB
1790668195,vigorous_raman,6.74%,27.31MiB / 10.7GiB
1790668195,payflow-payflow-1,69.11%,560.6MiB / 1.5GiB
1790668195,payflow-postgres-exporter-1,0.00%,8.285MiB / 128MiB
1790668195,payflow-postgres-1,33.60%,318.1MiB / 1GiB
1790668195,payflow-mongo-1,50.69%,216.8MiB / 1GiB
1790668195,payflow-kafka-1,21.60%,629.1MiB / 1.5GiB
1790668195,payflow-keycloak-1,0.23%,742.6MiB / 10.7GiB
1790668195,payflow-settlement-rail-1,0.78%,34.15MiB / 256MiB
1790668195,payflow-tempo-1,5.40%,146.4MiB / 1.5GiB
1790668195,payflow-grafana-1,0.91%,330.9MiB / 512MiB
1790668195,payflow-prometheus-1,1.90%,79.48MiB / 1GiB
1790668195,k3d-tiny-url-serverlb,0.00%,25.91MiB / 10.7GiB
1790668195,k3d-tiny-url-server-0,10.22%,1.044GiB / 10.7GiB
1790668207,vigorous_raman,3.12%,27.32MiB / 10.7GiB
1790668207,payflow-payflow-1,66.71%,560.7MiB / 1.5GiB
1790668207,payflow-postgres-exporter-1,1.50%,8.293MiB / 128MiB
1790668207,payflow-postgres-1,33.10%,318.1MiB / 1GiB
1790668207,payflow-mongo-1,4.34%,217.1MiB / 1GiB
1790668207,payflow-kafka-1,189.91%,740.8MiB / 1.5GiB
1790668207,payflow-keycloak-1,0.18%,742.5MiB / 10.7GiB
1790668207,payflow-settlement-rail-1,0.72%,34.2MiB / 256MiB
1790668207,payflow-tempo-1,0.20%,143.3MiB / 1.5GiB
1790668207,payflow-grafana-1,5.31%,330.9MiB / 512MiB
1790668207,payflow-prometheus-1,0.18%,79.49MiB / 1GiB
1790668207,k3d-tiny-url-serverlb,0.00%,25.91MiB / 10.7GiB
1790668207,k3d-tiny-url-server-0,9.37%,1.044GiB / 10.7GiB
1790668219,vigorous_raman,4.18%,27.32MiB / 10.7GiB
1790668219,payflow-payflow-1,83.71%,560.7MiB / 1.5GiB
1790668219,payflow-postgres-exporter-1,0.00%,8.84MiB / 128MiB
1790668219,payflow-postgres-1,36.26%,332.8MiB / 1GiB
1790668219,payflow-mongo-1,4.76%,217.2MiB / 1GiB
1790668219,payflow-kafka-1,49.81%,637.9MiB / 1.5GiB
1790668219,payflow-keycloak-1,0.24%,742.5MiB / 10.7GiB
1790668219,payflow-settlement-rail-1,0.75%,34.27MiB / 256MiB
1790668219,payflow-tempo-1,1.15%,143.5MiB / 1.5GiB
1790668219,payflow-grafana-1,1.23%,330.9MiB / 512MiB
1790668219,payflow-prometheus-1,0.44%,79.48MiB / 1GiB
1790668219,k3d-tiny-url-serverlb,0.00%,25.91MiB / 10.7GiB
1790668219,k3d-tiny-url-server-0,9.61%,1.044GiB / 10.7GiB
1790668231,vigorous_raman,4.62%,27.32MiB / 10.7GiB
1790668231,payflow-payflow-1,86.66%,560.7MiB / 1.5GiB
1790668231,payflow-postgres-exporter-1,0.00%,9.027MiB / 128MiB
1790668231,payflow-postgres-1,39.59%,332.9MiB / 1GiB
1790668231,payflow-mongo-1,4.28%,217.3MiB / 1GiB
1790668231,payflow-kafka-1,19.78%,634.8MiB / 1.5GiB
1790668231,payflow-keycloak-1,0.27%,742.6MiB / 10.7GiB
1790668231,payflow-settlement-rail-1,0.62%,34.32MiB / 256MiB
1790668231,payflow-tempo-1,0.88%,144.5MiB / 1.5GiB
1790668231,payflow-grafana-1,1.17%,330.9MiB / 512MiB
1790668231,payflow-prometheus-1,0.25%,79.49MiB / 1GiB
1790668231,k3d-tiny-url-serverlb,0.00%,25.91MiB / 10.7GiB
1790668231,k3d-tiny-url-server-0,12.94%,1.045GiB / 10.7GiB
1790668244,vigorous_raman,3.57%,28.59MiB / 10.7GiB
1790668244,payflow-payflow-1,64.47%,560.7MiB / 1.5GiB
1790668244,payflow-postgres-exporter-1,0.00%,8.625MiB / 128MiB
1790668244,payflow-postgres-1,31.29%,338.2MiB / 1GiB
1790668244,payflow-mongo-1,48.06%,217.3MiB / 1GiB
1790668244,payflow-kafka-1,16.68%,636.7MiB / 1.5GiB
1790668244,payflow-keycloak-1,0.19%,742.6MiB / 10.7GiB
1790668244,payflow-settlement-rail-1,0.70%,36.12MiB / 256MiB
1790668244,payflow-tempo-1,0.27%,145.5MiB / 1.5GiB
1790668244,payflow-grafana-1,0.91%,330.9MiB / 512MiB
1790668244,payflow-prometheus-1,0.30%,79.5MiB / 1GiB
1790668244,k3d-tiny-url-serverlb,0.00%,25.91MiB / 10.7GiB
1790668244,k3d-tiny-url-server-0,8.37%,1.044GiB / 10.7GiB
1790668256,vigorous_raman,4.13%,28.22MiB / 10.7GiB
1790668256,payflow-payflow-1,78.71%,560.8MiB / 1.5GiB
1790668256,payflow-postgres-exporter-1,1.79%,8.98MiB / 128MiB
1790668256,payflow-postgres-1,43.12%,339MiB / 1GiB
1790668256,payflow-mongo-1,5.01%,217.3MiB / 1GiB
1790668256,payflow-kafka-1,20.41%,638.9MiB / 1.5GiB
1790668256,payflow-keycloak-1,5.06%,742.6MiB / 10.7GiB
1790668256,payflow-settlement-rail-1,0.94%,34.44MiB / 256MiB
1790668256,payflow-tempo-1,0.92%,141.6MiB / 1.5GiB
1790668256,payflow-grafana-1,0.96%,330.9MiB / 512MiB
1790668256,payflow-prometheus-1,0.54%,79.5MiB / 1GiB
1790668256,k3d-tiny-url-serverlb,0.00%,25.91MiB / 10.7GiB
1790668256,k3d-tiny-url-server-0,11.80%,1.045GiB / 10.7GiB
1790668268,vigorous_raman,2.99%,28.23MiB / 10.7GiB
1790668268,payflow-payflow-1,96.52%,560.7MiB / 1.5GiB
1790668268,payflow-postgres-exporter-1,0.00%,8.594MiB / 128MiB
1790668268,payflow-postgres-1,49.95%,342.2MiB / 1GiB
1790668268,payflow-mongo-1,4.48%,217.6MiB / 1GiB
1790668268,payflow-kafka-1,20.92%,640.5MiB / 1.5GiB
1790668268,payflow-keycloak-1,0.18%,743.2MiB / 10.7GiB
1790668268,payflow-settlement-rail-1,0.84%,34.49MiB / 256MiB
1790668268,payflow-tempo-1,0.43%,143.5MiB / 1.5GiB
1790668268,payflow-grafana-1,1.27%,330.9MiB / 512MiB
1790668268,payflow-prometheus-1,0.71%,79.5MiB / 1GiB
1790668268,k3d-tiny-url-serverlb,0.00%,25.91MiB / 10.7GiB
1790668268,k3d-tiny-url-server-0,11.29%,1.044GiB / 10.7GiB
1790668280,vigorous_raman,4.55%,28.23MiB / 10.7GiB
1790668280,payflow-payflow-1,78.77%,560.8MiB / 1.5GiB
1790668280,payflow-postgres-exporter-1,1.80%,8.324MiB / 128MiB
1790668280,payflow-postgres-1,31.45%,369.7MiB / 1GiB
1790668280,payflow-mongo-1,3.68%,218.2MiB / 1GiB
1790668280,payflow-kafka-1,187.50%,736.3MiB / 1.5GiB
1790668280,payflow-keycloak-1,0.17%,743.2MiB / 10.7GiB
1790668280,payflow-settlement-rail-1,0.63%,34.55MiB / 256MiB
1790668280,payflow-tempo-1,0.23%,145.8MiB / 1.5GiB
1790668280,payflow-grafana-1,0.80%,330.9MiB / 512MiB
1790668280,payflow-prometheus-1,0.99%,79.51MiB / 1GiB
1790668280,k3d-tiny-url-serverlb,0.00%,25.91MiB / 10.7GiB
1790668280,k3d-tiny-url-server-0,9.97%,1.044GiB / 10.7GiB
1790668292,vigorous_raman,7.64%,28.22MiB / 10.7GiB
1790668292,payflow-payflow-1,91.82%,561.1MiB / 1.5GiB
1790668292,payflow-postgres-exporter-1,0.00%,8.469MiB / 128MiB
1790668292,payflow-postgres-1,37.45%,370MiB / 1GiB
1790668292,payflow-mongo-1,9.56%,263.6MiB / 1GiB
1790668292,payflow-kafka-1,22.89%,647MiB / 1.5GiB
1790668292,payflow-keycloak-1,0.21%,743.3MiB / 10.7GiB
1790668292,payflow-settlement-rail-1,0.90%,34.62MiB / 256MiB
1790668292,payflow-tempo-1,0.96%,141.6MiB / 1.5GiB
1790668292,payflow-grafana-1,1.05%,330.9MiB / 512MiB
1790668292,payflow-prometheus-1,0.64%,80.23MiB / 1GiB
1790668292,k3d-tiny-url-serverlb,0.00%,25.91MiB / 10.7GiB
1790668292,k3d-tiny-url-server-0,8.38%,1.045GiB / 10.7GiB
1790668305,vigorous_raman,4.44%,28.23MiB / 10.7GiB
1790668305,payflow-payflow-1,85.49%,561.3MiB / 1.5GiB
1790668305,payflow-postgres-exporter-1,0.00%,9.074MiB / 128MiB
1790668305,payflow-postgres-1,41.17%,370.4MiB / 1GiB
1790668305,payflow-mongo-1,15.21%,218.9MiB / 1GiB
1790668305,payflow-kafka-1,32.96%,652.3MiB / 1.5GiB
1790668305,payflow-keycloak-1,0.18%,743.3MiB / 10.7GiB
1790668305,payflow-settlement-rail-1,0.75%,34.66MiB / 256MiB
1790668305,payflow-tempo-1,1.90%,142.6MiB / 1.5GiB
1790668305,payflow-grafana-1,1.43%,330.9MiB / 512MiB
1790668305,payflow-prometheus-1,0.78%,80.24MiB / 1GiB
1790668305,k3d-tiny-url-serverlb,0.00%,25.91MiB / 10.7GiB
1790668305,k3d-tiny-url-server-0,12.44%,1.045GiB / 10.7GiB
1790668317,vigorous_raman,4.61%,28.25MiB / 10.7GiB
1790668317,payflow-payflow-1,71.48%,561.3MiB / 1.5GiB
1790668317,payflow-postgres-exporter-1,0.00%,8.77MiB / 128MiB
1790668317,payflow-postgres-1,32.92%,370.6MiB / 1GiB
1790668317,payflow-mongo-1,3.67%,218.9MiB / 1GiB
1790668317,payflow-kafka-1,19.49%,648.2MiB / 1.5GiB
1790668317,payflow-keycloak-1,0.28%,743.2MiB / 10.7GiB
1790668317,payflow-settlement-rail-1,1.08%,34.9MiB / 256MiB
1790668317,payflow-tempo-1,0.35%,143.2MiB / 1.5GiB
1790668317,payflow-grafana-1,0.95%,330.9MiB / 512MiB
1790668317,payflow-prometheus-1,0.21%,80.24MiB / 1GiB
1790668317,k3d-tiny-url-serverlb,0.00%,25.91MiB / 10.7GiB
1790668317,k3d-tiny-url-server-0,11.48%,1.045GiB / 10.7GiB
1790668329,vigorous_raman,3.33%,28.25MiB / 10.7GiB
1790668329,payflow-payflow-1,68.03%,561.1MiB / 1.5GiB
1790668329,payflow-postgres-exporter-1,0.00%,8.609MiB / 128MiB
1790668329,payflow-postgres-1,116.00%,380.1MiB / 1GiB
1790668329,payflow-mongo-1,3.80%,218.7MiB / 1GiB
1790668329,payflow-kafka-1,20.01%,651.9MiB / 1.5GiB
1790668329,payflow-keycloak-1,0.14%,743.2MiB / 10.7GiB
1790668329,payflow-settlement-rail-1,0.73%,34.77MiB / 256MiB
1790668329,payflow-tempo-1,0.23%,144.6MiB / 1.5GiB
1790668329,payflow-grafana-1,0.85%,330.9MiB / 512MiB
1790668329,payflow-prometheus-1,0.17%,80.25MiB / 1GiB
1790668329,k3d-tiny-url-serverlb,0.00%,25.91MiB / 10.7GiB
1790668329,k3d-tiny-url-server-0,11.68%,1.045GiB / 10.7GiB
1790668341,vigorous_raman,3.80%,28.26MiB / 10.7GiB
1790668341,payflow-payflow-1,76.13%,561.8MiB / 1.5GiB
1790668341,payflow-postgres-exporter-1,0.00%,8.949MiB / 128MiB
1790668341,payflow-postgres-1,33.93%,373.1MiB / 1GiB
1790668341,payflow-mongo-1,4.24%,219.5MiB / 1GiB
1790668341,payflow-kafka-1,54.71%,653.8MiB / 1.5GiB
1790668341,payflow-keycloak-1,0.19%,743.2MiB / 10.7GiB
1790668341,payflow-settlement-rail-1,0.71%,34.83MiB / 256MiB
1790668341,payflow-tempo-1,0.32%,144.4MiB / 1.5GiB
1790668341,payflow-grafana-1,1.01%,330.9MiB / 512MiB
1790668341,payflow-prometheus-1,0.23%,80.25MiB / 1GiB
1790668341,k3d-tiny-url-serverlb,0.00%,25.91MiB / 10.7GiB
1790668341,k3d-tiny-url-server-0,13.07%,1.045GiB / 10.7GiB
1790668354,vigorous_raman,2.96%,28.25MiB / 10.7GiB
1790668354,payflow-payflow-1,61.83%,561.1MiB / 1.5GiB
1790668354,payflow-postgres-exporter-1,0.00%,7.863MiB / 128MiB
1790668354,payflow-postgres-1,31.05%,373.7MiB / 1GiB
1790668354,payflow-mongo-1,49.72%,219.7MiB / 1GiB
1790668354,payflow-kafka-1,182.97%,742.7MiB / 1.5GiB
1790668354,payflow-keycloak-1,0.16%,743.3MiB / 10.7GiB
1790668354,payflow-settlement-rail-1,0.66%,34.88MiB / 256MiB
1790668354,payflow-tempo-1,0.23%,141MiB / 1.5GiB
1790668354,payflow-grafana-1,0.95%,330.9MiB / 512MiB
1790668354,payflow-prometheus-1,0.18%,80.25MiB / 1GiB
1790668354,k3d-tiny-url-serverlb,0.00%,25.91MiB / 10.7GiB
1790668354,k3d-tiny-url-server-0,11.27%,1.046GiB / 10.7GiB
1790668366,vigorous_raman,4.10%,28.27MiB / 10.7GiB
1790668366,payflow-payflow-1,82.46%,561.3MiB / 1.5GiB
1790668366,payflow-postgres-exporter-1,1.55%,8.656MiB / 128MiB
1790668366,payflow-postgres-1,39.61%,373.8MiB / 1GiB
1790668366,payflow-mongo-1,5.23%,219.8MiB / 1GiB
1790668366,payflow-kafka-1,24.17%,658.8MiB / 1.5GiB
1790668366,payflow-keycloak-1,0.19%,743.3MiB / 10.7GiB
1790668366,payflow-settlement-rail-1,0.83%,34.96MiB / 256MiB
1790668366,payflow-tempo-1,1.31%,141.6MiB / 1.5GiB
1790668366,payflow-grafana-1,1.01%,330.9MiB / 512MiB
1790668366,payflow-prometheus-1,0.59%,80.26MiB / 1GiB
1790668366,k3d-tiny-url-serverlb,0.00%,25.91MiB / 10.7GiB
1790668366,k3d-tiny-url-server-0,11.63%,1.045GiB / 10.7GiB
1790668378,vigorous_raman,5.05%,28.29MiB / 10.7GiB
1790668378,payflow-payflow-1,71.98%,561.1MiB / 1.5GiB
1790668378,payflow-postgres-exporter-1,0.00%,8.016MiB / 128MiB
1790668378,payflow-postgres-1,35.59%,374MiB / 1GiB
1790668378,payflow-mongo-1,4.55%,219.8MiB / 1GiB
1790668378,payflow-kafka-1,19.81%,662.3MiB / 1.5GiB
1790668378,payflow-keycloak-1,0.17%,743.2MiB / 10.7GiB
1790668378,payflow-settlement-rail-1,0.72%,35.01MiB / 256MiB
1790668378,payflow-tempo-1,0.27%,144.1MiB / 1.5GiB
1790668378,payflow-grafana-1,1.44%,330.9MiB / 512MiB
1790668378,payflow-prometheus-1,0.66%,80.26MiB / 1GiB
1790668378,k3d-tiny-url-serverlb,0.00%,25.91MiB / 10.7GiB
1790668378,k3d-tiny-url-server-0,8.80%,1.045GiB / 10.7GiB
1790668390,vigorous_raman,4.73%,28.3MiB / 10.7GiB
1790668390,payflow-payflow-1,89.74%,561.2MiB / 1.5GiB
1790668390,payflow-postgres-exporter-1,1.56%,9.082MiB / 128MiB
1790668390,payflow-postgres-1,71.59%,380.2MiB / 1GiB
1790668390,payflow-mongo-1,4.67%,219.8MiB / 1GiB
1790668390,payflow-kafka-1,22.01%,665.2MiB / 1.5GiB
1790668390,payflow-keycloak-1,0.21%,743.2MiB / 10.7GiB
1790668390,payflow-settlement-rail-1,0.77%,35.08MiB / 256MiB
1790668390,payflow-tempo-1,0.30%,145.1MiB / 1.5GiB
1790668390,payflow-grafana-1,0.97%,330.9MiB / 512MiB
1790668390,payflow-prometheus-1,0.45%,80.27MiB / 1GiB
1790668390,k3d-tiny-url-serverlb,0.00%,25.91MiB / 10.7GiB
1790668390,k3d-tiny-url-server-0,10.96%,1.045GiB / 10.7GiB
1790668403,vigorous_raman,3.05%,28.3MiB / 10.7GiB
1790668403,payflow-payflow-1,63.15%,561.4MiB / 1.5GiB
1790668403,payflow-postgres-exporter-1,0.01%,8.566MiB / 128MiB
1790668403,payflow-postgres-1,27.03%,380.5MiB / 1GiB
1790668403,payflow-mongo-1,43.81%,222.2MiB / 1GiB
1790668403,payflow-kafka-1,16.45%,667.1MiB / 1.5GiB
1790668403,payflow-keycloak-1,0.17%,743.2MiB / 10.7GiB
1790668403,payflow-settlement-rail-1,0.79%,35.11MiB / 256MiB
1790668403,payflow-tempo-1,0.22%,145.2MiB / 1.5GiB
1790668403,payflow-grafana-1,0.67%,330.9MiB / 512MiB
1790668403,payflow-prometheus-1,0.85%,80.27MiB / 1GiB
1790668403,k3d-tiny-url-serverlb,0.00%,25.91MiB / 10.7GiB
1790668403,k3d-tiny-url-server-0,9.56%,1.045GiB / 10.7GiB
1790668415,vigorous_raman,3.48%,28.3MiB / 10.7GiB
1790668415,payflow-payflow-1,61.61%,561.6MiB / 1.5GiB
1790668415,payflow-postgres-exporter-1,0.00%,9.469MiB / 128MiB
1790668415,payflow-postgres-1,27.69%,380.7MiB / 1GiB
1790668415,payflow-mongo-1,4.01%,219.6MiB / 1GiB
1790668415,payflow-kafka-1,183.35%,777.8MiB / 1.5GiB
1790668415,payflow-keycloak-1,0.15%,743.3MiB / 10.7GiB
1790668415,payflow-settlement-rail-1,0.64%,35.41MiB / 256MiB
1790668415,payflow-tempo-1,3.06%,143.9MiB / 1.5GiB
1790668415,payflow-grafana-1,0.70%,330.9MiB / 512MiB
1790668415,payflow-prometheus-1,0.79%,80.39MiB / 1GiB
1790668415,k3d-tiny-url-serverlb,0.00%,25.91MiB / 10.7GiB
1790668415,k3d-tiny-url-server-0,7.73%,1.046GiB / 10.7GiB
1790668427,vigorous_raman,6.18%,28.32MiB / 10.7GiB
1790668427,payflow-payflow-1,64.95%,561.3MiB / 1.5GiB
1790668427,payflow-postgres-exporter-1,0.00%,9.188MiB / 128MiB
1790668427,payflow-postgres-1,30.25%,380.9MiB / 1GiB
1790668427,payflow-mongo-1,4.22%,219.6MiB / 1GiB
1790668427,payflow-kafka-1,49.16%,698.8MiB / 1.5GiB
1790668427,payflow-keycloak-1,0.18%,743.3MiB / 10.7GiB
1790668427,payflow-settlement-rail-1,0.73%,35.22MiB / 256MiB
1790668427,payflow-tempo-1,0.31%,145MiB / 1.5GiB
1790668427,payflow-grafana-1,0.94%,330.9MiB / 512MiB
1790668427,payflow-prometheus-1,0.18%,80.39MiB / 1GiB
1790668427,k3d-tiny-url-serverlb,0.00%,25.91MiB / 10.7GiB
1790668427,k3d-tiny-url-server-0,8.52%,1.044GiB / 10.7GiB
1790668439,vigorous_raman,4.32%,28.58MiB / 10.7GiB
1790668439,payflow-payflow-1,85.12%,561.4MiB / 1.5GiB
1790668439,payflow-postgres-exporter-1,0.00%,8.496MiB / 128MiB
1790668439,payflow-postgres-1,36.05%,381.1MiB / 1GiB
1790668439,payflow-mongo-1,3.82%,219.6MiB / 1GiB
1790668439,payflow-kafka-1,20.55%,675.5MiB / 1.5GiB
1790668439,payflow-keycloak-1,0.20%,743.2MiB / 10.7GiB
1790668439,payflow-settlement-rail-1,0.65%,35.35MiB / 256MiB
1790668439,payflow-tempo-1,0.42%,145.2MiB / 1.5GiB
1790668439,payflow-grafana-1,1.14%,330.9MiB / 512MiB
1790668439,payflow-prometheus-1,0.71%,80.4MiB / 1GiB
1790668439,k3d-tiny-url-serverlb,0.00%,25.91MiB / 10.7GiB
1790668439,k3d-tiny-url-server-0,14.31%,1.045GiB / 10.7GiB
1790668452,vigorous_raman,3.48%,29.98MiB / 10.7GiB
1790668452,payflow-payflow-1,75.21%,561.5MiB / 1.5GiB
1790668452,payflow-postgres-exporter-1,0.00%,8.41MiB / 128MiB
1790668452,payflow-postgres-1,75.21%,415.8MiB / 1GiB
1790668452,payflow-mongo-1,10.51%,253.5MiB / 1GiB
1790668452,payflow-kafka-1,19.40%,677.7MiB / 1.5GiB
1790668452,payflow-keycloak-1,0.16%,743.2MiB / 10.7GiB
1790668452,payflow-settlement-rail-1,0.64%,35.35MiB / 256MiB
1790668452,payflow-tempo-1,0.31%,145.2MiB / 1.5GiB
1790668452,payflow-grafana-1,0.96%,330.9MiB / 512MiB
1790668452,payflow-prometheus-1,0.19%,80.4MiB / 1GiB
1790668452,k3d-tiny-url-serverlb,0.00%,25.91MiB / 10.7GiB
1790668452,k3d-tiny-url-server-0,11.41%,1.045GiB / 10.7GiB
1790668464,vigorous_raman,3.88%,29.54MiB / 10.7GiB
1790668464,payflow-payflow-1,67.12%,561.5MiB / 1.5GiB
1790668464,payflow-postgres-exporter-1,0.00%,9.016MiB / 128MiB
1790668464,payflow-postgres-1,31.03%,416.2MiB / 1GiB
1790668464,payflow-mongo-1,20.31%,219.8MiB / 1GiB
1790668464,payflow-kafka-1,17.63%,681.1MiB / 1.5GiB
1790668464,payflow-keycloak-1,0.18%,743.2MiB / 10.7GiB
1790668464,payflow-settlement-rail-1,0.71%,35.4MiB / 256MiB
1790668464,payflow-tempo-1,0.85%,146.4MiB / 1.5GiB
1790668464,payflow-grafana-1,1.05%,330.9MiB / 512MiB
1790668464,payflow-prometheus-1,0.23%,80.41MiB / 1GiB
1790668464,k3d-tiny-url-serverlb,0.01%,25.91MiB / 10.7GiB
1790668464,k3d-tiny-url-server-0,9.93%,1.045GiB / 10.7GiB
1790668476,vigorous_raman,3.92%,29.55MiB / 10.7GiB
1790668476,payflow-payflow-1,92.77%,561.3MiB / 1.5GiB
1790668476,payflow-postgres-exporter-1,1.24%,8.254MiB / 128MiB
1790668476,payflow-postgres-1,40.95%,416.6MiB / 1GiB
1790668476,payflow-mongo-1,4.43%,220.1MiB / 1GiB
1790668476,payflow-kafka-1,23.14%,684.2MiB / 1.5GiB
1790668476,payflow-keycloak-1,0.16%,743.3MiB / 10.7GiB
1790668476,payflow-settlement-rail-1,0.84%,35.48MiB / 256MiB
1790668476,payflow-tempo-1,0.32%,142.3MiB / 1.5GiB
1790668476,payflow-grafana-1,1.03%,330.9MiB / 512MiB
1790668476,payflow-prometheus-1,0.58%,80.41MiB / 1GiB
1790668476,k3d-tiny-url-serverlb,0.00%,25.91MiB / 10.7GiB
1790668476,k3d-tiny-url-server-0,10.74%,1.045GiB / 10.7GiB
1790668488,vigorous_raman,3.18%,29.55MiB / 10.7GiB
1790668488,payflow-payflow-1,87.01%,561.4MiB / 1.5GiB
1790668488,payflow-postgres-exporter-1,0.00%,9.113MiB / 128MiB
1790668488,payflow-postgres-1,32.77%,416.4MiB / 1GiB
1790668488,payflow-mongo-1,4.46%,220.1MiB / 1GiB
1790668488,payflow-kafka-1,124.65%,686MiB / 1.5GiB
1790668488,payflow-keycloak-1,0.17%,743.3MiB / 10.7GiB
1790668488,payflow-settlement-rail-1,0.77%,35.53MiB / 256MiB
1790668488,payflow-tempo-1,4.17%,139MiB / 1.5GiB
1790668488,payflow-grafana-1,1.03%,330.9MiB / 512MiB
1790668488,payflow-prometheus-1,0.23%,80.42MiB / 1GiB
1790668488,k3d-tiny-url-serverlb,0.00%,25.91MiB / 10.7GiB
1790668488,k3d-tiny-url-server-0,12.01%,1.044GiB / 10.7GiB
1790668501,vigorous_raman,3.65%,29.56MiB / 10.7GiB
1790668501,payflow-payflow-1,71.30%,561.4MiB / 1.5GiB
1790668501,payflow-postgres-exporter-1,1.99%,8.25MiB / 128MiB
1790668501,payflow-postgres-1,33.52%,416.3MiB / 1GiB
1790668501,payflow-mongo-1,3.76%,219.9MiB / 1GiB
1790668501,payflow-kafka-1,102.19%,740.6MiB / 1.5GiB
1790668501,payflow-keycloak-1,0.27%,743.5MiB / 10.7GiB
1790668501,payflow-settlement-rail-1,0.60%,35.59MiB / 256MiB
1790668501,payflow-tempo-1,0.26%,142.3MiB / 1.5GiB
1790668501,payflow-grafana-1,0.93%,330.9MiB / 512MiB
1790668501,payflow-prometheus-1,0.54%,80.43MiB / 1GiB
1790668501,k3d-tiny-url-serverlb,0.00%,25.91MiB / 10.7GiB
1790668501,k3d-tiny-url-server-0,12.43%,1.045GiB / 10.7GiB
1790668513,vigorous_raman,4.49%,29.55MiB / 10.7GiB
1790668513,payflow-payflow-1,109.41%,561.5MiB / 1.5GiB
1790668513,payflow-postgres-exporter-1,0.00%,8.652MiB / 128MiB
1790668513,payflow-postgres-1,32.20%,421MiB / 1GiB
1790668513,payflow-mongo-1,54.21%,219.9MiB / 1GiB
1790668513,payflow-kafka-1,20.36%,692.4MiB / 1.5GiB
1790668513,payflow-keycloak-1,0.19%,743.5MiB / 10.7GiB
1790668513,payflow-settlement-rail-1,0.86%,35.65MiB / 256MiB
1790668513,payflow-tempo-1,0.28%,146.5MiB / 1.5GiB
1790668513,payflow-grafana-1,1.29%,330.9MiB / 512MiB
1790668513,payflow-prometheus-1,0.75%,80.42MiB / 1GiB
1790668513,k3d-tiny-url-serverlb,0.00%,25.91MiB / 10.7GiB
1790668513,k3d-tiny-url-server-0,8.97%,1.045GiB / 10.7GiB
1790668525,vigorous_raman,6.94%,29.56MiB / 10.7GiB
1790668525,payflow-payflow-1,103.60%,561.8MiB / 1.5GiB
1790668525,payflow-postgres-exporter-1,0.00%,8.066MiB / 128MiB
1790668525,payflow-postgres-1,40.72%,421.6MiB / 1GiB
1790668525,payflow-mongo-1,44.68%,220.1MiB / 1GiB
1790668525,payflow-kafka-1,24.11%,694.5MiB / 1.5GiB
1790668525,payflow-keycloak-1,0.17%,743.5MiB / 10.7GiB
1790668525,payflow-settlement-rail-1,0.93%,35.72MiB / 256MiB
1790668525,payflow-tempo-1,2.55%,146.7MiB / 1.5GiB
1790668525,payflow-grafana-1,0.96%,330.9MiB / 512MiB
1790668525,payflow-prometheus-1,0.78%,80.49MiB / 1GiB
1790668525,k3d-tiny-url-serverlb,0.00%,25.91MiB / 10.7GiB
1790668525,k3d-tiny-url-server-0,10.32%,1.045GiB / 10.7GiB
1790668537,vigorous_raman,4.93%,29.57MiB / 10.7GiB
1790668537,payflow-payflow-1,78.79%,561.5MiB / 1.5GiB
1790668537,payflow-postgres-exporter-1,0.00%,8.418MiB / 128MiB
1790668537,payflow-postgres-1,37.77%,421.9MiB / 1GiB
1790668537,payflow-mongo-1,5.00%,220.1MiB / 1GiB
1790668537,payflow-kafka-1,22.55%,697.9MiB / 1.5GiB
1790668537,payflow-keycloak-1,0.20%,743.5MiB / 10.7GiB
1790668537,payflow-settlement-rail-1,0.83%,35.8MiB / 256MiB
1790668537,payflow-tempo-1,0.37%,139.3MiB / 1.5GiB
1790668537,payflow-grafana-1,1.00%,330.9MiB / 512MiB
1790668537,payflow-prometheus-1,0.20%,80.58MiB / 1GiB
1790668537,k3d-tiny-url-serverlb,0.00%,25.91MiB / 10.7GiB
1790668537,k3d-tiny-url-server-0,12.79%,1.044GiB / 10.7GiB
1790668549,vigorous_raman,4.06%,29.57MiB / 10.7GiB
1790668549,payflow-payflow-1,103.81%,561.6MiB / 1.5GiB
1790668549,payflow-postgres-exporter-1,0.00%,8.938MiB / 128MiB
1790668549,payflow-postgres-1,40.43%,423.5MiB / 1GiB
1790668549,payflow-mongo-1,5.16%,220.3MiB / 1GiB
1790668549,payflow-kafka-1,24.13%,700.8MiB / 1.5GiB
1790668549,payflow-keycloak-1,0.20%,743.5MiB / 10.7GiB
1790668549,payflow-settlement-rail-1,0.92%,35.86MiB / 256MiB
1790668549,payflow-tempo-1,1.24%,141.8MiB / 1.5GiB
1790668549,payflow-grafana-1,1.18%,330.9MiB / 512MiB
1790668549,payflow-prometheus-1,1.48%,80.59MiB / 1GiB
1790668549,k3d-tiny-url-serverlb,0.00%,25.91MiB / 10.7GiB
1790668549,k3d-tiny-url-server-0,12.86%,1.045GiB / 10.7GiB
1790668562,vigorous_raman,3.60%,29.57MiB / 10.7GiB
1790668562,payflow-payflow-1,80.01%,561.5MiB / 1.5GiB
1790668562,payflow-postgres-exporter-1,0.06%,8.555MiB / 128MiB
1790668562,payflow-postgres-1,32.84%,423.6MiB / 1GiB
1790668562,payflow-mongo-1,37.43%,365.1MiB / 1GiB
1790668562,payflow-kafka-1,186.44%,811.8MiB / 1.5GiB
1790668562,payflow-keycloak-1,0.22%,743.4MiB / 10.7GiB
1790668562,payflow-settlement-rail-1,0.72%,35.92MiB / 256MiB
1790668562,payflow-tempo-1,0.90%,146.3MiB / 1.5GiB
1790668562,payflow-grafana-1,0.92%,330.9MiB / 512MiB
1790668562,payflow-prometheus-1,0.18%,80.59MiB / 1GiB
1790668562,k3d-tiny-url-serverlb,0.00%,25.91MiB / 10.7GiB
1790668562,k3d-tiny-url-server-0,11.75%,1.046GiB / 10.7GiB
1790668574,vigorous_raman,6.94%,29.57MiB / 10.7GiB
1790668574,payflow-payflow-1,80.76%,562.1MiB / 1.5GiB
1790668574,payflow-postgres-exporter-1,0.00%,9.32MiB / 128MiB
1790668574,payflow-postgres-1,38.74%,434.3MiB / 1GiB
1790668574,payflow-mongo-1,25.07%,220.1MiB / 1GiB
1790668574,payflow-kafka-1,44.61%,707.7MiB / 1.5GiB
1790668574,payflow-keycloak-1,0.20%,743.4MiB / 10.7GiB
1790668574,payflow-settlement-rail-1,1.01%,35.98MiB / 256MiB
1790668574,payflow-tempo-1,0.31%,146.4MiB / 1.5GiB
1790668574,payflow-grafana-1,1.17%,330.9MiB / 512MiB
1790668574,payflow-prometheus-1,0.40%,80.59MiB / 1GiB
1790668574,k3d-tiny-url-serverlb,0.00%,25.91MiB / 10.7GiB
1790668574,k3d-tiny-url-server-0,9.63%,1.045GiB / 10.7GiB
1790668586,vigorous_raman,5.08%,29.58MiB / 10.7GiB
1790668586,payflow-payflow-1,97.07%,561.6MiB / 1.5GiB
1790668586,payflow-postgres-exporter-1,0.00%,8.676MiB / 128MiB
1790668586,payflow-postgres-1,54.83%,434.2MiB / 1GiB
1790668586,payflow-mongo-1,5.17%,220.6MiB / 1GiB
1790668586,payflow-kafka-1,29.35%,708.2MiB / 1.5GiB
1790668586,payflow-keycloak-1,0.81%,743.5MiB / 10.7GiB
1790668586,payflow-settlement-rail-1,1.14%,36.02MiB / 256MiB
1790668586,payflow-tempo-1,0.97%,141.4MiB / 1.5GiB
1790668586,payflow-grafana-1,1.73%,330.9MiB / 512MiB
1790668586,payflow-prometheus-1,0.71%,80.59MiB / 1GiB
1790668586,k3d-tiny-url-serverlb,0.00%,25.91MiB / 10.7GiB
1790668586,k3d-tiny-url-server-0,12.06%,1.046GiB / 10.7GiB
1790668598,vigorous_raman,4.83%,29.56MiB / 10.7GiB
1790668598,payflow-payflow-1,83.76%,561.8MiB / 1.5GiB
1790668598,payflow-postgres-exporter-1,0.00%,8.395MiB / 128MiB
1790668598,payflow-postgres-1,41.76%,434.4MiB / 1GiB
1790668598,payflow-mongo-1,5.03%,220.6MiB / 1GiB
1790668598,payflow-kafka-1,24.56%,711.1MiB / 1.5GiB
1790668598,payflow-keycloak-1,0.24%,743.5MiB / 10.7GiB
1790668598,payflow-settlement-rail-1,0.79%,36.08MiB / 256MiB
1790668598,payflow-tempo-1,0.36%,145.2MiB / 1.5GiB
1790668598,payflow-grafana-1,1.21%,330.9MiB / 512MiB
1790668598,payflow-prometheus-1,0.19%,80.6MiB / 1GiB
1790668598,k3d-tiny-url-serverlb,0.00%,25.91MiB / 10.7GiB
1790668598,k3d-tiny-url-server-0,19.03%,1.045GiB / 10.7GiB
1790668611,vigorous_raman,4.38%,29.58MiB / 10.7GiB
1790668611,payflow-payflow-1,79.04%,562.1MiB / 1.5GiB
1790668611,payflow-postgres-exporter-1,2.16%,7.984MiB / 128MiB
1790668611,payflow-postgres-1,42.49%,435.1MiB / 1GiB
1790668611,payflow-mongo-1,5.43%,220.4MiB / 1GiB
1790668611,payflow-kafka-1,21.62%,714.1MiB / 1.5GiB
1790668611,payflow-keycloak-1,0.24%,743.5MiB / 10.7GiB
1790668611,payflow-settlement-rail-1,0.73%,36.14MiB / 256MiB
1790668611,payflow-tempo-1,0.30%,145.6MiB / 1.5GiB
1790668611,payflow-grafana-1,1.34%,330.9MiB / 512MiB
1790668611,payflow-prometheus-1,0.61%,80.6MiB / 1GiB
1790668611,k3d-tiny-url-serverlb,0.00%,25.91MiB / 10.7GiB
1790668611,k3d-tiny-url-server-0,28.30%,1.045GiB / 10.7GiB
1790668623,vigorous_raman,3.96%,29.64MiB / 10.7GiB
1790668623,payflow-payflow-1,82.15%,561.8MiB / 1.5GiB
1790668623,payflow-postgres-exporter-1,0.00%,8.945MiB / 128MiB
1790668623,payflow-postgres-1,30.40%,435MiB / 1GiB
1790668623,payflow-mongo-1,53.99%,220.4MiB / 1GiB
1790668623,payflow-kafka-1,20.43%,716.7MiB / 1.5GiB
1790668623,payflow-keycloak-1,0.17%,743.4MiB / 10.7GiB
1790668623,payflow-settlement-rail-1,0.74%,36.22MiB / 256MiB
1790668623,payflow-tempo-1,0.29%,145.7MiB / 1.5GiB
1790668623,payflow-grafana-1,0.85%,330.9MiB / 512MiB
1790668623,payflow-prometheus-1,0.92%,80.61MiB / 1GiB
1790668623,k3d-tiny-url-serverlb,0.00%,25.91MiB / 10.7GiB
1790668623,k3d-tiny-url-server-0,8.46%,1.046GiB / 10.7GiB
1790668635,vigorous_raman,4.26%,29.64MiB / 10.7GiB
1790668635,payflow-payflow-1,76.99%,562.2MiB / 1.5GiB
1790668635,payflow-postgres-exporter-1,1.13%,8.145MiB / 128MiB
1790668635,payflow-postgres-1,29.57%,455.3MiB / 1GiB
1790668635,payflow-mongo-1,3.47%,221MiB / 1GiB
1790668635,payflow-kafka-1,191.68%,824.1MiB / 1.5GiB
1790668635,payflow-keycloak-1,0.14%,743.4MiB / 10.7GiB
1790668635,payflow-settlement-rail-1,0.63%,36.28MiB / 256MiB
1790668635,payflow-tempo-1,1.76%,144.9MiB / 1.5GiB
1790668635,payflow-grafana-1,0.70%,330.9MiB / 512MiB
1790668635,payflow-prometheus-1,0.73%,80.61MiB / 1GiB
1790668635,k3d-tiny-url-serverlb,0.00%,25.91MiB / 10.7GiB
1790668635,k3d-tiny-url-server-0,6.56%,1.045GiB / 10.7GiB
1790668647,vigorous_raman,3.54%,29.65MiB / 10.7GiB
1790668647,payflow-payflow-1,111.94%,562.2MiB / 1.5GiB
1790668647,payflow-postgres-exporter-1,0.00%,8.645MiB / 128MiB
1790668647,payflow-postgres-1,36.84%,452.4MiB / 1GiB
1790668647,payflow-mongo-1,5.07%,221.2MiB / 1GiB
1790668647,payflow-kafka-1,22.23%,722.3MiB / 1.5GiB
1790668647,payflow-keycloak-1,2.06%,743.5MiB / 10.7GiB
1790668647,payflow-settlement-rail-1,0.78%,36.34MiB / 256MiB
1790668647,payflow-tempo-1,0.37%,145.8MiB / 1.5GiB
1790668647,payflow-grafana-1,1.12%,330.9MiB / 512MiB
1790668647,payflow-prometheus-1,0.72%,80.92MiB / 1GiB
1790668647,k3d-tiny-url-serverlb,0.00%,25.91MiB / 10.7GiB
1790668647,k3d-tiny-url-server-0,10.41%,1.046GiB / 10.7GiB
1790668660,vigorous_raman,4.68%,29.65MiB / 10.7GiB
1790668660,payflow-payflow-1,78.82%,562MiB / 1.5GiB
1790668660,payflow-postgres-exporter-1,0.00%,9.23MiB / 128MiB
1790668660,payflow-postgres-1,33.80%,452.1MiB / 1GiB
1790668660,payflow-mongo-1,4.93%,221.2MiB / 1GiB
1790668660,payflow-kafka-1,25.06%,725.1MiB / 1.5GiB
1790668660,payflow-keycloak-1,0.22%,743.5MiB / 10.7GiB
1790668660,payflow-settlement-rail-1,0.93%,36.4MiB / 256MiB
1790668660,payflow-tempo-1,1.02%,140.1MiB / 1.5GiB
1790668660,payflow-grafana-1,1.17%,330.9MiB / 512MiB
1790668660,payflow-prometheus-1,0.56%,81.03MiB / 1GiB
1790668660,k3d-tiny-url-serverlb,0.00%,25.91MiB / 10.7GiB
1790668660,k3d-tiny-url-server-0,10.96%,1.045GiB / 10.7GiB
1790668672,vigorous_raman,4.15%,29.66MiB / 10.7GiB
1790668672,payflow-payflow-1,74.09%,562MiB / 1.5GiB
1790668672,payflow-postgres-exporter-1,1.65%,9.109MiB / 128MiB
1790668672,payflow-postgres-1,34.29%,451.9MiB / 1GiB
1790668672,payflow-mongo-1,47.24%,221MiB / 1GiB
1790668672,payflow-kafka-1,21.24%,727.8MiB / 1.5GiB
1790668672,payflow-keycloak-1,0.18%,743.5MiB / 10.7GiB
1790668672,payflow-settlement-rail-1,0.71%,36.47MiB / 256MiB
1790668672,payflow-tempo-1,0.31%,144.8MiB / 1.5GiB
1790668672,payflow-grafana-1,1.09%,330.9MiB / 512MiB
1790668672,payflow-prometheus-1,0.19%,81.03MiB / 1GiB
1790668672,k3d-tiny-url-serverlb,0.01%,25.91MiB / 10.7GiB
1790668672,k3d-tiny-url-server-0,11.49%,1.045GiB / 10.7GiB
1790668684,vigorous_raman,4.43%,31.5MiB / 10.7GiB
1790668684,payflow-payflow-1,83.78%,562.5MiB / 1.5GiB
1790668684,payflow-postgres-exporter-1,0.00%,8.684MiB / 128MiB
1790668684,payflow-postgres-1,38.03%,452MiB / 1GiB
1790668684,payflow-mongo-1,5.18%,221MiB / 1GiB
1790668684,payflow-kafka-1,25.47%,728.9MiB / 1.5GiB
1790668684,payflow-keycloak-1,0.27%,743.4MiB / 10.7GiB
1790668684,payflow-settlement-rail-1,0.86%,36.52MiB / 256MiB
1790668684,payflow-tempo-1,0.35%,146MiB / 1.5GiB
1790668684,payflow-grafana-1,0.95%,330.9MiB / 512MiB
1790668684,payflow-prometheus-1,0.62%,81.04MiB / 1GiB
1790668684,k3d-tiny-url-serverlb,0.00%,25.91MiB / 10.7GiB
1790668684,k3d-tiny-url-server-0,9.76%,1.046GiB / 10.7GiB
1790668696,vigorous_raman,4.03%,30.75MiB / 10.7GiB
1790668696,payflow-payflow-1,70.75%,562.1MiB / 1.5GiB
1790668696,payflow-postgres-exporter-1,0.00%,8.297MiB / 128MiB
1790668696,payflow-postgres-1,31.56%,500.3MiB / 1GiB
1790668696,payflow-mongo-1,3.84%,221MiB / 1GiB
1790668696,payflow-kafka-1,30.55%,732.5MiB / 1.5GiB
1790668696,payflow-keycloak-1,0.20%,743.4MiB / 10.7GiB
1790668696,payflow-settlement-rail-1,0.67%,36.57MiB / 256MiB
1790668696,payflow-tempo-1,0.35%,145.6MiB / 1.5GiB
1790668696,payflow-grafana-1,1.10%,330.9MiB / 512MiB
1790668696,payflow-prometheus-1,0.27%,81.04MiB / 1GiB
1790668696,k3d-tiny-url-serverlb,0.00%,25.91MiB / 10.7GiB
1790668696,k3d-tiny-url-server-0,7.46%,1.045GiB / 10.7GiB
1790668709,vigorous_raman,3.10%,30.66MiB / 10.7GiB
1790668709,payflow-payflow-1,117.20%,562MiB / 1.5GiB
1790668709,payflow-postgres-exporter-1,0.00%,8.398MiB / 128MiB
1790668709,payflow-postgres-1,32.82%,500.8MiB / 1GiB
1790668709,payflow-mongo-1,4.58%,221.1MiB / 1GiB
1790668709,payflow-kafka-1,184.58%,827.4MiB / 1.5GiB
1790668709,payflow-keycloak-1,0.15%,743.5MiB / 10.7GiB
1790668709,payflow-settlement-rail-1,0.79%,36.68MiB / 256MiB
1790668709,payflow-tempo-1,0.24%,144.4MiB / 1.5GiB
1790668709,payflow-grafana-1,0.73%,330.9MiB / 512MiB
1790668709,payflow-prometheus-1,0.18%,81.04MiB / 1GiB
1790668709,k3d-tiny-url-serverlb,0.00%,25.91MiB / 10.7GiB
1790668709,k3d-tiny-url-server-0,6.60%,1.045GiB / 10.7GiB
1790668721,vigorous_raman,4.36%,30.98MiB / 10.7GiB
1790668721,payflow-payflow-1,75.41%,561.9MiB / 1.5GiB
1790668721,payflow-postgres-exporter-1,1.30%,8.594MiB / 128MiB
1790668721,payflow-postgres-1,39.27%,501MiB / 1GiB
1790668721,payflow-mongo-1,4.27%,221.1MiB / 1GiB
1790668721,payflow-kafka-1,20.62%,737.3MiB / 1.5GiB
1790668721,payflow-keycloak-1,0.23%,743.5MiB / 10.7GiB
1790668721,payflow-settlement-rail-1,0.79%,36.72MiB / 256MiB
1790668721,payflow-tempo-1,0.37%,141.2MiB / 1.5GiB
1790668721,payflow-grafana-1,1.09%,330.9MiB / 512MiB
1790668721,payflow-prometheus-1,0.56%,81.04MiB / 1GiB
1790668721,k3d-tiny-url-serverlb,0.00%,25.91MiB / 10.7GiB
1790668721,k3d-tiny-url-server-0,12.43%,1.044GiB / 10.7GiB
1790668733,vigorous_raman,7.61%,31.27MiB / 10.7GiB
1790668733,payflow-payflow-1,74.22%,562MiB / 1.5GiB
1790668733,payflow-postgres-exporter-1,0.00%,9.031MiB / 128MiB
1790668733,payflow-postgres-1,37.79%,501.1MiB / 1GiB
1790668733,payflow-mongo-1,38.76%,221.1MiB / 1GiB
1790668733,payflow-kafka-1,18.65%,741MiB / 1.5GiB
1790668733,payflow-keycloak-1,0.20%,743.5MiB / 10.7GiB
1790668733,payflow-settlement-rail-1,0.65%,36.77MiB / 256MiB
1790668733,payflow-tempo-1,0.35%,140.7MiB / 1.5GiB
1790668733,payflow-grafana-1,1.03%,330.9MiB / 512MiB
1790668733,payflow-prometheus-1,0.75%,81.04MiB / 1GiB
1790668733,k3d-tiny-url-serverlb,0.00%,25.91MiB / 10.7GiB
1790668733,k3d-tiny-url-server-0,11.29%,1.038GiB / 10.7GiB
1790668745,vigorous_raman,5.04%,30.91MiB / 10.7GiB
1790668745,payflow-payflow-1,91.29%,562.1MiB / 1.5GiB
1790668745,payflow-postgres-exporter-1,1.28%,8.473MiB / 128MiB
1790668745,payflow-postgres-1,38.89%,504.8MiB / 1GiB
1790668745,payflow-mongo-1,4.41%,221.1MiB / 1GiB
1790668745,payflow-kafka-1,22.56%,744MiB / 1.5GiB
1790668745,payflow-keycloak-1,0.28%,744MiB / 10.7GiB
1790668745,payflow-settlement-rail-1,0.87%,37.08MiB / 256MiB
1790668745,payflow-tempo-1,2.71%,143.9MiB / 1.5GiB
1790668745,payflow-grafana-1,1.24%,330.9MiB / 512MiB
1790668745,payflow-prometheus-1,0.63%,81.05MiB / 1GiB
1790668745,k3d-tiny-url-serverlb,0.00%,25.91MiB / 10.7GiB
1790668745,k3d-tiny-url-server-0,10.00%,1.039GiB / 10.7GiB
1790668757,vigorous_raman,4.35%,31.16MiB / 10.7GiB
1790668757,payflow-payflow-1,104.06%,562.4MiB / 1.5GiB
1790668757,payflow-postgres-exporter-1,0.00%,8.527MiB / 128MiB
1790668757,payflow-postgres-1,31.89%,501.7MiB / 1GiB
1790668757,payflow-mongo-1,4.12%,221.7MiB / 1GiB
1790668757,payflow-kafka-1,18.26%,745.7MiB / 1.5GiB
1790668757,payflow-keycloak-1,0.32%,744MiB / 10.7GiB
1790668757,payflow-settlement-rail-1,0.76%,37.34MiB / 256MiB
1790668757,payflow-tempo-1,1.15%,144.4MiB / 1.5GiB
1790668757,payflow-grafana-1,0.98%,330.9MiB / 512MiB
1790668757,payflow-prometheus-1,0.70%,81.06MiB / 1GiB
1790668757,k3d-tiny-url-serverlb,0.00%,25.91MiB / 10.7GiB
1790668757,k3d-tiny-url-server-0,11.33%,1.038GiB / 10.7GiB
1790668770,vigorous_raman,6.79%,30.88MiB / 10.7GiB
1790668770,payflow-payflow-1,75.92%,562.5MiB / 1.5GiB
1790668770,payflow-postgres-exporter-1,0.00%,9.172MiB / 128MiB
1790668770,payflow-postgres-1,27.86%,501.7MiB / 1GiB
1790668770,payflow-mongo-1,4.05%,221.7MiB / 1GiB
1790668770,payflow-kafka-1,51.49%,749.3MiB / 1.5GiB
1790668770,payflow-keycloak-1,0.18%,744MiB / 10.7GiB
1790668770,payflow-settlement-rail-1,0.72%,37.33MiB / 256MiB
1790668770,payflow-tempo-1,0.31%,138.2MiB / 1.5GiB
1790668770,payflow-grafana-1,0.97%,330.9MiB / 512MiB
1790668770,payflow-prometheus-1,0.67%,81.39MiB / 1GiB
1790668770,k3d-tiny-url-serverlb,0.00%,25.91MiB / 10.7GiB
1790668770,k3d-tiny-url-server-0,22.04%,1.038GiB / 10.7GiB
1790668782,vigorous_raman,4.43%,31.14MiB / 10.7GiB
1790668782,payflow-payflow-1,81.99%,562.7MiB / 1.5GiB
1790668782,payflow-postgres-exporter-1,0.00%,9.258MiB / 128MiB
1790668782,payflow-postgres-1,47.56%,499.7MiB / 1GiB
1790668782,payflow-mongo-1,51.92%,221.8MiB / 1GiB
1790668782,payflow-kafka-1,186.96%,837MiB / 1.5GiB
1790668782,payflow-keycloak-1,0.21%,744MiB / 10.7GiB
1790668782,payflow-settlement-rail-1,0.55%,37.38MiB / 256MiB
1790668782,payflow-tempo-1,0.26%,139.5MiB / 1.5GiB
1790668782,payflow-grafana-1,1.41%,331.2MiB / 512MiB
1790668782,payflow-prometheus-1,0.13%,81.43MiB / 1GiB
1790668782,k3d-tiny-url-serverlb,0.00%,25.91MiB / 10.7GiB
1790668782,k3d-tiny-url-server-0,7.49%,1.039GiB / 10.7GiB
1790668794,vigorous_raman,4.65%,31.48MiB / 10.7GiB
1790668794,payflow-payflow-1,75.42%,562.5MiB / 1.5GiB
1790668794,payflow-postgres-exporter-1,0.00%,8.391MiB / 128MiB
1790668794,payflow-postgres-1,39.23%,497.3MiB / 1GiB
1790668794,payflow-mongo-1,4.60%,221.5MiB / 1GiB
1790668794,payflow-kafka-1,19.29%,754MiB / 1.5GiB
1790668794,payflow-keycloak-1,0.25%,744MiB / 10.7GiB
1790668794,payflow-settlement-rail-1,0.80%,37.48MiB / 256MiB
1790668794,payflow-tempo-1,0.40%,144.4MiB / 1.5GiB
1790668794,payflow-grafana-1,1.06%,330.9MiB / 512MiB
1790668794,payflow-prometheus-1,0.35%,81.45MiB / 1GiB
1790668794,k3d-tiny-url-serverlb,0.00%,25.91MiB / 10.7GiB
1790668794,k3d-tiny-url-server-0,10.14%,1.039GiB / 10.7GiB
1790668806,vigorous_raman,4.13%,31.24MiB / 10.7GiB
1790668806,payflow-payflow-1,81.28%,562.3MiB / 1.5GiB
1790668806,payflow-postgres-exporter-1,0.00%,8.137MiB / 128MiB
1790668806,payflow-postgres-1,37.42%,497.1MiB / 1GiB
1790668806,payflow-mongo-1,4.20%,221.5MiB / 1GiB
1790668806,payflow-kafka-1,21.12%,755.9MiB / 1.5GiB
1790668806,payflow-keycloak-1,0.31%,743.9MiB / 10.7GiB
1790668806,payflow-settlement-rail-1,0.96%,37.54MiB / 256MiB
1790668806,payflow-tempo-1,0.29%,144.7MiB / 1.5GiB
1790668806,payflow-grafana-1,1.18%,330.9MiB / 512MiB
1790668806,payflow-prometheus-1,0.35%,81.45MiB / 1GiB
1790668806,k3d-tiny-url-serverlb,0.00%,25.91MiB / 10.7GiB
1790668806,k3d-tiny-url-server-0,18.28%,1.039GiB / 10.7GiB
1790668819,vigorous_raman,4.62%,31.26MiB / 10.7GiB
1790668819,payflow-payflow-1,84.74%,562.2MiB / 1.5GiB
1790668819,payflow-postgres-exporter-1,0.00%,9.039MiB / 128MiB
1790668819,payflow-postgres-1,31.00%,509.4MiB / 1GiB
1790668819,payflow-mongo-1,4.56%,221.6MiB / 1GiB
1790668819,payflow-kafka-1,23.44%,759.8MiB / 1.5GiB
1790668819,payflow-keycloak-1,0.23%,743.9MiB / 10.7GiB
1790668819,payflow-settlement-rail-1,0.76%,37.59MiB / 256MiB
1790668819,payflow-tempo-1,1.04%,141MiB / 1.5GiB
1790668819,payflow-grafana-1,0.98%,330.9MiB / 512MiB
1790668819,payflow-prometheus-1,0.23%,81.57MiB / 1GiB
1790668819,k3d-tiny-url-serverlb,0.00%,25.91MiB / 10.7GiB
1790668819,k3d-tiny-url-server-0,10.97%,1.039GiB / 10.7GiB
1790668831,vigorous_raman,3.93%,31.31MiB / 10.7GiB
1790668831,payflow-payflow-1,91.75%,562.6MiB / 1.5GiB
1790668831,payflow-postgres-exporter-1,0.00%,8.715MiB / 128MiB
1790668831,payflow-postgres-1,38.43%,511.7MiB / 1GiB
1790668831,payflow-mongo-1,11.12%,306.8MiB / 1GiB
1790668831,payflow-kafka-1,20.78%,762.7MiB / 1.5GiB
1790668831,payflow-keycloak-1,0.27%,744MiB / 10.7GiB
1790668831,payflow-settlement-rail-1,0.83%,37.64MiB / 256MiB
1790668831,payflow-tempo-1,0.34%,145.8MiB / 1.5GiB
1790668831,payflow-grafana-1,1.00%,330.9MiB / 512MiB
1790668831,payflow-prometheus-1,0.53%,81.58MiB / 1GiB
1790668831,k3d-tiny-url-serverlb,0.00%,25.91MiB / 10.7GiB
1790668831,k3d-tiny-url-server-0,9.17%,1.04GiB / 10.7GiB
1790668843,vigorous_raman,2.74%,31.02MiB / 10.7GiB
1790668843,payflow-payflow-1,97.25%,562.4MiB / 1.5GiB
1790668843,payflow-postgres-exporter-1,0.00%,9.215MiB / 128MiB
1790668843,payflow-postgres-1,35.02%,513.3MiB / 1GiB
1790668843,payflow-mongo-1,21.29%,221.6MiB / 1GiB
1790668843,payflow-kafka-1,45.01%,765.3MiB / 1.5GiB
1790668843,payflow-keycloak-1,0.26%,744MiB / 10.7GiB
1790668843,payflow-settlement-rail-1,0.87%,37.71MiB / 256MiB
1790668843,payflow-tempo-1,0.35%,145.4MiB / 1.5GiB
1790668843,payflow-grafana-1,0.94%,330.9MiB / 512MiB
1790668843,payflow-prometheus-1,1.22%,81.58MiB / 1GiB
1790668843,k3d-tiny-url-serverlb,0.01%,25.91MiB / 10.7GiB
1790668843,k3d-tiny-url-server-0,12.22%,1.04GiB / 10.7GiB
1790668855,vigorous_raman,3.39%,30.59MiB / 10.7GiB
1790668855,payflow-payflow-1,66.95%,562.5MiB / 1.5GiB
1790668855,payflow-postgres-exporter-1,1.60%,8.656MiB / 128MiB
1790668855,payflow-postgres-1,31.24%,512.4MiB / 1GiB
1790668855,payflow-mongo-1,4.22%,221.6MiB / 1GiB
1790668855,payflow-kafka-1,181.71%,855.3MiB / 1.5GiB
1790668855,payflow-keycloak-1,0.19%,744MiB / 10.7GiB
1790668855,payflow-settlement-rail-1,0.72%,37.78MiB / 256MiB
1790668855,payflow-tempo-1,3.03%,146.2MiB / 1.5GiB
1790668855,payflow-grafana-1,0.80%,330.9MiB / 512MiB
1790668855,payflow-prometheus-1,1.33%,81.59MiB / 1GiB
1790668855,k3d-tiny-url-serverlb,0.00%,25.91MiB / 10.7GiB
1790668855,k3d-tiny-url-server-0,9.66%,1.04GiB / 10.7GiB
1790668867,vigorous_raman,4.21%,30.62MiB / 10.7GiB
1790668867,payflow-payflow-1,104.48%,562.3MiB / 1.5GiB
1790668867,payflow-postgres-exporter-1,0.00%,8.324MiB / 128MiB
1790668867,payflow-postgres-1,37.27%,518.9MiB / 1GiB
1790668867,payflow-mongo-1,4.53%,221.6MiB / 1GiB
1790668867,payflow-kafka-1,24.91%,770.7MiB / 1.5GiB
1790668867,payflow-keycloak-1,0.25%,743.9MiB / 10.7GiB
1790668867,payflow-settlement-rail-1,0.81%,37.83MiB / 256MiB
1790668867,payflow-tempo-1,0.38%,146.6MiB / 1.5GiB
1790668867,payflow-grafana-1,1.58%,330.9MiB / 512MiB
1790668867,payflow-prometheus-1,1.03%,81.59MiB / 1GiB
1790668867,k3d-tiny-url-serverlb,0.00%,25.91MiB / 10.7GiB
1790668867,k3d-tiny-url-server-0,12.48%,1.039GiB / 10.7GiB
1790668880,vigorous_raman,4.67%,31.2MiB / 10.7GiB
1790668880,payflow-payflow-1,90.92%,562.6MiB / 1.5GiB
1790668880,payflow-postgres-exporter-1,0.00%,9.723MiB / 128MiB
1790668880,payflow-postgres-1,40.44%,524.4MiB / 1GiB
1790668880,payflow-mongo-1,5.44%,225.1MiB / 1GiB
1790668880,payflow-kafka-1,27.02%,772.7MiB / 1.5GiB
1790668880,payflow-keycloak-1,0.26%,743.9MiB / 10.7GiB
1790668880,payflow-settlement-rail-1,0.99%,37.89MiB / 256MiB
1790668880,payflow-tempo-1,1.90%,146.6MiB / 1.5GiB
1790668880,payflow-grafana-1,1.14%,330.9MiB / 512MiB
1790668880,payflow-prometheus-1,1.52%,81.6MiB / 1GiB
1790668880,k3d-tiny-url-serverlb,0.00%,25.91MiB / 10.7GiB
1790668880,k3d-tiny-url-server-0,12.93%,1.039GiB / 10.7GiB
1790668892,vigorous_raman,4.23%,31.38MiB / 10.7GiB
1790668892,payflow-payflow-1,93.68%,562.6MiB / 1.5GiB
1790668892,payflow-postgres-exporter-1,0.00%,8.863MiB / 128MiB
1790668892,payflow-postgres-1,35.59%,519MiB / 1GiB
1790668892,payflow-mongo-1,57.81%,225.1MiB / 1GiB
1790668892,payflow-kafka-1,21.06%,774.6MiB / 1.5GiB
1790668892,payflow-keycloak-1,0.30%,744MiB / 10.7GiB
1790668892,payflow-settlement-rail-1,0.84%,37.93MiB / 256MiB
1790668892,payflow-tempo-1,0.29%,147.3MiB / 1.5GiB
1790668892,payflow-grafana-1,0.99%,330.9MiB / 512MiB
1790668892,payflow-prometheus-1,0.22%,80.41MiB / 1GiB
1790668892,k3d-tiny-url-serverlb,0.00%,25.91MiB / 10.7GiB
1790668892,k3d-tiny-url-server-0,14.57%,1.04GiB / 10.7GiB
1790668904,vigorous_raman,4.09%,30.98MiB / 10.7GiB
1790668904,payflow-payflow-1,90.07%,562.4MiB / 1.5GiB
1790668904,payflow-postgres-exporter-1,0.00%,8.961MiB / 128MiB
1790668904,payflow-postgres-1,38.49%,518.2MiB / 1GiB
1790668904,payflow-mongo-1,60.52%,224.9MiB / 1GiB
1790668904,payflow-kafka-1,21.01%,778.3MiB / 1.5GiB
1790668904,payflow-keycloak-1,0.22%,744MiB / 10.7GiB
1790668904,payflow-settlement-rail-1,0.67%,37.98MiB / 256MiB
1790668904,payflow-tempo-1,0.37%,148.2MiB / 1.5GiB
1790668904,payflow-grafana-1,0.88%,330.9MiB / 512MiB
1790668904,payflow-prometheus-1,0.43%,80.5MiB / 1GiB
1790668904,k3d-tiny-url-serverlb,0.00%,25.91MiB / 10.7GiB
1790668904,k3d-tiny-url-server-0,12.47%,1.041GiB / 10.7GiB
1790668916,vigorous_raman,4.30%,31.01MiB / 10.7GiB
1790668916,payflow-payflow-1,73.42%,562.8MiB / 1.5GiB
1790668916,payflow-postgres-exporter-1,0.00%,9MiB / 128MiB
1790668916,payflow-postgres-1,35.72%,516.7MiB / 1GiB
1790668916,payflow-mongo-1,4.56%,224.9MiB / 1GiB
1790668916,payflow-kafka-1,78.48%,786.2MiB / 1.5GiB
1790668916,payflow-keycloak-1,0.32%,743.9MiB / 10.7GiB
1790668916,payflow-settlement-rail-1,0.77%,38.03MiB / 256MiB
1790668916,payflow-tempo-1,1.13%,143.9MiB / 1.5GiB
1790668916,payflow-grafana-1,1.17%,330.9MiB / 512MiB
1790668916,payflow-prometheus-1,0.19%,80.5MiB / 1GiB
1790668916,k3d-tiny-url-serverlb,0.00%,25.91MiB / 10.7GiB
1790668916,k3d-tiny-url-server-0,10.83%,1.041GiB / 10.7GiB
1790668929,vigorous_raman,4.04%,31.43MiB / 10.7GiB
1790668929,payflow-payflow-1,57.81%,562.4MiB / 1.5GiB
1790668929,payflow-postgres-exporter-1,0.00%,8.793MiB / 128MiB
1790668929,payflow-postgres-1,57.96%,558MiB / 1GiB
1790668929,payflow-mongo-1,3.10%,224.9MiB / 1GiB
1790668929,payflow-kafka-1,154.76%,863.1MiB / 1.5GiB
1790668929,payflow-keycloak-1,0.20%,743.9MiB / 10.7GiB
1790668929,payflow-settlement-rail-1,0.36%,38.11MiB / 256MiB
1790668929,payflow-tempo-1,1.12%,146MiB / 1.5GiB
1790668929,payflow-grafana-1,0.87%,330.9MiB / 512MiB
1790668929,payflow-prometheus-1,0.21%,80.5MiB / 1GiB
1790668929,k3d-tiny-url-serverlb,0.00%,25.91MiB / 10.7GiB
1790668929,k3d-tiny-url-server-0,7.85%,1.041GiB / 10.7GiB
1790668941,vigorous_raman,7.34%,31.21MiB / 10.7GiB
1790668941,payflow-payflow-1,97.60%,563.2MiB / 1.5GiB
1790668941,payflow-postgres-exporter-1,1.98%,8.312MiB / 128MiB
1790668941,payflow-postgres-1,41.93%,534.6MiB / 1GiB
1790668941,payflow-mongo-1,4.66%,224.9MiB / 1GiB
1790668941,payflow-kafka-1,20.48%,786.7MiB / 1.5GiB
1790668941,payflow-keycloak-1,0.25%,743.9MiB / 10.7GiB
1790668941,payflow-settlement-rail-1,1.07%,38.16MiB / 256MiB
1790668941,payflow-tempo-1,0.31%,148.3MiB / 1.5GiB
1790668941,payflow-grafana-1,0.96%,330.9MiB / 512MiB
1790668941,payflow-prometheus-1,0.56%,80.51MiB / 1GiB
1790668941,k3d-tiny-url-serverlb,0.00%,25.91MiB / 10.7GiB
1790668941,k3d-tiny-url-server-0,12.63%,1.04GiB / 10.7GiB
1790668953,vigorous_raman,6.79%,31.22MiB / 10.7GiB
1790668953,payflow-payflow-1,102.74%,562.6MiB / 1.5GiB
1790668953,payflow-postgres-exporter-1,0.00%,8.387MiB / 128MiB
1790668953,payflow-postgres-1,36.35%,535.1MiB / 1GiB
1790668953,payflow-mongo-1,20.95%,225MiB / 1GiB
1790668953,payflow-kafka-1,21.90%,788.6MiB / 1.5GiB
1790668953,payflow-keycloak-1,0.22%,744MiB / 10.7GiB
1790668953,payflow-settlement-rail-1,0.88%,38.22MiB / 256MiB
1790668953,payflow-tempo-1,0.35%,146.7MiB / 1.5GiB
1790668953,payflow-grafana-1,1.12%,330.9MiB / 512MiB
1790668953,payflow-prometheus-1,1.15%,80.52MiB / 1GiB
1790668953,k3d-tiny-url-serverlb,0.00%,25.91MiB / 10.7GiB
1790668953,k3d-tiny-url-server-0,9.39%,1.041GiB / 10.7GiB
1790668965,vigorous_raman,4.91%,31.24MiB / 10.7GiB
1790668965,payflow-payflow-1,85.97%,562.6MiB / 1.5GiB
1790668965,payflow-postgres-exporter-1,1.93%,8.449MiB / 128MiB
1790668965,payflow-postgres-1,49.57%,533MiB / 1GiB
1790668965,payflow-mongo-1,5.27%,225.2MiB / 1GiB
1790668965,payflow-kafka-1,24.47%,792.5MiB / 1.5GiB
1790668965,payflow-keycloak-1,0.29%,744MiB / 10.7GiB
1790668965,payflow-settlement-rail-1,0.81%,38.27MiB / 256MiB
1790668965,payflow-tempo-1,0.61%,140.4MiB / 1.5GiB
1790668965,payflow-grafana-1,1.20%,330.9MiB / 512MiB
1790668965,payflow-prometheus-1,0.60%,80.52MiB / 1GiB
1790668965,k3d-tiny-url-serverlb,0.00%,25.91MiB / 10.7GiB
1790668965,k3d-tiny-url-server-0,10.73%,1.041GiB / 10.7GiB
1790668978,vigorous_raman,3.78%,31.32MiB / 10.7GiB
1790668978,payflow-payflow-1,84.31%,562.8MiB / 1.5GiB
1790668978,payflow-postgres-exporter-1,0.00%,8.168MiB / 128MiB
1790668978,payflow-postgres-1,32.32%,534.8MiB / 1GiB
1790668978,payflow-mongo-1,2.91%,225.2MiB / 1GiB
1790668978,payflow-kafka-1,19.75%,795MiB / 1.5GiB
1790668978,payflow-keycloak-1,11.91%,744MiB / 10.7GiB
1790668978,payflow-settlement-rail-1,1.06%,38.32MiB / 256MiB
1790668978,payflow-tempo-1,1.99%,146.3MiB / 1.5GiB
1790668978,payflow-grafana-1,1.17%,330.9MiB / 512MiB
1790668978,payflow-prometheus-1,0.59%,80.52MiB / 1GiB
1790668978,k3d-tiny-url-serverlb,0.00%,25.91MiB / 10.7GiB
1790668978,k3d-tiny-url-server-0,11.57%,1.041GiB / 10.7GiB
1790668990,vigorous_raman,3.94%,34.09MiB / 10.7GiB
1790668990,payflow-payflow-1,79.12%,563MiB / 1.5GiB
1790668990,payflow-postgres-exporter-1,0.00%,8.695MiB / 128MiB
1790668990,payflow-postgres-1,42.21%,546.8MiB / 1GiB
1790668990,payflow-mongo-1,3.24%,225.1MiB / 1GiB
1790668990,payflow-kafka-1,110.71%,797MiB / 1.5GiB
1790668990,payflow-keycloak-1,0.15%,744.3MiB / 10.7GiB
1790668990,payflow-settlement-rail-1,0.57%,38.38MiB / 256MiB
1790668990,payflow-tempo-1,0.27%,146.4MiB / 1.5GiB
1790668990,payflow-grafana-1,0.96%,330.9MiB / 512MiB
1790668990,payflow-prometheus-1,0.55%,80.54MiB / 1GiB
1790668990,k3d-tiny-url-serverlb,0.00%,25.91MiB / 10.7GiB
1790668990,k3d-tiny-url-server-0,8.19%,1.04GiB / 10.7GiB
1790669002,vigorous_raman,4.47%,32.82MiB / 10.7GiB
1790669002,payflow-payflow-1,73.37%,562.8MiB / 1.5GiB
1790669002,payflow-postgres-exporter-1,0.00%,8.641MiB / 128MiB
1790669002,payflow-postgres-1,33.39%,578.8MiB / 1GiB
1790669002,payflow-mongo-1,49.41%,225.1MiB / 1GiB
1790669002,payflow-kafka-1,115.70%,853.2MiB / 1.5GiB
1790669002,payflow-keycloak-1,0.19%,744.3MiB / 10.7GiB
1790669002,payflow-settlement-rail-1,0.67%,38.43MiB / 256MiB
1790669002,payflow-tempo-1,2.66%,144.4MiB / 1.5GiB
1790669002,payflow-grafana-1,0.99%,330.9MiB / 512MiB
1790669002,payflow-prometheus-1,0.14%,80.54MiB / 1GiB
1790669002,k3d-tiny-url-serverlb,0.00%,25.91MiB / 10.7GiB
1790669002,k3d-tiny-url-server-0,9.31%,1.04GiB / 10.7GiB
1790669014,vigorous_raman,4.27%,32.88MiB / 10.7GiB
1790669014,payflow-payflow-1,77.79%,562.9MiB / 1.5GiB
1790669014,payflow-postgres-exporter-1,0.00%,8.711MiB / 128MiB
1790669014,payflow-postgres-1,35.09%,577.7MiB / 1GiB
1790669014,payflow-mongo-1,4.94%,225.2MiB / 1GiB
1790669014,payflow-kafka-1,23.51%,802.7MiB / 1.5GiB
1790669014,payflow-keycloak-1,0.18%,744.3MiB / 10.7GiB
1790669014,payflow-settlement-rail-1,0.75%,38.51MiB / 256MiB
1790669014,payflow-tempo-1,0.62%,141.1MiB / 1.5GiB
1790669014,payflow-grafana-1,1.07%,330.9MiB / 512MiB
1790669014,payflow-prometheus-1,0.35%,80.56MiB / 1GiB
1790669014,k3d-tiny-url-serverlb,0.00%,25.91MiB / 10.7GiB
1790669014,k3d-tiny-url-server-0,11.35%,1.042GiB / 10.7GiB
1790669026,vigorous_raman,3.95%,32.88MiB / 10.7GiB
1790669026,payflow-payflow-1,78.50%,562.9MiB / 1.5GiB
1790669026,payflow-postgres-exporter-1,0.00%,8.566MiB / 128MiB
1790669026,payflow-postgres-1,39.35%,577MiB / 1GiB
1790669026,payflow-mongo-1,4.23%,225.2MiB / 1GiB
1790669026,payflow-kafka-1,20.92%,805.2MiB / 1.5GiB
1790669026,payflow-keycloak-1,0.20%,744.3MiB / 10.7GiB
1790669026,payflow-settlement-rail-1,0.78%,38.55MiB / 256MiB
1790669026,payflow-tempo-1,0.82%,143.3MiB / 1.5GiB
1790669026,payflow-grafana-1,1.15%,330.9MiB / 512MiB
1790669026,payflow-prometheus-1,0.27%,80.56MiB / 1GiB
1790669026,k3d-tiny-url-serverlb,0.00%,25.91MiB / 10.7GiB
1790669026,k3d-tiny-url-server-0,10.61%,1.041GiB / 10.7GiB
1790669039,vigorous_raman,4.09%,32.88MiB / 10.7GiB
1790669039,payflow-payflow-1,75.06%,562.6MiB / 1.5GiB
1790669039,payflow-postgres-exporter-1,0.00%,9.074MiB / 128MiB
1790669039,payflow-postgres-1,35.24%,578.2MiB / 1GiB
1790669039,payflow-mongo-1,4.46%,225.2MiB / 1GiB
1790669039,payflow-kafka-1,20.58%,807.2MiB / 1.5GiB
1790669039,payflow-keycloak-1,0.20%,744.2MiB / 10.7GiB
1790669039,payflow-settlement-rail-1,0.74%,38.61MiB / 256MiB
1790669039,payflow-tempo-1,0.34%,140.9MiB / 1.5GiB
1790669039,payflow-grafana-1,1.02%,330.9MiB / 512MiB
1790669039,payflow-prometheus-1,0.42%,80.57MiB / 1GiB
1790669039,k3d-tiny-url-serverlb,0.00%,25.91MiB / 10.7GiB
1790669039,k3d-tiny-url-server-0,9.56%,1.046GiB / 10.7GiB
1790669051,vigorous_raman,2.45%,32.91MiB / 10.7GiB
1790669051,payflow-payflow-1,73.49%,562.8MiB / 1.5GiB
1790669051,payflow-postgres-exporter-1,1.87%,8.758MiB / 128MiB
1790669051,payflow-postgres-1,110.44%,584.2MiB / 1GiB
1790669051,payflow-mongo-1,15.84%,349.8MiB / 1GiB
1790669051,payflow-kafka-1,16.34%,811.1MiB / 1.5GiB
1790669051,payflow-keycloak-1,0.12%,744.2MiB / 10.7GiB
1790669051,payflow-settlement-rail-1,0.65%,38.68MiB / 256MiB
1790669051,payflow-tempo-1,0.20%,142.7MiB / 1.5GiB
1790669051,payflow-grafana-1,0.65%,330.9MiB / 512MiB
1790669051,payflow-prometheus-1,0.52%,80.58MiB / 1GiB
1790669051,k3d-tiny-url-serverlb,0.00%,25.91MiB / 10.7GiB
1790669051,k3d-tiny-url-server-0,6.30%,1.046GiB / 10.7GiB
1790669063,vigorous_raman,3.52%,32.9MiB / 10.7GiB
1790669063,payflow-payflow-1,81.14%,562.9MiB / 1.5GiB
1790669063,payflow-postgres-exporter-1,0.00%,8.207MiB / 128MiB
1790669063,payflow-postgres-1,29.50%,590MiB / 1GiB
1790669063,payflow-mongo-1,12.18%,225.3MiB / 1GiB
1790669063,payflow-kafka-1,102.83%,813.6MiB / 1.5GiB
1790669063,payflow-keycloak-1,0.15%,744.2MiB / 10.7GiB
1790669063,payflow-settlement-rail-1,0.64%,38.72MiB / 256MiB
1790669063,payflow-tempo-1,0.21%,143.4MiB / 1.5GiB
1790669063,payflow-grafana-1,1.19%,330.9MiB / 512MiB
1790669063,payflow-prometheus-1,0.77%,80.58MiB / 1GiB
1790669063,k3d-tiny-url-serverlb,0.00%,25.91MiB / 10.7GiB
1790669063,k3d-tiny-url-server-0,11.53%,1.046GiB / 10.7GiB
1790669075,vigorous_raman,3.76%,32.94MiB / 10.7GiB
1790669075,payflow-payflow-1,86.35%,562.8MiB / 1.5GiB
1790669075,payflow-postgres-exporter-1,2.11%,9.23MiB / 128MiB
1790669075,payflow-postgres-1,37.36%,595.5MiB / 1GiB
1790669075,payflow-mongo-1,4.79%,225.5MiB / 1GiB
1790669075,payflow-kafka-1,128.71%,884.6MiB / 1.5GiB
1790669075,payflow-keycloak-1,0.16%,744.3MiB / 10.7GiB
1790669075,payflow-settlement-rail-1,0.75%,38.78MiB / 256MiB
1790669075,payflow-tempo-1,5.96%,144.5MiB / 1.5GiB
1790669075,payflow-grafana-1,0.80%,330.9MiB / 512MiB
1790669075,payflow-prometheus-1,1.45%,80.59MiB / 1GiB
1790669075,k3d-tiny-url-serverlb,0.00%,25.91MiB / 10.7GiB
1790669075,k3d-tiny-url-server-0,9.38%,1.047GiB / 10.7GiB
1790669087,vigorous_raman,4.24%,32.94MiB / 10.7GiB
1790669087,payflow-payflow-1,86.60%,563.1MiB / 1.5GiB
1790669087,payflow-postgres-exporter-1,0.00%,8.797MiB / 128MiB
1790669087,payflow-postgres-1,32.80%,609.6MiB / 1GiB
1790669087,payflow-mongo-1,4.17%,225.6MiB / 1GiB
1790669087,payflow-kafka-1,18.30%,819.2MiB / 1.5GiB
1790669087,payflow-keycloak-1,0.74%,744.3MiB / 10.7GiB
1790669087,payflow-settlement-rail-1,0.73%,38.85MiB / 256MiB
1790669087,payflow-tempo-1,1.78%,142.8MiB / 1.5GiB
1790669087,payflow-grafana-1,1.21%,330.9MiB / 512MiB
1790669087,payflow-prometheus-1,0.66%,80.6MiB / 1GiB
1790669087,k3d-tiny-url-serverlb,0.00%,25.91MiB / 10.7GiB
1790669087,k3d-tiny-url-server-0,12.45%,1.046GiB / 10.7GiB
1790669100,vigorous_raman,6.08%,32.95MiB / 10.7GiB
1790669100,payflow-payflow-1,67.13%,562.8MiB / 1.5GiB
1790669100,payflow-postgres-exporter-1,0.00%,9.188MiB / 128MiB
1790669100,payflow-postgres-1,30.70%,613MiB / 1GiB
1790669100,payflow-mongo-1,3.97%,225.6MiB / 1GiB
1790669100,payflow-kafka-1,18.45%,821MiB / 1.5GiB
1790669100,payflow-keycloak-1,0.20%,744.2MiB / 10.7GiB
1790669100,payflow-settlement-rail-1,0.59%,38.9MiB / 256MiB
1790669100,payflow-tempo-1,0.35%,143.1MiB / 1.5GiB
1790669100,payflow-grafana-1,1.12%,330.9MiB / 512MiB
1790669100,payflow-prometheus-1,0.65%,80.59MiB / 1GiB
1790669100,k3d-tiny-url-serverlb,0.00%,25.91MiB / 10.7GiB
1790669100,k3d-tiny-url-server-0,12.94%,1.047GiB / 10.7GiB
1790669112,vigorous_raman,4.73%,32.95MiB / 10.7GiB
1790669112,payflow-payflow-1,62.60%,563.1MiB / 1.5GiB
1790669112,payflow-postgres-exporter-1,0.00%,8.914MiB / 128MiB
1790669112,payflow-postgres-1,31.42%,617.4MiB / 1GiB
1790669112,payflow-mongo-1,54.11%,225.8MiB / 1GiB
1790669112,payflow-kafka-1,16.44%,823.9MiB / 1.5GiB
1790669112,payflow-keycloak-1,0.19%,744.2MiB / 10.7GiB
1790669112,payflow-settlement-rail-1,0.69%,38.96MiB / 256MiB
1790669112,payflow-tempo-1,2.05%,142.5MiB / 1.5GiB
1790669112,payflow-grafana-1,1.65%,330.9MiB / 512MiB
1790669112,payflow-prometheus-1,0.17%,80.59MiB / 1GiB
1790669112,k3d-tiny-url-serverlb,0.00%,25.91MiB / 10.7GiB
1790669112,k3d-tiny-url-server-0,7.96%,1.046GiB / 10.7GiB
1790669124,vigorous_raman,4.23%,32.95MiB / 10.7GiB
1790669124,payflow-payflow-1,100.36%,563MiB / 1.5GiB
1790669124,payflow-postgres-exporter-1,0.00%,8.387MiB / 128MiB
1790669124,payflow-postgres-1,34.61%,618.1MiB / 1GiB
1790669124,payflow-mongo-1,5.09%,225.8MiB / 1GiB
1790669124,payflow-kafka-1,20.78%,825.8MiB / 1.5GiB
1790669124,payflow-keycloak-1,0.18%,744.2MiB / 10.7GiB
1790669124,payflow-settlement-rail-1,0.67%,39.01MiB / 256MiB
1790669124,payflow-tempo-1,0.31%,145.8MiB / 1.5GiB
1790669124,payflow-grafana-1,1.16%,330.9MiB / 512MiB
1790669124,payflow-prometheus-1,0.27%,80.6MiB / 1GiB
1790669124,k3d-tiny-url-serverlb,0.00%,25.91MiB / 10.7GiB
1790669124,k3d-tiny-url-server-0,11.95%,1.046GiB / 10.7GiB
1790669136,vigorous_raman,3.71%,32.95MiB / 10.7GiB
1790669136,payflow-payflow-1,74.78%,562.8MiB / 1.5GiB
1790669136,payflow-postgres-exporter-1,0.00%,8.523MiB / 128MiB
1790669136,payflow-postgres-1,36.05%,618.4MiB / 1GiB
1790669136,payflow-mongo-1,4.51%,226.1MiB / 1GiB
1790669136,payflow-kafka-1,56.49%,829.6MiB / 1.5GiB
1790669136,payflow-keycloak-1,0.19%,744.3MiB / 10.7GiB
1790669136,payflow-settlement-rail-1,0.75%,39.08MiB / 256MiB
1790669136,payflow-tempo-1,0.27%,143.8MiB / 1.5GiB
1790669136,payflow-grafana-1,1.08%,330.9MiB / 512MiB
1790669136,payflow-prometheus-1,0.25%,80.61MiB / 1GiB
1790669136,k3d-tiny-url-serverlb,0.01%,25.91MiB / 10.7GiB
1790669136,k3d-tiny-url-server-0,8.35%,1.047GiB / 10.7GiB
1790669149,vigorous_raman,2.87%,32.95MiB / 10.7GiB
1790669149,payflow-payflow-1,57.64%,562.8MiB / 1.5GiB
1790669149,payflow-postgres-exporter-1,0.00%,8MiB / 128MiB
1790669149,payflow-postgres-1,28.92%,620.8MiB / 1GiB
1790669149,payflow-mongo-1,3.61%,226.1MiB / 1GiB
1790669149,payflow-kafka-1,180.02%,918.4MiB / 1.5GiB
1790669149,payflow-keycloak-1,0.13%,744.3MiB / 10.7GiB
1790669149,payflow-settlement-rail-1,0.67%,39.12MiB / 256MiB
1790669149,payflow-tempo-1,0.20%,142.8MiB / 1.5GiB
1790669149,payflow-grafana-1,0.71%,330.9MiB / 512MiB
1790669149,payflow-prometheus-1,0.21%,80.61MiB / 1GiB
1790669149,k3d-tiny-url-serverlb,0.00%,25.91MiB / 10.7GiB
1790669149,k3d-tiny-url-server-0,5.82%,1.047GiB / 10.7GiB
1790669161,vigorous_raman,4.78%,32.95MiB / 10.7GiB
1790669161,payflow-payflow-1,74.01%,562.9MiB / 1.5GiB
1790669161,payflow-postgres-exporter-1,2.60%,8.125MiB / 128MiB
1790669161,payflow-postgres-1,40.65%,620.6MiB / 1GiB
1790669161,payflow-mongo-1,12.37%,270.5MiB / 1GiB
1790669161,payflow-kafka-1,22.17%,835.1MiB / 1.5GiB
1790669161,payflow-keycloak-1,0.21%,744.2MiB / 10.7GiB
1790669161,payflow-settlement-rail-1,0.75%,39.19MiB / 256MiB
1790669161,payflow-tempo-1,0.29%,143.6MiB / 1.5GiB
1790669161,payflow-grafana-1,0.94%,330.9MiB / 512MiB
1790669161,payflow-prometheus-1,0.72%,80.62MiB / 1GiB
1790669161,k3d-tiny-url-serverlb,0.00%,25.91MiB / 10.7GiB
1790669161,k3d-tiny-url-server-0,10.24%,1.048GiB / 10.7GiB
1790669173,vigorous_raman,3.89%,32.96MiB / 10.7GiB
1790669173,payflow-payflow-1,92.98%,563.2MiB / 1.5GiB
1790669173,payflow-postgres-exporter-1,0.00%,8.574MiB / 128MiB
1790669173,payflow-postgres-1,38.62%,621.9MiB / 1GiB
1790669173,payflow-mongo-1,35.22%,372.2MiB / 1GiB
1790669173,payflow-kafka-1,21.52%,838MiB / 1.5GiB
1790669173,payflow-keycloak-1,0.18%,744.2MiB / 10.7GiB
1790669173,payflow-settlement-rail-1,0.77%,39.23MiB / 256MiB
1790669173,payflow-tempo-1,0.27%,147.5MiB / 1.5GiB
1790669173,payflow-grafana-1,1.08%,330.9MiB / 512MiB
1790669173,payflow-prometheus-1,0.94%,80.62MiB / 1GiB
1790669173,k3d-tiny-url-serverlb,0.01%,25.91MiB / 10.7GiB
1790669173,k3d-tiny-url-server-0,13.73%,1.048GiB / 10.7GiB
1790669185,vigorous_raman,3.89%,33.21MiB / 10.7GiB
1790669185,payflow-payflow-1,86.07%,562.9MiB / 1.5GiB
1790669185,payflow-postgres-exporter-1,1.49%,8.812MiB / 128MiB
1790669185,payflow-postgres-1,35.82%,622.3MiB / 1GiB
1790669185,payflow-mongo-1,3.93%,225.8MiB / 1GiB
1790669185,payflow-kafka-1,19.76%,839.7MiB / 1.5GiB
1790669185,payflow-keycloak-1,0.17%,744.2MiB / 10.7GiB
1790669185,payflow-settlement-rail-1,0.65%,39.3MiB / 256MiB
1790669185,payflow-tempo-1,2.18%,148MiB / 1.5GiB
1790669185,payflow-grafana-1,1.01%,330.9MiB / 512MiB
1790669185,payflow-prometheus-1,1.61%,80.64MiB / 1GiB
1790669185,k3d-tiny-url-serverlb,0.00%,25.91MiB / 10.7GiB
1790669185,k3d-tiny-url-server-0,12.34%,1.048GiB / 10.7GiB
1790669197,vigorous_raman,3.94%,32.95MiB / 10.7GiB
1790669197,payflow-payflow-1,92.76%,562.9MiB / 1.5GiB
1790669197,payflow-postgres-exporter-1,0.00%,8.285MiB / 128MiB
1790669197,payflow-postgres-1,38.18%,622.4MiB / 1GiB
1790669197,payflow-mongo-1,5.60%,226.5MiB / 1GiB
1790669197,payflow-kafka-1,20.95%,843.5MiB / 1.5GiB
1790669197,payflow-keycloak-1,0.18%,744.6MiB / 10.7GiB
1790669197,payflow-settlement-rail-1,0.97%,39.37MiB / 256MiB
1790669197,payflow-tempo-1,0.29%,146.8MiB / 1.5GiB
1790669197,payflow-grafana-1,1.37%,330.9MiB / 512MiB
1790669197,payflow-prometheus-1,0.77%,80.63MiB / 1GiB
1790669197,k3d-tiny-url-serverlb,0.00%,25.91MiB / 10.7GiB
1790669197,k3d-tiny-url-server-0,13.73%,1.048GiB / 10.7GiB
1790669210,vigorous_raman,4.05%,33.21MiB / 10.7GiB
1790669210,payflow-payflow-1,70.19%,562.9MiB / 1.5GiB
1790669210,payflow-postgres-exporter-1,0.00%,8.902MiB / 128MiB
1790669210,payflow-postgres-1,28.48%,622.3MiB / 1GiB
1790669210,payflow-mongo-1,3.36%,226.5MiB / 1GiB
1790669210,payflow-kafka-1,55.45%,845.2MiB / 1.5GiB
1790669210,payflow-keycloak-1,0.19%,744.6MiB / 10.7GiB
1790669210,payflow-settlement-rail-1,0.61%,39.4MiB / 256MiB
1790669210,payflow-tempo-1,0.50%,143.1MiB / 1.5GiB
1790669210,payflow-grafana-1,0.99%,330.9MiB / 512MiB
1790669210,payflow-prometheus-1,0.90%,80.64MiB / 1GiB
1790669210,k3d-tiny-url-serverlb,0.00%,25.91MiB / 10.7GiB
1790669210,k3d-tiny-url-server-0,9.74%,1.047GiB / 10.7GiB
1790669222,vigorous_raman,3.79%,32.96MiB / 10.7GiB
1790669222,payflow-payflow-1,58.74%,562.9MiB / 1.5GiB
1790669222,payflow-postgres-exporter-1,0.00%,9.922MiB / 128MiB
1790669222,payflow-postgres-1,26.29%,622.3MiB / 1GiB
1790669222,payflow-mongo-1,50.19%,227.4MiB / 1GiB
1790669222,payflow-kafka-1,185.13%,936.3MiB / 1.5GiB
1790669222,payflow-keycloak-1,19.55%,744.8MiB / 10.7GiB
1790669222,payflow-settlement-rail-1,0.78%,39.46MiB / 256MiB
1790669222,payflow-tempo-1,0.73%,143.6MiB / 1.5GiB
1790669222,payflow-grafana-1,0.70%,330.9MiB / 512MiB
1790669222,payflow-prometheus-1,0.16%,80.64MiB / 1GiB
1790669222,k3d-tiny-url-serverlb,0.00%,25.91MiB / 10.7GiB
1790669222,k3d-tiny-url-server-0,6.40%,1.048GiB / 10.7GiB
1790669234,vigorous_raman,3.52%,32.96MiB / 10.7GiB
1790669234,payflow-payflow-1,77.45%,563.4MiB / 1.5GiB
1790669234,payflow-postgres-exporter-1,0.00%,8.48MiB / 128MiB
1790669234,payflow-postgres-1,36.04%,623.7MiB / 1GiB
1790669234,payflow-mongo-1,4.67%,227.6MiB / 1GiB
1790669234,payflow-kafka-1,21.84%,850.1MiB / 1.5GiB
1790669234,payflow-keycloak-1,0.18%,744.8MiB / 10.7GiB
1790669234,payflow-settlement-rail-1,0.91%,39.51MiB / 256MiB
1790669234,payflow-tempo-1,2.46%,141.9MiB / 1.5GiB
1790669234,payflow-grafana-1,0.99%,330.9MiB / 512MiB
1790669234,payflow-prometheus-1,0.42%,80.64MiB / 1GiB
1790669234,k3d-tiny-url-serverlb,0.00%,25.91MiB / 10.7GiB
1790669234,k3d-tiny-url-server-0,9.16%,1.048GiB / 10.7GiB
1790669246,vigorous_raman,4.49%,32.96MiB / 10.7GiB
1790669246,payflow-payflow-1,72.89%,563.1MiB / 1.5GiB
1790669246,payflow-postgres-exporter-1,0.00%,8.305MiB / 128MiB
1790669246,payflow-postgres-1,34.22%,623.5MiB / 1GiB
1790669246,payflow-mongo-1,4.77%,227.6MiB / 1GiB
1790669246,payflow-kafka-1,19.18%,853.7MiB / 1.5GiB
1790669246,payflow-keycloak-1,0.96%,744.8MiB / 10.7GiB
1790669246,payflow-settlement-rail-1,0.70%,39.55MiB / 256MiB
1790669246,payflow-tempo-1,0.34%,139.7MiB / 1.5GiB
1790669246,payflow-grafana-1,1.08%,330.9MiB / 512MiB
1790669246,payflow-prometheus-1,0.24%,80.64MiB / 1GiB
1790669246,k3d-tiny-url-serverlb,0.00%,25.91MiB / 10.7GiB
1790669246,k3d-tiny-url-server-0,10.70%,1.048GiB / 10.7GiB
1790669259,vigorous_raman,4.05%,32.96MiB / 10.7GiB
1790669259,payflow-payflow-1,83.55%,563.1MiB / 1.5GiB
1790669259,payflow-postgres-exporter-1,0.00%,8.438MiB / 128MiB
1790669259,payflow-postgres-1,44.30%,623.7MiB / 1GiB
1790669259,payflow-mongo-1,6.13%,227.8MiB / 1GiB
1790669259,payflow-kafka-1,23.55%,856.9MiB / 1.5GiB
1790669259,payflow-keycloak-1,0.22%,744.8MiB / 10.7GiB
1790669259,payflow-settlement-rail-1,0.83%,39.63MiB / 256MiB
1790669259,payflow-tempo-1,0.96%,140.5MiB / 1.5GiB
1790669259,payflow-grafana-1,1.12%,330.9MiB / 512MiB
1790669259,payflow-prometheus-1,0.19%,80.64MiB / 1GiB
1790669259,k3d-tiny-url-serverlb,0.00%,25.91MiB / 10.7GiB
1790669259,k3d-tiny-url-server-0,26.59%,1.038GiB / 10.7GiB
1790669271,vigorous_raman,6.65%,32.96MiB / 10.7GiB
1790669271,payflow-payflow-1,61.81%,563.6MiB / 1.5GiB
1790669271,payflow-postgres-exporter-1,1.80%,8.996MiB / 128MiB
1790669271,payflow-postgres-1,30.74%,623.7MiB / 1GiB
1790669271,payflow-mongo-1,39.38%,381.6MiB / 1GiB
1790669271,payflow-kafka-1,16.32%,859.3MiB / 1.5GiB
1790669271,payflow-keycloak-1,0.17%,744.8MiB / 10.7GiB
1790669271,payflow-settlement-rail-1,0.59%,39.68MiB / 256MiB
1790669271,payflow-tempo-1,2.10%,148.1MiB / 1.5GiB
1790669271,payflow-grafana-1,1.22%,330.9MiB / 512MiB
1790669271,payflow-prometheus-1,0.65%,87.2MiB / 1GiB
1790669271,k3d-tiny-url-serverlb,0.00%,25.91MiB / 10.7GiB
1790669271,k3d-tiny-url-server-0,9.72%,1.038GiB / 10.7GiB
1790669283,vigorous_raman,5.33%,32.97MiB / 10.7GiB
1790669283,payflow-payflow-1,78.22%,563.2MiB / 1.5GiB
1790669283,payflow-postgres-exporter-1,0.00%,9.078MiB / 128MiB
1790669283,payflow-postgres-1,34.58%,623.7MiB / 1GiB
1790669283,payflow-mongo-1,6.01%,226.5MiB / 1GiB
1790669283,payflow-kafka-1,19.28%,862.3MiB / 1.5GiB
1790669283,payflow-keycloak-1,0.20%,744.7MiB / 10.7GiB
1790669283,payflow-settlement-rail-1,0.69%,39.74MiB / 256MiB
1790669283,payflow-tempo-1,0.49%,147.2MiB / 1.5GiB
1790669283,payflow-grafana-1,1.11%,330.9MiB / 512MiB
1790669283,payflow-prometheus-1,1.44%,87.21MiB / 1GiB
1790669283,k3d-tiny-url-serverlb,0.00%,25.91MiB / 10.7GiB
1790669283,k3d-tiny-url-server-0,11.03%,1.039GiB / 10.7GiB
1790669295,vigorous_raman,3.40%,32.97MiB / 10.7GiB
1790669295,payflow-payflow-1,61.16%,563.3MiB / 1.5GiB
1790669295,payflow-postgres-exporter-1,0.98%,8.23MiB / 128MiB
1790669295,payflow-postgres-1,44.43%,623.4MiB / 1GiB
1790669295,payflow-mongo-1,3.52%,226.5MiB / 1GiB
1790669295,payflow-kafka-1,177.96%,942.8MiB / 1.5GiB
1790669295,payflow-keycloak-1,0.16%,744.6MiB / 10.7GiB
1790669295,payflow-settlement-rail-1,0.54%,39.8MiB / 256MiB
1790669295,payflow-tempo-1,43.67%,918.9MiB / 1.5GiB
1790669295,payflow-grafana-1,0.80%,330.9MiB / 512MiB
1790669295,payflow-prometheus-1,0.83%,87.21MiB / 1GiB
1790669295,k3d-tiny-url-serverlb,0.00%,25.91MiB / 10.7GiB
1790669295,k3d-tiny-url-server-0,7.62%,1.038GiB / 10.7GiB
1790669307,vigorous_raman,4.39%,32.97MiB / 10.7GiB
1790669307,payflow-payflow-1,62.65%,563.3MiB / 1.5GiB
1790669307,payflow-postgres-exporter-1,0.00%,8.922MiB / 128MiB
1790669307,payflow-postgres-1,37.63%,614.2MiB / 1GiB
1790669307,payflow-mongo-1,31.84%,224.8MiB / 1GiB
1790669307,payflow-kafka-1,19.88%,866.1MiB / 1.5GiB
1790669307,payflow-keycloak-1,0.21%,744.1MiB / 10.7GiB
1790669307,payflow-settlement-rail-1,0.66%,39.86MiB / 256MiB
1790669307,payflow-tempo-1,0.31%,921.5MiB / 1.5GiB
1790669307,payflow-grafana-1,1.23%,331.2MiB / 512MiB
1790669307,payflow-prometheus-1,0.65%,87.22MiB / 1GiB
1790669307,k3d-tiny-url-serverlb,0.00%,25.81MiB / 10.7GiB
1790669307,k3d-tiny-url-server-0,9.79%,1.045GiB / 10.7GiB
1790669320,vigorous_raman,3.37%,33.22MiB / 10.7GiB
1790669320,payflow-payflow-1,81.77%,563.3MiB / 1.5GiB
1790669320,payflow-postgres-exporter-1,0.00%,8.832MiB / 128MiB
1790669320,payflow-postgres-1,31.11%,611MiB / 1GiB
1790669320,payflow-mongo-1,4.05%,224MiB / 1GiB
1790669320,payflow-kafka-1,23.29%,868.1MiB / 1.5GiB
1790669320,payflow-keycloak-1,0.18%,743.8MiB / 10.7GiB
1790669320,payflow-settlement-rail-1,0.76%,39.91MiB / 256MiB
1790669320,payflow-tempo-1,0.30%,922.4MiB / 1.5GiB
1790669320,payflow-grafana-1,1.00%,332.7MiB / 512MiB
1790669320,payflow-prometheus-1,0.63%,87.2MiB / 1GiB
1790669320,k3d-tiny-url-serverlb,0.00%,25.71MiB / 10.7GiB
1790669320,k3d-tiny-url-server-0,9.45%,1.047GiB / 10.7GiB
1790669332,vigorous_raman,3.13%,33.1MiB / 10.7GiB
1790669332,payflow-payflow-1,73.33%,564MiB / 1.5GiB
1790669332,payflow-postgres-exporter-1,0.00%,8.871MiB / 128MiB
1790669332,payflow-postgres-1,36.26%,605.8MiB / 1GiB
1790669332,payflow-mongo-1,49.75%,222.7MiB / 1GiB
1790669332,payflow-kafka-1,20.93%,866.9MiB / 1.5GiB
1790669332,payflow-keycloak-1,0.17%,743.2MiB / 10.7GiB
1790669332,payflow-settlement-rail-1,0.59%,39.97MiB / 256MiB
1790669332,payflow-tempo-1,0.27%,923.5MiB / 1.5GiB
1790669332,payflow-grafana-1,0.87%,336.2MiB / 512MiB
1790669332,payflow-prometheus-1,0.19%,87.12MiB / 1GiB
1790669332,k3d-tiny-url-serverlb,0.00%,25.6MiB / 10.7GiB
1790669332,k3d-tiny-url-server-0,9.27%,1.053GiB / 10.7GiB
1790669344,vigorous_raman,4.12%,33.1MiB / 10.7GiB
1790669344,payflow-payflow-1,101.35%,563.6MiB / 1.5GiB
1790669344,payflow-postgres-exporter-1,0.00%,8.59MiB / 128MiB
1790669344,payflow-postgres-1,35.31%,606.6MiB / 1GiB
1790669344,payflow-mongo-1,3.64%,222.4MiB / 1GiB
1790669344,payflow-kafka-1,191.33%,960.4MiB / 1.5GiB
1790669344,payflow-keycloak-1,0.17%,743.1MiB / 10.7GiB
1790669344,payflow-settlement-rail-1,0.63%,40.05MiB / 256MiB
1790669344,payflow-tempo-1,1.27%,923.5MiB / 1.5GiB
1790669344,payflow-grafana-1,0.77%,336.2MiB / 512MiB
1790669344,payflow-prometheus-1,0.29%,88.41MiB / 1GiB
1790669344,k3d-tiny-url-serverlb,0.00%,25.6MiB / 10.7GiB
1790669344,k3d-tiny-url-server-0,8.94%,1.057GiB / 10.7GiB
1790669356,vigorous_raman,5.65%,33.1MiB / 10.7GiB
1790669356,payflow-payflow-1,101.19%,563.6MiB / 1.5GiB
1790669356,payflow-postgres-exporter-1,0.00%,8.625MiB / 128MiB
1790669356,payflow-postgres-1,49.49%,617.6MiB / 1GiB
1790669356,payflow-mongo-1,5.34%,222.5MiB / 1GiB
1790669356,payflow-kafka-1,26.33%,874.3MiB / 1.5GiB
1790669356,payflow-keycloak-1,0.29%,743.1MiB / 10.7GiB
1790669356,payflow-settlement-rail-1,1.08%,40.07MiB / 256MiB
1790669356,payflow-tempo-1,0.49%,930.8MiB / 1.5GiB
1790669356,payflow-grafana-1,1.53%,336.2MiB / 512MiB
1790669356,payflow-prometheus-1,0.31%,90.34MiB / 1GiB
1790669356,k3d-tiny-url-serverlb,0.00%,25.6MiB / 10.7GiB
1790669356,k3d-tiny-url-server-0,14.60%,1.061GiB / 10.7GiB
1790669369,vigorous_raman,5.86%,35.68MiB / 10.7GiB
1790669369,payflow-payflow-1,109.57%,563.4MiB / 1.5GiB
1790669369,payflow-postgres-exporter-1,0.00%,9.359MiB / 128MiB
1790669369,payflow-postgres-1,54.88%,620.7MiB / 1GiB
1790669369,payflow-mongo-1,5.64%,222.2MiB / 1GiB
1790669369,payflow-kafka-1,31.02%,875.8MiB / 1.5GiB
1790669369,payflow-keycloak-1,1.00%,744MiB / 10.7GiB
1790669369,payflow-settlement-rail-1,1.15%,40.13MiB / 256MiB
1790669369,payflow-tempo-1,4.28%,953.7MiB / 1.5GiB
1790669369,payflow-grafana-1,1.53%,337.4MiB / 512MiB
1790669369,payflow-prometheus-1,0.40%,92.38MiB / 1GiB
1790669369,k3d-tiny-url-serverlb,0.01%,25.64MiB / 10.7GiB
1790669369,k3d-tiny-url-server-0,11.92%,1.063GiB / 10.7GiB
1790669381,vigorous_raman,2.99%,35.69MiB / 10.7GiB
1790669381,payflow-payflow-1,72.08%,563.4MiB / 1.5GiB
1790669381,payflow-postgres-exporter-1,0.00%,9.273MiB / 128MiB
1790669381,payflow-postgres-1,36.17%,620.8MiB / 1GiB
1790669381,payflow-mongo-1,5.49%,223.7MiB / 1GiB
1790669381,payflow-kafka-1,21.39%,882.4MiB / 1.5GiB
1790669381,payflow-keycloak-1,0.27%,744MiB / 10.7GiB
1790669381,payflow-settlement-rail-1,0.53%,40.21MiB / 256MiB
1790669381,payflow-tempo-1,0.33%,984.7MiB / 1.5GiB
1790669381,payflow-grafana-1,7.09%,337.4MiB / 512MiB
1790669381,payflow-prometheus-1,0.25%,92.43MiB / 1GiB
1790669381,k3d-tiny-url-serverlb,0.00%,25.64MiB / 10.7GiB
1790669381,k3d-tiny-url-server-0,10.49%,1.06GiB / 10.7GiB
1790669394,vigorous_raman,3.63%,35.73MiB / 10.7GiB
1790669394,payflow-payflow-1,71.43%,563.4MiB / 1.5GiB
1790669394,payflow-postgres-exporter-1,0.00%,8.949MiB / 128MiB
1790669394,payflow-postgres-1,32.25%,665.2MiB / 1GiB
1790669394,payflow-mongo-1,8.81%,240.4MiB / 1GiB
1790669394,payflow-kafka-1,141.72%,989MiB / 1.5GiB
1790669394,payflow-keycloak-1,0.18%,743.9MiB / 10.7GiB
1790669394,payflow-settlement-rail-1,0.63%,40.25MiB / 256MiB
1790669394,payflow-tempo-1,1.05%,1013MiB / 1.5GiB
1790669394,payflow-grafana-1,0.81%,337.4MiB / 512MiB
1790669394,payflow-prometheus-1,0.98%,92.43MiB / 1GiB
1790669394,k3d-tiny-url-serverlb,0.00%,25.66MiB / 10.7GiB
1790669394,k3d-tiny-url-server-0,9.57%,1.061GiB / 10.7GiB
1790669406,vigorous_raman,3.88%,35.82MiB / 10.7GiB
1790669406,payflow-payflow-1,78.24%,564MiB / 1.5GiB
1790669406,payflow-postgres-exporter-1,1.62%,8.91MiB / 128MiB
1790669406,payflow-postgres-1,27.20%,661.9MiB / 1GiB
1790669406,payflow-mongo-1,2.33%,223.8MiB / 1GiB
1790669406,payflow-kafka-1,15.41%,883MiB / 1.5GiB
1790669406,payflow-keycloak-1,0.21%,743.6MiB / 10.7GiB
1790669406,payflow-settlement-rail-1,0.47%,40.32MiB / 256MiB
1790669406,payflow-tempo-1,0.31%,1.016GiB / 1.5GiB
1790669406,payflow-grafana-1,0.93%,339.6MiB / 512MiB
1790669406,payflow-prometheus-1,0.60%,92.41MiB / 1GiB
1790669406,k3d-tiny-url-serverlb,0.00%,25.64MiB / 10.7GiB
1790669406,k3d-tiny-url-server-0,10.74%,1.072GiB / 10.7GiB
1790669418,vigorous_raman,7.49%,36MiB / 10.7GiB
1790669418,payflow-payflow-1,20.72%,564.2MiB / 1.5GiB
1790669418,payflow-postgres-exporter-1,0.00%,8.82MiB / 128MiB
1790669418,payflow-postgres-1,6.39%,631.9MiB / 1GiB
1790669418,payflow-mongo-1,0.57%,223.3MiB / 1GiB
1790669418,payflow-kafka-1,177.85%,882.7MiB / 1.5GiB
1790669418,payflow-keycloak-1,0.23%,743.3MiB / 10.7GiB
1790669418,payflow-settlement-rail-1,0.04%,40.35MiB / 256MiB
1790669418,payflow-tempo-1,0.31%,1.029GiB / 1.5GiB
1790669418,payflow-grafana-1,0.87%,338.6MiB / 512MiB
1790669418,payflow-prometheus-1,0.62%,92.4MiB / 1GiB
1790669418,k3d-tiny-url-serverlb,0.00%,25.55MiB / 10.7GiB
1790669418,k3d-tiny-url-server-0,6.64%,1.072GiB / 10.7GiB
1790669431,vigorous_raman,4.14%,36.15MiB / 10.7GiB
1790669431,payflow-payflow-1,82.61%,563.6MiB / 1.5GiB
1790669431,payflow-postgres-exporter-1,2.29%,8.766MiB / 128MiB
1790669431,payflow-postgres-1,46.80%,634.2MiB / 1GiB
1790669431,payflow-mongo-1,5.36%,223.1MiB / 1GiB
1790669431,payflow-kafka-1,123.64%,938.8MiB / 1.5GiB
1790669431,payflow-keycloak-1,0.23%,743.3MiB / 10.7GiB
1790669431,payflow-settlement-rail-1,0.80%,40.44MiB / 256MiB
1790669431,payflow-tempo-1,0.24%,1.029GiB / 1.5GiB
1790669431,payflow-grafana-1,1.02%,338.6MiB / 512MiB
1790669431,payflow-prometheus-1,0.51%,92.4MiB / 1GiB
1790669431,k3d-tiny-url-serverlb,0.00%,25.55MiB / 10.7GiB
1790669431,k3d-tiny-url-server-0,8.55%,1.073GiB / 10.7GiB
1790669443,vigorous_raman,4.29%,36.16MiB / 10.7GiB
1790669443,payflow-payflow-1,77.54%,563.6MiB / 1.5GiB
1790669443,payflow-postgres-exporter-1,0.00%,9.711MiB / 128MiB
1790669443,payflow-postgres-1,33.06%,636.9MiB / 1GiB
1790669443,payflow-mongo-1,4.52%,222.4MiB / 1GiB
1790669443,payflow-kafka-1,20.32%,887.4MiB / 1.5GiB
1790669443,payflow-keycloak-1,0.20%,743MiB / 10.7GiB
1790669443,payflow-settlement-rail-1,0.62%,40.46MiB / 256MiB
1790669443,payflow-tempo-1,1.47%,1.03GiB / 1.5GiB
1790669443,payflow-grafana-1,0.94%,338.7MiB / 512MiB
1790669443,payflow-prometheus-1,1.07%,92.35MiB / 1GiB
1790669443,k3d-tiny-url-serverlb,0.00%,25.55MiB / 10.7GiB
1790669443,k3d-tiny-url-server-0,13.79%,1.079GiB / 10.7GiB
1790669456,vigorous_raman,5.55%,36.2MiB / 10.7GiB
1790669456,payflow-payflow-1,86.06%,564.4MiB / 1.5GiB
1790669456,payflow-postgres-exporter-1,1.66%,9.105MiB / 128MiB
1790669456,payflow-postgres-1,42.53%,635.9MiB / 1GiB
1790669456,payflow-mongo-1,4.11%,221.7MiB / 1GiB
1790669456,payflow-kafka-1,20.14%,887.4MiB / 1.5GiB
1790669456,payflow-keycloak-1,0.26%,742.9MiB / 10.7GiB
1790669456,payflow-settlement-rail-1,0.66%,40.53MiB / 256MiB
1790669456,payflow-tempo-1,0.36%,1.03GiB / 1.5GiB
1790669456,payflow-grafana-1,1.23%,338.3MiB / 512MiB
1790669456,payflow-prometheus-1,0.73%,92.35MiB / 1GiB
1790669456,k3d-tiny-url-serverlb,0.00%,25.55MiB / 10.7GiB
1790669456,k3d-tiny-url-server-0,12.45%,1.083GiB / 10.7GiB
1790669468,vigorous_raman,4.20%,36.19MiB / 10.7GiB
1790669468,payflow-payflow-1,81.58%,564MiB / 1.5GiB
1790669468,payflow-postgres-exporter-1,0.00%,8.324MiB / 128MiB
1790669468,payflow-postgres-1,27.65%,636.9MiB / 1GiB
1790669468,payflow-mongo-1,47.80%,221.7MiB / 1GiB
1790669468,payflow-kafka-1,16.10%,890.5MiB / 1.5GiB
1790669468,payflow-keycloak-1,0.17%,744.2MiB / 10.7GiB
1790669468,payflow-settlement-rail-1,0.58%,40.6MiB / 256MiB
1790669468,payflow-tempo-1,0.85%,1.031GiB / 1.5GiB
1790669468,payflow-grafana-1,1.07%,338.3MiB / 512MiB
1790669468,payflow-prometheus-1,0.74%,92.35MiB / 1GiB
1790669468,k3d-tiny-url-serverlb,0.00%,25.55MiB / 10.7GiB
1790669468,k3d-tiny-url-server-0,10.79%,1.082GiB / 10.7GiB
1790669480,vigorous_raman,2.95%,36.2MiB / 10.7GiB
1790669480,payflow-payflow-1,55.32%,564MiB / 1.5GiB
1790669480,payflow-postgres-exporter-1,0.00%,8.582MiB / 128MiB
1790669480,payflow-postgres-1,25.31%,634.9MiB / 1GiB
1790669480,payflow-mongo-1,43.30%,220.8MiB / 1GiB
1790669480,payflow-kafka-1,190.66%,996.8MiB / 1.5GiB
1790669480,payflow-keycloak-1,0.15%,743.9MiB / 10.7GiB
1790669480,payflow-settlement-rail-1,0.59%,40.63MiB / 256MiB
1790669480,payflow-tempo-1,0.24%,1.031GiB / 1.5GiB
1790669480,payflow-grafana-1,0.60%,337.9MiB / 512MiB
1790669480,payflow-prometheus-1,0.68%,80.58MiB / 1GiB
1790669480,k3d-tiny-url-serverlb,0.00%,25.55MiB / 10.7GiB
1790669480,k3d-tiny-url-server-0,7.39%,1.087GiB / 10.7GiB
1790669492,vigorous_raman,3.69%,36.2MiB / 10.7GiB
1790669492,payflow-payflow-1,92.96%,564.1MiB / 1.5GiB
1790669492,payflow-postgres-exporter-1,0.00%,8.836MiB / 128MiB
1790669492,payflow-postgres-1,34.75%,637.3MiB / 1GiB
1790669492,payflow-mongo-1,3.87%,220.8MiB / 1GiB
1790669492,payflow-kafka-1,33.66%,898.3MiB / 1.5GiB
1790669492,payflow-keycloak-1,0.16%,743.9MiB / 10.7GiB
1790669492,payflow-settlement-rail-1,0.65%,40.72MiB / 256MiB
1790669492,payflow-tempo-1,0.29%,1.031GiB / 1.5GiB
1790669492,payflow-grafana-1,1.15%,337.9MiB / 512MiB
1790669492,payflow-prometheus-1,0.61%,80.58MiB / 1GiB
1790669492,k3d-tiny-url-serverlb,0.00%,25.55MiB / 10.7GiB
1790669492,k3d-tiny-url-server-0,10.05%,1.088GiB / 10.7GiB
1790669505,vigorous_raman,4.38%,36.2MiB / 10.7GiB
1790669505,payflow-payflow-1,81.77%,564.2MiB / 1.5GiB
1790669505,payflow-postgres-exporter-1,0.00%,8.535MiB / 128MiB
1790669505,payflow-postgres-1,36.09%,637.8MiB / 1GiB
1790669505,payflow-mongo-1,4.67%,221.1MiB / 1GiB
1790669505,payflow-kafka-1,20.14%,896.1MiB / 1.5GiB
1790669505,payflow-keycloak-1,0.20%,743.9MiB / 10.7GiB
1790669505,payflow-settlement-rail-1,0.68%,40.77MiB / 256MiB
1790669505,payflow-tempo-1,2.28%,1.031GiB / 1.5GiB
1790669505,payflow-grafana-1,1.12%,337.9MiB / 512MiB
1790669505,payflow-prometheus-1,0.77%,80.59MiB / 1GiB
1790669505,k3d-tiny-url-serverlb,0.00%,25.55MiB / 10.7GiB
1790669505,k3d-tiny-url-server-0,15.04%,1.087GiB / 10.7GiB
1790669517,vigorous_raman,4.68%,36.21MiB / 10.7GiB
1790669517,payflow-payflow-1,92.58%,564.2MiB / 1.5GiB
1790669517,payflow-postgres-exporter-1,0.00%,8.469MiB / 128MiB
1790669517,payflow-postgres-1,37.40%,635.8MiB / 1GiB
1790669517,payflow-mongo-1,4.06%,221.2MiB / 1GiB
1790669517,payflow-kafka-1,22.23%,898.9MiB / 1.5GiB
1790669517,payflow-keycloak-1,0.23%,743.8MiB / 10.7GiB
1790669517,payflow-settlement-rail-1,0.78%,40.83MiB / 256MiB
1790669517,payflow-tempo-1,0.96%,784MiB / 1.5GiB
1790669517,payflow-grafana-1,1.12%,337.9MiB / 512MiB
1790669517,payflow-prometheus-1,0.23%,80.59MiB / 1GiB
1790669517,k3d-tiny-url-serverlb,0.01%,25.55MiB / 10.7GiB
1790669517,k3d-tiny-url-server-0,12.87%,1.088GiB / 10.7GiB
1790669529,vigorous_raman,3.66%,36.21MiB / 10.7GiB
1790669529,payflow-payflow-1,68.46%,564.3MiB / 1.5GiB
1790669529,payflow-postgres-exporter-1,0.00%,8.391MiB / 128MiB
1790669529,payflow-postgres-1,83.42%,723.2MiB / 1GiB
1790669529,payflow-mongo-1,35.52%,371.4MiB / 1GiB
1790669529,payflow-kafka-1,20.00%,901MiB / 1.5GiB
1790669529,payflow-keycloak-1,0.17%,743.8MiB / 10.7GiB
1790669529,payflow-settlement-rail-1,0.65%,40.88MiB / 256MiB
1790669529,payflow-tempo-1,0.40%,166.6MiB / 1.5GiB
1790669529,payflow-grafana-1,1.04%,337.9MiB / 512MiB
1790669529,payflow-prometheus-1,0.27%,80.59MiB / 1GiB
1790669529,k3d-tiny-url-serverlb,0.00%,25.55MiB / 10.7GiB
1790669529,k3d-tiny-url-server-0,12.82%,1.087GiB / 10.7GiB
1790669541,vigorous_raman,3.16%,36.2MiB / 10.7GiB
1790669541,payflow-payflow-1,69.98%,564.7MiB / 1.5GiB
1790669541,payflow-postgres-exporter-1,1.06%,9.188MiB / 128MiB
1790669541,payflow-postgres-1,33.90%,708.7MiB / 1GiB
1790669541,payflow-mongo-1,8.34%,222.2MiB / 1GiB
1790669541,payflow-kafka-1,31.65%,904.2MiB / 1.5GiB
1790669541,payflow-keycloak-1,0.19%,743.8MiB / 10.7GiB
1790669541,payflow-settlement-rail-1,0.84%,40.93MiB / 256MiB
1790669541,payflow-tempo-1,3.25%,142.7MiB / 1.5GiB
1790669541,payflow-grafana-1,0.90%,337.9MiB / 512MiB
1790669541,payflow-prometheus-1,0.41%,80.59MiB / 1GiB
1790669541,k3d-tiny-url-serverlb,0.00%,25.55MiB / 10.7GiB
1790669541,k3d-tiny-url-server-0,7.91%,1.087GiB / 10.7GiB
1790669553,vigorous_raman,3.28%,36.21MiB / 10.7GiB
1790669553,payflow-payflow-1,56.36%,564.4MiB / 1.5GiB
1790669553,payflow-postgres-exporter-1,0.00%,8.539MiB / 128MiB
1790669553,payflow-postgres-1,27.05%,709.2MiB / 1GiB
1790669553,payflow-mongo-1,4.16%,222.5MiB / 1GiB
1790669553,payflow-kafka-1,183.58%,996.6MiB / 1.5GiB
1790669553,payflow-keycloak-1,0.15%,743.9MiB / 10.7GiB
1790669553,payflow-settlement-rail-1,0.68%,41MiB / 256MiB
1790669553,payflow-tempo-1,0.23%,143.8MiB / 1.5GiB
1790669553,payflow-grafana-1,0.70%,337.9MiB / 512MiB
1790669553,payflow-prometheus-1,0.25%,80.6MiB / 1GiB
1790669553,k3d-tiny-url-serverlb,0.00%,25.55MiB / 10.7GiB
1790669553,k3d-tiny-url-server-0,8.62%,1.089GiB / 10.7GiB
1790669566,vigorous_raman,4.96%,36.21MiB / 10.7GiB
1790669566,payflow-payflow-1,82.50%,564.5MiB / 1.5GiB
1790669566,payflow-postgres-exporter-1,1.99%,8.988MiB / 128MiB
1790669566,payflow-postgres-1,43.90%,701.4MiB / 1GiB
1790669566,payflow-mongo-1,5.25%,222.3MiB / 1GiB
1790669566,payflow-kafka-1,26.31%,912.3MiB / 1.5GiB
1790669566,payflow-keycloak-1,0.19%,743.9MiB / 10.7GiB
1790669566,payflow-settlement-rail-1,0.72%,41.04MiB / 256MiB
1790669566,payflow-tempo-1,0.39%,141.5MiB / 1.5GiB
1790669566,payflow-grafana-1,1.08%,337.9MiB / 512MiB
1790669566,payflow-prometheus-1,0.64%,80.6MiB / 1GiB
1790669566,k3d-tiny-url-serverlb,0.00%,25.55MiB / 10.7GiB
1790669566,k3d-tiny-url-server-0,12.35%,1.089GiB / 10.7GiB
1790669578,vigorous_raman,3.55%,36.21MiB / 10.7GiB
1790669578,payflow-payflow-1,86.32%,564.4MiB / 1.5GiB
1790669578,payflow-postgres-exporter-1,0.00%,8.98MiB / 128MiB
1790669578,payflow-postgres-1,31.39%,686.2MiB / 1GiB
1790669578,payflow-mongo-1,3.63%,222MiB / 1GiB
1790669578,payflow-kafka-1,17.20%,913.5MiB / 1.5GiB
1790669578,payflow-keycloak-1,0.16%,743.8MiB / 10.7GiB
1790669578,payflow-settlement-rail-1,0.83%,41.11MiB / 256MiB
1790669578,payflow-tempo-1,2.90%,142.6MiB / 1.5GiB
1790669578,payflow-grafana-1,1.10%,337.9MiB / 512MiB
1790669578,payflow-prometheus-1,1.11%,80.61MiB / 1GiB
1790669578,k3d-tiny-url-serverlb,0.00%,25.55MiB / 10.7GiB
1790669578,k3d-tiny-url-server-0,8.78%,1.089GiB / 10.7GiB
1790669590,vigorous_raman,3.43%,36.21MiB / 10.7GiB
1790669590,payflow-payflow-1,94.44%,564.7MiB / 1.5GiB
1790669590,payflow-postgres-exporter-1,0.00%,8.613MiB / 128MiB
1790669590,payflow-postgres-1,35.80%,659MiB / 1GiB
1790669590,payflow-mongo-1,51.06%,222MiB / 1GiB
1790669590,payflow-kafka-1,20.40%,916.2MiB / 1.5GiB
1790669590,payflow-keycloak-1,0.18%,743.8MiB / 10.7GiB
1790669590,payflow-settlement-rail-1,0.87%,41.17MiB / 256MiB
1790669590,payflow-tempo-1,1.76%,140.8MiB / 1.5GiB
1790669590,payflow-grafana-1,0.96%,337.9MiB / 512MiB
1790669590,payflow-prometheus-1,0.71%,80.61MiB / 1GiB
1790669590,k3d-tiny-url-serverlb,0.00%,25.55MiB / 10.7GiB
1790669590,k3d-tiny-url-server-0,10.99%,1.089GiB / 10.7GiB
1790669602,vigorous_raman,4.25%,36.21MiB / 10.7GiB
1790669602,payflow-payflow-1,99.08%,564.9MiB / 1.5GiB
1790669602,payflow-postgres-exporter-1,0.00%,8.938MiB / 128MiB
1790669602,payflow-postgres-1,38.17%,642.5MiB / 1GiB
1790669602,payflow-mongo-1,4.95%,222.3MiB / 1GiB
1790669602,payflow-kafka-1,24.78%,920.4MiB / 1.5GiB
1790669602,payflow-keycloak-1,0.19%,743.8MiB / 10.7GiB
1790669602,payflow-settlement-rail-1,0.74%,41.19MiB / 256MiB
1790669602,payflow-tempo-1,0.36%,138.4MiB / 1.5GiB
1790669602,payflow-grafana-1,0.96%,337.9MiB / 512MiB
1790669602,payflow-prometheus-1,0.88%,79.43MiB / 1GiB
1790669602,k3d-tiny-url-serverlb,0.00%,25.55MiB / 10.7GiB
1790669602,k3d-tiny-url-server-0,12.96%,1.089GiB / 10.7GiB
1790669615,vigorous_raman,6.83%,36.21MiB / 10.7GiB
1790669615,payflow-payflow-1,78.66%,564.4MiB / 1.5GiB
1790669615,payflow-postgres-exporter-1,0.00%,8.887MiB / 128MiB
1790669615,payflow-postgres-1,34.81%,636.4MiB / 1GiB
1790669615,payflow-mongo-1,4.23%,225.1MiB / 1GiB
1790669615,payflow-kafka-1,37.07%,924.2MiB / 1.5GiB
1790669615,payflow-keycloak-1,0.19%,743.9MiB / 10.7GiB
1790669615,payflow-settlement-rail-1,0.72%,41.27MiB / 256MiB
1790669615,payflow-tempo-1,4.66%,140.3MiB / 1.5GiB
1790669615,payflow-grafana-1,1.24%,337.9MiB / 512MiB
1790669615,payflow-prometheus-1,0.80%,79.44MiB / 1GiB
1790669615,k3d-tiny-url-serverlb,0.00%,25.55MiB / 10.7GiB
1790669615,k3d-tiny-url-server-0,7.85%,1.09GiB / 10.7GiB
1790669627,vigorous_raman,3.19%,36.21MiB / 10.7GiB
1790669627,payflow-payflow-1,67.38%,564.4MiB / 1.5GiB
1790669627,payflow-postgres-exporter-1,0.00%,8.336MiB / 128MiB
1790669627,payflow-postgres-1,30.45%,636MiB / 1GiB
1790669627,payflow-mongo-1,4.36%,225.8MiB / 1GiB
1790669627,payflow-kafka-1,186.91%,1017MiB / 1.5GiB
1790669627,payflow-keycloak-1,0.14%,743.9MiB / 10.7GiB
1790669627,payflow-settlement-rail-1,0.74%,41.34MiB / 256MiB
1790669627,payflow-tempo-1,0.29%,141.1MiB / 1.5GiB
1790669627,payflow-grafana-1,0.73%,337.9MiB / 512MiB
1790669627,payflow-prometheus-1,0.15%,79.44MiB / 1GiB
1790669627,k3d-tiny-url-serverlb,0.00%,25.55MiB / 10.7GiB
1790669627,k3d-tiny-url-server-0,6.91%,1.089GiB / 10.7GiB
1790669639,vigorous_raman,4.05%,36.21MiB / 10.7GiB
1790669639,payflow-payflow-1,69.17%,564.4MiB / 1.5GiB
1790669639,payflow-postgres-exporter-1,0.00%,8.367MiB / 128MiB
1790669639,payflow-postgres-1,32.66%,635.6MiB / 1GiB
1790669639,payflow-mongo-1,51.37%,228.3MiB / 1GiB
1790669639,payflow-kafka-1,26.73%,931.4MiB / 1.5GiB
1790669639,payflow-keycloak-1,0.21%,743.8MiB / 10.7GiB
1790669639,payflow-settlement-rail-1,0.75%,41.39MiB / 256MiB
1790669639,payflow-tempo-1,0.94%,144.1MiB / 1.5GiB
1790669639,payflow-grafana-1,1.00%,337.9MiB / 512MiB
1790669639,payflow-prometheus-1,0.27%,79.45MiB / 1GiB
1790669639,k3d-tiny-url-serverlb,0.00%,25.55MiB / 10.7GiB
1790669639,k3d-tiny-url-server-0,10.49%,1.089GiB / 10.7GiB
1790669651,vigorous_raman,3.45%,36.21MiB / 10.7GiB
1790669651,payflow-payflow-1,60.55%,564.4MiB / 1.5GiB
1790669651,payflow-postgres-exporter-1,1.61%,8.227MiB / 128MiB
1790669651,payflow-postgres-1,93.98%,723.2MiB / 1GiB
1790669651,payflow-mongo-1,3.68%,225.9MiB / 1GiB
1790669651,payflow-kafka-1,15.24%,930.8MiB / 1.5GiB
1790669651,payflow-keycloak-1,0.13%,743.8MiB / 10.7GiB
1790669651,payflow-settlement-rail-1,0.61%,41.42MiB / 256MiB
1790669651,payflow-tempo-1,0.83%,141MiB / 1.5GiB
1790669651,payflow-grafana-1,0.78%,337.9MiB / 512MiB
1790669651,payflow-prometheus-1,0.20%,79.45MiB / 1GiB
1790669651,k3d-tiny-url-serverlb,0.00%,25.55MiB / 10.7GiB
1790669651,k3d-tiny-url-server-0,8.23%,1.089GiB / 10.7GiB
1790669664,vigorous_raman,4.35%,36.21MiB / 10.7GiB
1790669664,payflow-payflow-1,76.43%,564.5MiB / 1.5GiB
1790669664,payflow-postgres-exporter-1,0.00%,8.539MiB / 128MiB
1790669664,payflow-postgres-1,40.33%,704.3MiB / 1GiB
1790669664,payflow-mongo-1,4.63%,225.7MiB / 1GiB
1790669664,payflow-kafka-1,23.23%,934.9MiB / 1.5GiB
1790669664,payflow-keycloak-1,0.22%,743.9MiB / 10.7GiB
1790669664,payflow-settlement-rail-1,0.75%,41.49MiB / 256MiB
1790669664,payflow-tempo-1,0.34%,142.9MiB / 1.5GiB
1790669664,payflow-grafana-1,1.20%,337.9MiB / 512MiB
1790669664,payflow-prometheus-1,0.24%,79.45MiB / 1GiB
1790669664,k3d-tiny-url-serverlb,0.00%,25.55MiB / 10.7GiB
1790669664,k3d-tiny-url-server-0,8.83%,1.089GiB / 10.7GiB
1790669676,vigorous_raman,4.61%,36.21MiB / 10.7GiB
1790669676,payflow-payflow-1,69.77%,564.5MiB / 1.5GiB
1790669676,payflow-postgres-exporter-1,2.95%,9.121MiB / 128MiB
1790669676,payflow-postgres-1,35.00%,703.9MiB / 1GiB
1790669676,payflow-mongo-1,3.67%,225.7MiB / 1GiB
1790669676,payflow-kafka-1,18.10%,935.7MiB / 1.5GiB
1790669676,payflow-keycloak-1,0.17%,743.9MiB / 10.7GiB
1790669676,payflow-settlement-rail-1,0.59%,41.55MiB / 256MiB
1790669676,payflow-tempo-1,0.78%,143.4MiB / 1.5GiB
1790669676,payflow-grafana-1,1.01%,337.9MiB / 512MiB
1790669676,payflow-prometheus-1,0.73%,79.46MiB / 1GiB
1790669676,k3d-tiny-url-serverlb,0.01%,25.55MiB / 10.7GiB
1790669676,k3d-tiny-url-server-0,11.13%,1.09GiB / 10.7GiB
1790669688,vigorous_raman,4.46%,36.21MiB / 10.7GiB
1790669688,payflow-payflow-1,76.29%,564.4MiB / 1.5GiB
1790669688,payflow-postgres-exporter-1,0.00%,8.691MiB / 128MiB
1790669688,payflow-postgres-1,33.88%,728.3MiB / 1GiB
1790669688,payflow-mongo-1,5.41%,230.2MiB / 1GiB
1790669688,payflow-kafka-1,26.65%,939.6MiB / 1.5GiB
1790669688,payflow-keycloak-1,0.26%,743.9MiB / 10.7GiB
1790669688,payflow-settlement-rail-1,0.66%,41.6MiB / 256MiB
1790669688,payflow-tempo-1,1.87%,143.4MiB / 1.5GiB
1790669688,payflow-grafana-1,1.18%,337.9MiB / 512MiB
1790669688,payflow-prometheus-1,0.83%,79.46MiB / 1GiB
1790669688,k3d-tiny-url-serverlb,0.00%,25.55MiB / 10.7GiB
1790669688,k3d-tiny-url-server-0,16.82%,1.089GiB / 10.7GiB
1790669700,vigorous_raman,3.19%,36.21MiB / 10.7GiB
1790669700,payflow-payflow-1,75.85%,564.5MiB / 1.5GiB
1790669700,payflow-postgres-exporter-1,1.57%,8.574MiB / 128MiB
1790669700,payflow-postgres-1,29.13%,709.5MiB / 1GiB
1790669700,payflow-mongo-1,35.00%,225.5MiB / 1GiB
1790669700,payflow-kafka-1,187.34%,1.013GiB / 1.5GiB
1790669700,payflow-keycloak-1,18.44%,744MiB / 10.7GiB
1790669700,payflow-settlement-rail-1,0.61%,41.65MiB / 256MiB
1790669700,payflow-tempo-1,2.08%,141.7MiB / 1.5GiB
1790669700,payflow-grafana-1,0.75%,337.9MiB / 512MiB
1790669700,payflow-prometheus-1,0.63%,79.46MiB / 1GiB
1790669700,k3d-tiny-url-serverlb,0.00%,25.55MiB / 10.7GiB
1790669700,k3d-tiny-url-server-0,11.96%,1.089GiB / 10.7GiB
1790669712,vigorous_raman,3.95%,36.21MiB / 10.7GiB
1790669712,payflow-payflow-1,92.92%,564.7MiB / 1.5GiB
1790669712,payflow-postgres-exporter-1,0.00%,9.43MiB / 128MiB
1790669712,payflow-postgres-1,33.27%,689.8MiB / 1GiB
1790669712,payflow-mongo-1,5.68%,225.5MiB / 1GiB
1790669712,payflow-kafka-1,23.89%,946.9MiB / 1.5GiB
1790669712,payflow-keycloak-1,0.20%,744.4MiB / 10.7GiB
1790669712,payflow-settlement-rail-1,0.76%,41.7MiB / 256MiB
1790669712,payflow-tempo-1,0.97%,143MiB / 1.5GiB
1790669712,payflow-grafana-1,1.75%,337.9MiB / 512MiB
1790669712,payflow-prometheus-1,0.64%,79.46MiB / 1GiB
1790669712,k3d-tiny-url-serverlb,0.00%,25.55MiB / 10.7GiB
1790669712,k3d-tiny-url-server-0,10.25%,1.089GiB / 10.7GiB
1790669725,vigorous_raman,5.48%,36.21MiB / 10.7GiB
1790669725,payflow-payflow-1,110.91%,564.6MiB / 1.5GiB
1790669725,payflow-postgres-exporter-1,0.00%,8.602MiB / 128MiB
1790669725,payflow-postgres-1,48.55%,671.8MiB / 1GiB
1790669725,payflow-mongo-1,4.63%,225.5MiB / 1GiB
1790669725,payflow-kafka-1,24.03%,957.5MiB / 1.5GiB
1790669725,payflow-keycloak-1,0.19%,744.4MiB / 10.7GiB
1790669725,payflow-settlement-rail-1,0.78%,41.77MiB / 256MiB
1790669725,payflow-tempo-1,3.06%,142.9MiB / 1.5GiB
1790669725,payflow-grafana-1,1.34%,337.9MiB / 512MiB
1790669725,payflow-prometheus-1,1.44%,79.47MiB / 1GiB
1790669725,k3d-tiny-url-serverlb,0.00%,25.55MiB / 10.7GiB
1790669725,k3d-tiny-url-server-0,15.84%,1.089GiB / 10.7GiB
1790669737,vigorous_raman,4.75%,36.21MiB / 10.7GiB
1790669737,payflow-payflow-1,103.28%,564.5MiB / 1.5GiB
1790669737,payflow-postgres-exporter-1,0.00%,8.691MiB / 128MiB
1790669737,payflow-postgres-1,39.79%,657.2MiB / 1GiB
1790669737,payflow-mongo-1,4.03%,225.5MiB / 1GiB
1790669737,payflow-kafka-1,25.39%,952.7MiB / 1.5GiB
1790669737,payflow-keycloak-1,1.14%,745.1MiB / 10.7GiB
1790669737,payflow-settlement-rail-1,1.06%,41.82MiB / 256MiB
1790669737,payflow-tempo-1,1.74%,143.5MiB / 1.5GiB
1790669737,payflow-grafana-1,1.04%,337.9MiB / 512MiB
1790669737,payflow-prometheus-1,0.22%,79.47MiB / 1GiB
1790669737,k3d-tiny-url-serverlb,0.00%,25.55MiB / 10.7GiB
1790669737,k3d-tiny-url-server-0,14.53%,1.088GiB / 10.7GiB
1790669749,vigorous_raman,4.88%,36.21MiB / 10.7GiB
1790669749,payflow-payflow-1,79.92%,564.8MiB / 1.5GiB
1790669749,payflow-postgres-exporter-1,0.00%,8.91MiB / 128MiB
1790669749,payflow-postgres-1,37.60%,656.4MiB / 1GiB
1790669749,payflow-mongo-1,49.65%,225.6MiB / 1GiB
1790669749,payflow-kafka-1,21.37%,955.9MiB / 1.5GiB
1790669749,payflow-keycloak-1,0.20%,745.1MiB / 10.7GiB
1790669749,payflow-settlement-rail-1,0.72%,42.08MiB / 256MiB
1790669749,payflow-tempo-1,0.46%,139.9MiB / 1.5GiB
1790669749,payflow-grafana-1,1.01%,337.9MiB / 512MiB
1790669749,payflow-prometheus-1,0.41%,79.47MiB / 1GiB
1790669749,k3d-tiny-url-serverlb,0.00%,25.55MiB / 10.7GiB
1790669749,k3d-tiny-url-server-0,12.37%,1.089GiB / 10.7GiB
1790669761,vigorous_raman,2.80%,36.21MiB / 10.7GiB
1790669761,payflow-payflow-1,94.60%,564.8MiB / 1.5GiB
1790669761,payflow-postgres-exporter-1,0.00%,8.863MiB / 128MiB
1790669761,payflow-postgres-1,42.75%,639.7MiB / 1GiB
1790669761,payflow-mongo-1,3.68%,225.6MiB / 1GiB
1790669761,payflow-kafka-1,32.64%,958.2MiB / 1.5GiB
1790669761,payflow-keycloak-1,0.22%,745MiB / 10.7GiB
1790669761,payflow-settlement-rail-1,1.10%,41.95MiB / 256MiB
1790669761,payflow-tempo-1,0.33%,140.8MiB / 1.5GiB
1790669761,payflow-grafana-1,1.15%,337.9MiB / 512MiB
1790669761,payflow-prometheus-1,0.31%,79.47MiB / 1GiB
1790669761,k3d-tiny-url-serverlb,0.00%,25.55MiB / 10.7GiB
1790669761,k3d-tiny-url-server-0,11.40%,1.089GiB / 10.7GiB
1790669774,vigorous_raman,5.42%,36.22MiB / 10.7GiB
1790669774,payflow-payflow-1,62.24%,564.7MiB / 1.5GiB
1790669774,payflow-postgres-exporter-1,0.00%,8.293MiB / 128MiB
1790669774,payflow-postgres-1,27.36%,702.6MiB / 1GiB
1790669774,payflow-mongo-1,3.63%,225.7MiB / 1GiB
1790669774,payflow-kafka-1,191.98%,1.037GiB / 1.5GiB
1790669774,payflow-keycloak-1,0.18%,745MiB / 10.7GiB
1790669774,payflow-settlement-rail-1,0.57%,41.99MiB / 256MiB
1790669774,payflow-tempo-1,0.24%,142MiB / 1.5GiB
1790669774,payflow-grafana-1,0.85%,337.7MiB / 512MiB
1790669774,payflow-prometheus-1,0.29%,79.48MiB / 1GiB
1790669774,k3d-tiny-url-serverlb,0.00%,25.55MiB / 10.7GiB
1790669774,k3d-tiny-url-server-0,7.17%,1.089GiB / 10.7GiB
1790669786,vigorous_raman,5.53%,36.23MiB / 10.7GiB
1790669786,payflow-payflow-1,103.31%,564.7MiB / 1.5GiB
1790669786,payflow-postgres-exporter-1,2.09%,8.504MiB / 128MiB
1790669786,payflow-postgres-1,52.86%,703.3MiB / 1GiB
1790669786,payflow-mongo-1,4.34%,225.7MiB / 1GiB
1790669786,payflow-kafka-1,24.80%,962.9MiB / 1.5GiB
1790669786,payflow-keycloak-1,0.22%,745MiB / 10.7GiB
1790669786,payflow-settlement-rail-1,0.87%,42.07MiB / 256MiB
1790669786,payflow-tempo-1,1.26%,143.7MiB / 1.5GiB
1790669786,payflow-grafana-1,1.02%,337.7MiB / 512MiB
1790669786,payflow-prometheus-1,0.60%,79.48MiB / 1GiB
1790669786,k3d-tiny-url-serverlb,0.00%,25.55MiB / 10.7GiB
1790669786,k3d-tiny-url-server-0,11.93%,1.089GiB / 10.7GiB
1790669798,vigorous_raman,3.19%,36.23MiB / 10.7GiB
1790669798,payflow-payflow-1,90.36%,564.8MiB / 1.5GiB
1790669798,payflow-postgres-exporter-1,0.00%,9.062MiB / 128MiB
1790669798,payflow-postgres-1,29.49%,703.7MiB / 1GiB
1790669798,payflow-mongo-1,28.61%,372.9MiB / 1GiB
1790669798,payflow-kafka-1,18.43%,966.9MiB / 1.5GiB
1790669798,payflow-keycloak-1,0.19%,745MiB / 10.7GiB
1790669798,payflow-settlement-rail-1,0.66%,42.11MiB / 256MiB
1790669798,payflow-tempo-1,0.29%,144.4MiB / 1.5GiB
1790669798,payflow-grafana-1,1.11%,337.7MiB / 512MiB
1790669798,payflow-prometheus-1,0.88%,79.48MiB / 1GiB
1790669798,k3d-tiny-url-serverlb,0.00%,25.55MiB / 10.7GiB
1790669798,k3d-tiny-url-server-0,9.88%,1.09GiB / 10.7GiB
1790669810,vigorous_raman,4.35%,36.22MiB / 10.7GiB
1790669810,payflow-payflow-1,78.60%,564.8MiB / 1.5GiB
1790669810,payflow-postgres-exporter-1,2.52%,9.098MiB / 128MiB
1790669810,payflow-postgres-1,46.37%,688.7MiB / 1GiB
1790669810,payflow-mongo-1,10.95%,226.2MiB / 1GiB
1790669810,payflow-kafka-1,22.43%,969.7MiB / 1.5GiB
1790669810,payflow-keycloak-1,0.25%,745MiB / 10.7GiB
1790669810,payflow-settlement-rail-1,0.84%,42.18MiB / 256MiB
1790669810,payflow-tempo-1,0.87%,144.7MiB / 1.5GiB
1790669810,payflow-grafana-1,1.35%,337.7MiB / 512MiB
1790669810,payflow-prometheus-1,0.74%,79.48MiB / 1GiB
1790669810,k3d-tiny-url-serverlb,0.00%,25.55MiB / 10.7GiB
1790669810,k3d-tiny-url-server-0,9.74%,1.09GiB / 10.7GiB
1790669823,vigorous_raman,3.69%,36.23MiB / 10.7GiB
1790669823,payflow-payflow-1,91.60%,564.8MiB / 1.5GiB
1790669823,payflow-postgres-exporter-1,0.00%,8.637MiB / 128MiB
1790669823,payflow-postgres-1,34.01%,676.6MiB / 1GiB
1790669823,payflow-mongo-1,5.58%,226.2MiB / 1GiB
1790669823,payflow-kafka-1,21.24%,971.7MiB / 1.5GiB
1790669823,payflow-keycloak-1,0.23%,744.9MiB / 10.7GiB
1790669823,payflow-settlement-rail-1,0.66%,42.23MiB / 256MiB
1790669823,payflow-tempo-1,0.37%,144.8MiB / 1.5GiB
1790669823,payflow-grafana-1,1.03%,337.7MiB / 512MiB
1790669823,payflow-prometheus-1,0.72%,79.48MiB / 1GiB
1790669823,k3d-tiny-url-serverlb,0.00%,25.55MiB / 10.7GiB
1790669823,k3d-tiny-url-server-0,7.75%,1.09GiB / 10.7GiB
1790669835,vigorous_raman,3.18%,36.22MiB / 10.7GiB
1790669835,payflow-payflow-1,81.29%,565.7MiB / 1.5GiB
1790669835,payflow-postgres-exporter-1,0.00%,8.672MiB / 128MiB
1790669835,payflow-postgres-1,48.84%,634.9MiB / 1GiB
1790669835,payflow-mongo-1,5.13%,226.4MiB / 1GiB
1790669835,payflow-kafka-1,149.40%,1.057GiB / 1.5GiB
1790669835,payflow-keycloak-1,0.16%,744.9MiB / 10.7GiB
1790669835,payflow-settlement-rail-1,0.75%,42.28MiB / 256MiB
1790669835,payflow-tempo-1,1.91%,145.2MiB / 1.5GiB
1790669835,payflow-grafana-1,0.77%,337.7MiB / 512MiB
1790669835,payflow-prometheus-1,1.74%,79.49MiB / 1GiB
1790669835,k3d-tiny-url-serverlb,0.00%,25.55MiB / 10.7GiB
1790669835,k3d-tiny-url-server-0,10.91%,1.09GiB / 10.7GiB
1790669847,vigorous_raman,3.63%,40.38MiB / 10.7GiB
1790669847,payflow-payflow-1,81.61%,565MiB / 1.5GiB
1790669847,payflow-postgres-exporter-1,0.00%,8.852MiB / 128MiB
1790669847,payflow-postgres-1,32.24%,632.2MiB / 1GiB
1790669847,payflow-mongo-1,5.52%,226.4MiB / 1GiB
1790669847,payflow-kafka-1,88.25%,1022MiB / 1.5GiB
1790669847,payflow-keycloak-1,0.38%,745.1MiB / 10.7GiB
1790669847,payflow-settlement-rail-1,0.67%,42.34MiB / 256MiB
1790669847,payflow-tempo-1,0.29%,141MiB / 1.5GiB
1790669847,payflow-grafana-1,0.84%,337.7MiB / 512MiB
1790669847,payflow-prometheus-1,0.16%,79.5MiB / 1GiB
1790669847,k3d-tiny-url-serverlb,0.00%,25.55MiB / 10.7GiB
1790669847,k3d-tiny-url-server-0,7.62%,1.09GiB / 10.7GiB
1790669859,vigorous_raman,3.94%,39.13MiB / 10.7GiB
1790669859,payflow-payflow-1,90.36%,565MiB / 1.5GiB
1790669859,payflow-postgres-exporter-1,0.00%,8.797MiB / 128MiB
1790669859,payflow-postgres-1,35.31%,631.4MiB / 1GiB
1790669859,payflow-mongo-1,51.95%,227.9MiB / 1GiB
1790669859,payflow-kafka-1,22.42%,983.9MiB / 1.5GiB
1790669859,payflow-keycloak-1,0.18%,745.1MiB / 10.7GiB
1790669859,payflow-settlement-rail-1,0.88%,42.64MiB / 256MiB
1790669859,payflow-tempo-1,0.92%,142.4MiB / 1.5GiB
1790669859,payflow-grafana-1,0.88%,337.7MiB / 512MiB
1790669859,payflow-prometheus-1,0.26%,79.5MiB / 1GiB
1790669859,k3d-tiny-url-serverlb,0.00%,25.55MiB / 10.7GiB
1790669859,k3d-tiny-url-server-0,11.33%,1.09GiB / 10.7GiB
1790669871,vigorous_raman,4.53%,39.13MiB / 10.7GiB
1790669871,payflow-payflow-1,84.34%,564.8MiB / 1.5GiB
1790669871,payflow-postgres-exporter-1,0.00%,8.789MiB / 128MiB
1790669871,payflow-postgres-1,40.77%,630.3MiB / 1GiB
1790669871,payflow-mongo-1,4.59%,227.9MiB / 1GiB
1790669871,payflow-kafka-1,21.09%,982.6MiB / 1.5GiB
1790669871,payflow-keycloak-1,0.19%,745.1MiB / 10.7GiB
1790669871,payflow-settlement-rail-1,0.79%,42.45MiB / 256MiB
1790669871,payflow-tempo-1,0.36%,143.4MiB / 1.5GiB
1790669871,payflow-grafana-1,0.96%,337.7MiB / 512MiB
1790669871,payflow-prometheus-1,0.26%,79.5MiB / 1GiB
1790669871,k3d-tiny-url-serverlb,0.00%,25.55MiB / 10.7GiB
1790669871,k3d-tiny-url-server-0,10.95%,1.09GiB / 10.7GiB
1790669884,vigorous_raman,5.76%,39.2MiB / 10.7GiB
1790669884,payflow-payflow-1,79.21%,565MiB / 1.5GiB
1790669884,payflow-postgres-exporter-1,0.00%,8.895MiB / 128MiB
1790669884,payflow-postgres-1,34.34%,630.3MiB / 1GiB
1790669884,payflow-mongo-1,4.32%,228.4MiB / 1GiB
1790669884,payflow-kafka-1,23.66%,986.2MiB / 1.5GiB
1790669884,payflow-keycloak-1,0.22%,745MiB / 10.7GiB
1790669884,payflow-settlement-rail-1,0.85%,42.51MiB / 256MiB
1790669884,payflow-tempo-1,0.37%,145.3MiB / 1.5GiB
1790669884,payflow-grafana-1,1.26%,337.7MiB / 512MiB
1790669884,payflow-prometheus-1,0.26%,79.5MiB / 1GiB
1790669884,k3d-tiny-url-serverlb,0.00%,25.55MiB / 10.7GiB
1790669884,k3d-tiny-url-server-0,12.33%,1.09GiB / 10.7GiB
1790669896,vigorous_raman,4.01%,39.52MiB / 10.7GiB
1790669896,payflow-payflow-1,78.12%,564.9MiB / 1.5GiB
1790669896,payflow-postgres-exporter-1,1.62%,8.945MiB / 128MiB
1790669896,payflow-postgres-1,51.71%,664.2MiB / 1GiB
1790669896,payflow-mongo-1,4.00%,227.2MiB / 1GiB
1790669896,payflow-kafka-1,23.72%,989.3MiB / 1.5GiB
1790669896,payflow-keycloak-1,0.18%,745MiB / 10.7GiB
1790669896,payflow-settlement-rail-1,0.74%,42.57MiB / 256MiB
1790669896,payflow-tempo-1,0.31%,145.3MiB / 1.5GiB
1790669896,payflow-grafana-1,0.97%,337.7MiB / 512MiB
1790669896,payflow-prometheus-1,0.68%,79.51MiB / 1GiB
1790669896,k3d-tiny-url-serverlb,0.00%,25.55MiB / 10.7GiB
1790669896,k3d-tiny-url-server-0,11.71%,1.09GiB / 10.7GiB
1790669908,vigorous_raman,2.70%,39.16MiB / 10.7GiB
1790669908,payflow-payflow-1,81.09%,564.8MiB / 1.5GiB
1790669908,payflow-postgres-exporter-1,0.00%,8.652MiB / 128MiB
1790669908,payflow-postgres-1,27.09%,625.4MiB / 1GiB
1790669908,payflow-mongo-1,32.87%,379.6MiB / 1GiB
1790669908,payflow-kafka-1,133.50%,1.073GiB / 1.5GiB
1790669908,payflow-keycloak-1,0.26%,745.6MiB / 10.7GiB
1790669908,payflow-settlement-rail-1,0.59%,42.63MiB / 256MiB
1790669908,payflow-tempo-1,0.80%,144.2MiB / 1.5GiB
1790669908,payflow-grafana-1,1.01%,337.7MiB / 512MiB
1790669908,payflow-prometheus-1,0.58%,79.51MiB / 1GiB
1790669908,k3d-tiny-url-serverlb,0.00%,25.55MiB / 10.7GiB
1790669908,k3d-tiny-url-server-0,8.75%,1.09GiB / 10.7GiB
1790669920,vigorous_raman,7.05%,39.23MiB / 10.7GiB
1790669920,payflow-payflow-1,92.18%,565.1MiB / 1.5GiB
1790669920,payflow-postgres-exporter-1,1.82%,8.805MiB / 128MiB
1790669920,payflow-postgres-1,34.01%,626.8MiB / 1GiB
1790669920,payflow-mongo-1,4.75%,228.6MiB / 1GiB
1790669920,payflow-kafka-1,103.58%,1.02GiB / 1.5GiB
1790669920,payflow-keycloak-1,0.22%,745.7MiB / 10.7GiB
1790669920,payflow-settlement-rail-1,0.79%,42.69MiB / 256MiB
1790669920,payflow-tempo-1,1.80%,139.4MiB / 1.5GiB
1790669920,payflow-grafana-1,0.92%,337.7MiB / 512MiB
1790669920,payflow-prometheus-1,0.59%,79.51MiB / 1GiB
1790669920,k3d-tiny-url-serverlb,0.00%,25.55MiB / 10.7GiB
1790669920,k3d-tiny-url-server-0,8.16%,1.09GiB / 10.7GiB
1790669933,vigorous_raman,3.92%,39.24MiB / 10.7GiB
1790669933,payflow-payflow-1,111.78%,564.9MiB / 1.5GiB
1790669933,payflow-postgres-exporter-1,0.00%,8.762MiB / 128MiB
1790669933,payflow-postgres-1,37.43%,626MiB / 1GiB
1790669933,payflow-mongo-1,4.72%,228.6MiB / 1GiB
1790669933,payflow-kafka-1,21.47%,997.4MiB / 1.5GiB
1790669933,payflow-keycloak-1,0.22%,745.7MiB / 10.7GiB
1790669933,payflow-settlement-rail-1,0.79%,42.75MiB / 256MiB
1790669933,payflow-tempo-1,1.14%,140.4MiB / 1.5GiB
1790669933,payflow-grafana-1,0.92%,337.7MiB / 512MiB
1790669933,payflow-prometheus-1,0.97%,79.52MiB / 1GiB
1790669933,k3d-tiny-url-serverlb,0.00%,25.55MiB / 10.7GiB
1790669933,k3d-tiny-url-server-0,11.30%,1.09GiB / 10.7GiB
1790669945,vigorous_raman,4.25%,39.25MiB / 10.7GiB
1790669945,payflow-payflow-1,91.71%,564.9MiB / 1.5GiB
1790669945,payflow-postgres-exporter-1,0.00%,8.277MiB / 128MiB
1790669945,payflow-postgres-1,34.65%,625.7MiB / 1GiB
1790669945,payflow-mongo-1,4.40%,228.3MiB / 1GiB
1790669945,payflow-kafka-1,20.67%,1000MiB / 1.5GiB
1790669945,payflow-keycloak-1,10.29%,747.9MiB / 10.7GiB
1790669945,payflow-settlement-rail-1,0.58%,42.8MiB / 256MiB
1790669945,payflow-tempo-1,3.25%,141.9MiB / 1.5GiB
1790669945,payflow-grafana-1,1.03%,337.7MiB / 512MiB
1790669945,payflow-prometheus-1,0.70%,79.52MiB / 1GiB
1790669945,k3d-tiny-url-serverlb,0.00%,25.55MiB / 10.7GiB
1790669945,k3d-tiny-url-server-0,13.64%,1.091GiB / 10.7GiB
1790669957,vigorous_raman,4.88%,39.24MiB / 10.7GiB
1790669957,payflow-payflow-1,88.30%,565MiB / 1.5GiB
1790669957,payflow-postgres-exporter-1,0.00%,8.383MiB / 128MiB
1790669957,payflow-postgres-1,34.90%,626.7MiB / 1GiB
1790669957,payflow-mongo-1,4.43%,230.6MiB / 1GiB
1790669957,payflow-kafka-1,19.03%,1002MiB / 1.5GiB
1790669957,payflow-keycloak-1,0.17%,747.9MiB / 10.7GiB
1790669957,payflow-settlement-rail-1,0.64%,42.84MiB / 256MiB
1790669957,payflow-tempo-1,0.32%,143.4MiB / 1.5GiB
1790669957,payflow-grafana-1,1.04%,337.7MiB / 512MiB
1790669957,payflow-prometheus-1,0.23%,79.52MiB / 1GiB
1790669957,k3d-tiny-url-serverlb,0.00%,25.55MiB / 10.7GiB
1790669957,k3d-tiny-url-server-0,13.88%,1.09GiB / 10.7GiB
1790669969,vigorous_raman,3.99%,39.25MiB / 10.7GiB
1790669969,payflow-payflow-1,88.31%,565.6MiB / 1.5GiB
1790669969,payflow-postgres-exporter-1,0.00%,8.742MiB / 128MiB
1790669969,payflow-postgres-1,35.67%,627.7MiB / 1GiB
1790669969,payflow-mongo-1,50.06%,230.6MiB / 1GiB
1790669969,payflow-kafka-1,22.39%,1006MiB / 1.5GiB
1790669969,payflow-keycloak-1,1.20%,747.9MiB / 10.7GiB
1790669969,payflow-settlement-rail-1,0.81%,42.92MiB / 256MiB
1790669969,payflow-tempo-1,0.24%,141.2MiB / 1.5GiB
1790669969,payflow-grafana-1,0.89%,337.7MiB / 512MiB
1790669969,payflow-prometheus-1,0.69%,79.53MiB / 1GiB
1790669969,k3d-tiny-url-serverlb,0.00%,25.55MiB / 10.7GiB
1790669969,k3d-tiny-url-server-0,7.61%,1.091GiB / 10.7GiB
1790669982,vigorous_raman,4.26%,39.25MiB / 10.7GiB
1790669982,payflow-payflow-1,65.16%,565MiB / 1.5GiB
1790669982,payflow-postgres-exporter-1,1.60%,9.043MiB / 128MiB
1790669982,payflow-postgres-1,31.06%,627.8MiB / 1GiB
1790669982,payflow-mongo-1,4.67%,228.7MiB / 1GiB
1790669982,payflow-kafka-1,144.76%,1.09GiB / 1.5GiB
1790669982,payflow-keycloak-1,0.18%,747.8MiB / 10.7GiB
1790669982,payflow-settlement-rail-1,0.55%,43.81MiB / 256MiB
1790669982,payflow-tempo-1,1.17%,143.8MiB / 1.5GiB
1790669982,payflow-grafana-1,1.18%,337.7MiB / 512MiB
1790669982,payflow-prometheus-1,0.16%,79.54MiB / 1GiB
1790669982,k3d-tiny-url-serverlb,0.00%,25.55MiB / 10.7GiB
1790669982,k3d-tiny-url-server-0,7.97%,1.09GiB / 10.7GiB
1790669994,vigorous_raman,4.02%,39.24MiB / 10.7GiB
1790669994,payflow-payflow-1,68.86%,565.1MiB / 1.5GiB
1790669994,payflow-postgres-exporter-1,0.00%,8.383MiB / 128MiB
1790669994,payflow-postgres-1,32.53%,684.9MiB / 1GiB
1790669994,payflow-mongo-1,3.89%,228.7MiB / 1GiB
1790669994,payflow-kafka-1,78.93%,1.032GiB / 1.5GiB
1790669994,payflow-keycloak-1,0.19%,747.8MiB / 10.7GiB
1790669994,payflow-settlement-rail-1,0.62%,43.8MiB / 256MiB
1790669994,payflow-tempo-1,0.31%,142.3MiB / 1.5GiB
1790669994,payflow-grafana-1,0.95%,337.7MiB / 512MiB
1790669994,payflow-prometheus-1,0.26%,79.54MiB / 1GiB
1790669994,k3d-tiny-url-serverlb,0.00%,25.55MiB / 10.7GiB
1790669994,k3d-tiny-url-server-0,11.45%,1.09GiB / 10.7GiB
1790670006,vigorous_raman,7.79%,39.25MiB / 10.7GiB
1790670006,payflow-payflow-1,80.10%,565.5MiB / 1.5GiB
1790670006,payflow-postgres-exporter-1,1.38%,8.574MiB / 128MiB
1790670006,payflow-postgres-1,41.68%,671.4MiB / 1GiB
1790670006,payflow-mongo-1,6.19%,227.4MiB / 1GiB
1790670006,payflow-kafka-1,20.82%,1014MiB / 1.5GiB
1790670006,payflow-keycloak-1,0.23%,747.7MiB / 10.7GiB
1790670006,payflow-settlement-rail-1,0.92%,43.82MiB / 256MiB
1790670006,payflow-tempo-1,0.91%,141.5MiB / 1.5GiB
1790670006,payflow-grafana-1,1.04%,337.7MiB / 512MiB
1790670006,payflow-prometheus-1,0.52%,79.54MiB / 1GiB
1790670006,k3d-tiny-url-serverlb,0.00%,25.55MiB / 10.7GiB
1790670006,k3d-tiny-url-server-0,12.83%,1.092GiB / 10.7GiB
1790670018,vigorous_raman,4.26%,39.4MiB / 10.7GiB
1790670018,payflow-payflow-1,76.59%,564.9MiB / 1.5GiB
1790670018,payflow-postgres-exporter-1,0.00%,8.562MiB / 128MiB
1790670018,payflow-postgres-1,36.68%,662.9MiB / 1GiB
1790670018,payflow-mongo-1,47.48%,229.8MiB / 1GiB
1790670018,payflow-kafka-1,18.54%,1018MiB / 1.5GiB
1790670018,payflow-keycloak-1,0.21%,747.7MiB / 10.7GiB
1790670018,payflow-settlement-rail-1,0.75%,43.89MiB / 256MiB
1790670018,payflow-tempo-1,0.38%,143.1MiB / 1.5GiB
1790670018,payflow-grafana-1,2.29%,337.7MiB / 512MiB
1790670018,payflow-prometheus-1,0.20%,79.54MiB / 1GiB
1790670018,k3d-tiny-url-serverlb,0.00%,25.55MiB / 10.7GiB
1790670018,k3d-tiny-url-server-0,7.88%,1.091GiB / 10.7GiB
1790670031,vigorous_raman,8.26%,39.5MiB / 10.7GiB
1790670031,payflow-payflow-1,92.56%,565MiB / 1.5GiB
1790670031,payflow-postgres-exporter-1,2.96%,9.059MiB / 128MiB
1790670031,payflow-postgres-1,53.12%,654.7MiB / 1GiB
1790670031,payflow-mongo-1,51.34%,227.4MiB / 1GiB
1790670031,payflow-kafka-1,28.66%,1020MiB / 1.5GiB
1790670031,payflow-keycloak-1,0.21%,747.7MiB / 10.7GiB
1790670031,payflow-settlement-rail-1,1.14%,43.94MiB / 256MiB
1790670031,payflow-tempo-1,0.35%,140.7MiB / 1.5GiB
1790670031,payflow-grafana-1,1.21%,337.7MiB / 512MiB
1790670031,payflow-prometheus-1,0.60%,79.54MiB / 1GiB
1790670031,k3d-tiny-url-serverlb,0.00%,25.55MiB / 10.7GiB
1790670031,k3d-tiny-url-server-0,14.42%,1.092GiB / 10.7GiB
1790670043,vigorous_raman,3.94%,39.5MiB / 10.7GiB
1790670043,payflow-payflow-1,78.00%,565.3MiB / 1.5GiB
1790670043,payflow-postgres-exporter-1,0.00%,8.586MiB / 128MiB
1790670043,payflow-postgres-1,48.97%,647MiB / 1GiB
1790670043,payflow-mongo-1,4.49%,227.2MiB / 1GiB
1790670043,payflow-kafka-1,15.85%,1023MiB / 1.5GiB
1790670043,payflow-keycloak-1,0.15%,747.7MiB / 10.7GiB
1790670043,payflow-settlement-rail-1,0.40%,43.98MiB / 256MiB
1790670043,payflow-tempo-1,0.28%,142.2MiB / 1.5GiB
1790670043,payflow-grafana-1,1.88%,337.7MiB / 512MiB
1790670043,payflow-prometheus-1,1.68%,79.55MiB / 1GiB
1790670043,k3d-tiny-url-serverlb,0.00%,25.55MiB / 10.7GiB
1790670043,k3d-tiny-url-server-0,8.75%,1.092GiB / 10.7GiB
1790670055,vigorous_raman,3.76%,39.18MiB / 10.7GiB
1790670055,payflow-payflow-1,85.31%,565.1MiB / 1.5GiB
1790670055,payflow-postgres-exporter-1,0.00%,8.395MiB / 128MiB
1790670055,payflow-postgres-1,28.74%,640.9MiB / 1GiB
1790670055,payflow-mongo-1,3.94%,227.2MiB / 1GiB
1790670055,payflow-kafka-1,142.13%,1.106GiB / 1.5GiB
1790670055,payflow-keycloak-1,0.13%,747.7MiB / 10.7GiB
1790670055,payflow-settlement-rail-1,0.63%,44.05MiB / 256MiB
1790670055,payflow-tempo-1,1.89%,143.1MiB / 1.5GiB
1790670055,payflow-grafana-1,0.77%,337.7MiB / 512MiB
1790670055,payflow-prometheus-1,0.85%,79.55MiB / 1GiB
1790670055,k3d-tiny-url-serverlb,0.00%,25.55MiB / 10.7GiB
1790670055,k3d-tiny-url-server-0,8.27%,1.092GiB / 10.7GiB
1790670067,vigorous_raman,4.56%,39.18MiB / 10.7GiB
1790670067,payflow-payflow-1,87.31%,565.3MiB / 1.5GiB
1790670067,payflow-postgres-exporter-1,0.00%,8.773MiB / 128MiB
1790670067,payflow-postgres-1,38.79%,629.1MiB / 1GiB
1790670067,payflow-mongo-1,5.49%,226.9MiB / 1GiB
1790670067,payflow-kafka-1,100.06%,1.051GiB / 1.5GiB
1790670067,payflow-keycloak-1,0.19%,747.6MiB / 10.7GiB
1790670067,payflow-settlement-rail-1,0.97%,44.11MiB / 256MiB
1790670067,payflow-tempo-1,0.35%,142.9MiB / 1.5GiB
1790670067,payflow-grafana-1,1.26%,337.7MiB / 512MiB
1790670067,payflow-prometheus-1,0.68%,79.55MiB / 1GiB
1790670067,k3d-tiny-url-serverlb,0.00%,25.55MiB / 10.7GiB
1790670067,k3d-tiny-url-server-0,11.56%,1.093GiB / 10.7GiB
1790670079,vigorous_raman,4.29%,39.18MiB / 10.7GiB
1790670079,payflow-payflow-1,73.09%,565.1MiB / 1.5GiB
1790670079,payflow-postgres-exporter-1,0.00%,8.5MiB / 128MiB
1790670079,payflow-postgres-1,29.11%,757.3MiB / 1GiB
1790670079,payflow-mongo-1,38.62%,227MiB / 1GiB
1790670079,payflow-kafka-1,18.77%,1.006GiB / 1.5GiB
1790670079,payflow-keycloak-1,0.20%,747.6MiB / 10.7GiB
1790670079,payflow-settlement-rail-1,0.66%,44.16MiB / 256MiB
1790670079,payflow-tempo-1,0.45%,142.2MiB / 1.5GiB
1790670079,payflow-grafana-1,0.99%,337.7MiB / 512MiB
1790670079,payflow-prometheus-1,0.89%,79.55MiB / 1GiB
1790670079,k3d-tiny-url-serverlb,0.00%,25.55MiB / 10.7GiB
1790670079,k3d-tiny-url-server-0,10.57%,1.092GiB / 10.7GiB
1790670092,vigorous_raman,4.48%,39.19MiB / 10.7GiB
1790670092,payflow-payflow-1,79.14%,565MiB / 1.5GiB
1790670092,payflow-postgres-exporter-1,0.00%,8.594MiB / 128MiB
1790670092,payflow-postgres-1,36.63%,758.1MiB / 1GiB
1790670092,payflow-mongo-1,5.32%,227MiB / 1GiB
1790670092,payflow-kafka-1,22.85%,1.009GiB / 1.5GiB
1790670092,payflow-keycloak-1,0.19%,747.7MiB / 10.7GiB
1790670092,payflow-settlement-rail-1,0.67%,44.21MiB / 256MiB
1790670092,payflow-tempo-1,0.35%,141.9MiB / 1.5GiB
1790670092,payflow-grafana-1,1.14%,337.7MiB / 512MiB
1790670092,payflow-prometheus-1,0.21%,79.55MiB / 1GiB
1790670092,k3d-tiny-url-serverlb,0.00%,25.55MiB / 10.7GiB
1790670092,k3d-tiny-url-server-0,11.66%,1.092GiB / 10.7GiB
1790670104,vigorous_raman,4.70%,39.19MiB / 10.7GiB
1790670104,payflow-payflow-1,88.17%,565MiB / 1.5GiB
1790670104,payflow-postgres-exporter-1,0.00%,8.77MiB / 128MiB
1790670104,payflow-postgres-1,46.90%,750.5MiB / 1GiB
1790670104,payflow-mongo-1,5.82%,227MiB / 1GiB
1790670104,payflow-kafka-1,25.67%,1.011GiB / 1.5GiB
1790670104,payflow-keycloak-1,0.19%,747.7MiB / 10.7GiB
1790670104,payflow-settlement-rail-1,0.85%,44.29MiB / 256MiB
1790670104,payflow-tempo-1,0.37%,142.8MiB / 1.5GiB
1790670104,payflow-grafana-1,1.23%,337.7MiB / 512MiB
1790670104,payflow-prometheus-1,0.35%,79.56MiB / 1GiB
1790670104,k3d-tiny-url-serverlb,0.00%,25.55MiB / 10.7GiB
1790670104,k3d-tiny-url-server-0,12.58%,1.091GiB / 10.7GiB
1790670116,vigorous_raman,5.08%,39.2MiB / 10.7GiB
1790670116,payflow-payflow-1,85.69%,564.9MiB / 1.5GiB
1790670116,payflow-postgres-exporter-1,0.02%,8.484MiB / 128MiB
1790670116,payflow-postgres-1,36.96%,729.1MiB / 1GiB
1790670116,payflow-mongo-1,4.61%,227.1MiB / 1GiB
1790670116,payflow-kafka-1,22.72%,1.015GiB / 1.5GiB
1790670116,payflow-keycloak-1,0.22%,747.7MiB / 10.7GiB
1790670116,payflow-settlement-rail-1,0.76%,44.33MiB / 256MiB
1790670116,payflow-tempo-1,0.34%,143.7MiB / 1.5GiB
1790670116,payflow-grafana-1,1.12%,337.7MiB / 512MiB
1790670116,payflow-prometheus-1,0.50%,79.57MiB / 1GiB
1790670116,k3d-tiny-url-serverlb,0.00%,25.55MiB / 10.7GiB
1790670116,k3d-tiny-url-server-0,14.33%,1.092GiB / 10.7GiB
1790670128,vigorous_raman,3.45%,39.27MiB / 10.7GiB
1790670128,payflow-payflow-1,75.96%,565.4MiB / 1.5GiB
1790670128,payflow-postgres-exporter-1,0.00%,8.555MiB / 128MiB
1790670128,payflow-postgres-1,37.81%,709.1MiB / 1GiB
1790670128,payflow-mongo-1,51.97%,227.6MiB / 1GiB
1790670128,payflow-kafka-1,104.09%,1.017GiB / 1.5GiB
1790670128,payflow-keycloak-1,0.16%,747.6MiB / 10.7GiB
1790670128,payflow-settlement-rail-1,0.70%,44.39MiB / 256MiB
1790670128,payflow-tempo-1,0.25%,138.6MiB / 1.5GiB
1790670128,payflow-grafana-1,6.61%,337.7MiB / 512MiB
1790670128,payflow-prometheus-1,0.25%,79.57MiB / 1GiB
1790670128,k3d-tiny-url-serverlb,0.00%,25.55MiB / 10.7GiB
1790670128,k3d-tiny-url-server-0,7.73%,1.076GiB / 10.7GiB
1790670141,vigorous_raman,4.33%,39.28MiB / 10.7GiB
1790670141,payflow-payflow-1,65.87%,565.2MiB / 1.5GiB
1790670141,payflow-postgres-exporter-1,2.44%,8.945MiB / 128MiB
1790670141,payflow-postgres-1,35.29%,687.2MiB / 1GiB
1790670141,payflow-mongo-1,3.47%,227.5MiB / 1GiB
1790670141,payflow-kafka-1,112.71%,1.073GiB / 1.5GiB
1790670141,payflow-keycloak-1,0.15%,747.6MiB / 10.7GiB
1790670141,payflow-settlement-rail-1,0.67%,44.46MiB / 256MiB
1790670141,payflow-tempo-1,0.23%,142.8MiB / 1.5GiB
1790670141,payflow-grafana-1,0.76%,337.7MiB / 512MiB
1790670141,payflow-prometheus-1,0.53%,79.58MiB / 1GiB
1790670141,k3d-tiny-url-serverlb,0.00%,25.55MiB / 10.7GiB
1790670141,k3d-tiny-url-server-0,9.24%,1.076GiB / 10.7GiB
1790670153,vigorous_raman,4.84%,39.28MiB / 10.7GiB
1790670153,payflow-payflow-1,115.74%,565.2MiB / 1.5GiB
1790670153,payflow-postgres-exporter-1,0.00%,8.473MiB / 128MiB
1790670153,payflow-postgres-1,44.59%,672.6MiB / 1GiB
1790670153,payflow-mongo-1,5.91%,227.2MiB / 1GiB
1790670153,payflow-kafka-1,25.31%,1.023GiB / 1.5GiB
1790670153,payflow-keycloak-1,0.24%,747.6MiB / 10.7GiB
1790670153,payflow-settlement-rail-1,1.33%,44.52MiB / 256MiB
1790670153,payflow-tempo-1,0.32%,141.3MiB / 1.5GiB
1790670153,payflow-grafana-1,1.31%,337.7MiB / 512MiB
1790670153,payflow-prometheus-1,1.07%,79.58MiB / 1GiB
1790670153,k3d-tiny-url-serverlb,0.00%,25.55MiB / 10.7GiB
1790670153,k3d-tiny-url-server-0,14.65%,1.077GiB / 10.7GiB
1790670165,vigorous_raman,5.77%,39.3MiB / 10.7GiB
1790670165,payflow-payflow-1,125.52%,565.5MiB / 1.5GiB
1790670165,payflow-postgres-exporter-1,0.57%,9.238MiB / 128MiB
1790670165,payflow-postgres-1,61.90%,654.4MiB / 1GiB
1790670165,payflow-mongo-1,6.01%,227.3MiB / 1GiB
1790670165,payflow-kafka-1,28.32%,1.025GiB / 1.5GiB
1790670165,payflow-keycloak-1,0.20%,747.6MiB / 10.7GiB
1790670165,payflow-settlement-rail-1,1.14%,44.55MiB / 256MiB
1790670165,payflow-tempo-1,1.82%,144.6MiB / 1.5GiB
1790670165,payflow-grafana-1,1.27%,337.7MiB / 512MiB
1790670165,payflow-prometheus-1,1.03%,79.58MiB / 1GiB
1790670165,k3d-tiny-url-serverlb,0.00%,25.55MiB / 10.7GiB
1790670165,k3d-tiny-url-server-0,19.33%,1.077GiB / 10.7GiB
1790670177,vigorous_raman,5.32%,39.29MiB / 10.7GiB
1790670177,payflow-payflow-1,86.24%,565.2MiB / 1.5GiB
1790670177,payflow-postgres-exporter-1,0.00%,8.812MiB / 128MiB
1790670177,payflow-postgres-1,46.50%,640.3MiB / 1GiB
1790670177,payflow-mongo-1,5.03%,227.3MiB / 1GiB
1790670177,payflow-kafka-1,26.42%,1.027GiB / 1.5GiB
1790670177,payflow-keycloak-1,0.23%,747.6MiB / 10.7GiB
1790670177,payflow-settlement-rail-1,0.93%,44.63MiB / 256MiB
1790670177,payflow-tempo-1,0.35%,138.6MiB / 1.5GiB
1790670177,payflow-grafana-1,1.19%,337.7MiB / 512MiB
1790670177,payflow-prometheus-1,1.14%,79.59MiB / 1GiB
1790670177,k3d-tiny-url-serverlb,0.00%,25.55MiB / 10.7GiB
1790670177,k3d-tiny-url-server-0,14.39%,1.078GiB / 10.7GiB
1790670190,vigorous_raman,4.07%,39.29MiB / 10.7GiB
1790670190,payflow-payflow-1,101.85%,565.2MiB / 1.5GiB
1790670190,payflow-postgres-exporter-1,0.00%,8.801MiB / 128MiB
1790670190,payflow-postgres-1,83.96%,623.8MiB / 1GiB
1790670190,payflow-mongo-1,68.46%,231.8MiB / 1GiB
1790670190,payflow-kafka-1,90.36%,1.029GiB / 1.5GiB
1790670190,payflow-keycloak-1,0.23%,753.1MiB / 10.7GiB
1790670190,payflow-settlement-rail-1,0.89%,44.67MiB / 256MiB
1790670190,payflow-tempo-1,0.30%,140MiB / 1.5GiB
1790670190,payflow-grafana-1,1.25%,337.7MiB / 512MiB
1790670190,payflow-prometheus-1,0.70%,79.6MiB / 1GiB
1790670190,k3d-tiny-url-serverlb,0.00%,25.55MiB / 10.7GiB
1790670190,k3d-tiny-url-server-0,10.80%,1.078GiB / 10.7GiB
