1790499197,payflow-payflow-1,43.20%,547.6MiB / 1.5GiB
1790499197,payflow-postgres-exporter-1,0.00%,13.1MiB / 128MiB
1790499197,payflow-mongo-1,0.43%,193.4MiB / 1GiB
1790499197,payflow-postgres-1,8.50%,791.5MiB / 1GiB
1790499197,payflow-kafka-1,49.25%,610.3MiB / 1.5GiB
1790499197,payflow-keycloak-1,72.82%,2.706GiB / 10.7GiB
1790499197,payflow-settlement-rail-1,0.02%,41.43MiB / 256MiB
1790499197,payflow-grafana-1,0.77%,179.4MiB / 512MiB
1790499197,payflow-prometheus-1,0.19%,84.79MiB / 1GiB
1790499197,payflow-tempo-1,0.24%,125.8MiB / 1GiB
1790499197,k3d-tiny-url-serverlb,0.00%,5.898MiB / 10.7GiB
1790499197,k3d-tiny-url-server-0,7.02%,916.7MiB / 10.7GiB
1790499197,compassionate_booth,3.63%,28.76MiB / 10.7GiB
1790499204,compassionate_booth,5.00%,37.28MiB / 10.7GiB
1790499204,payflow-payflow-1,80.22%,549.6MiB / 1.5GiB
1790499204,payflow-postgres-exporter-1,0.00%,13.34MiB / 128MiB
1790499204,payflow-mongo-1,3.85%,194.7MiB / 1GiB
1790499204,payflow-postgres-1,26.09%,793.2MiB / 1GiB
1790499204,payflow-kafka-1,13.91%,611.3MiB / 1.5GiB
1790499204,payflow-keycloak-1,42.27%,2.708GiB / 10.7GiB
1790499204,payflow-settlement-rail-1,1.22%,41.56MiB / 256MiB
1790499204,payflow-grafana-1,1.57%,179.4MiB / 512MiB
1790499204,payflow-prometheus-1,0.17%,84.79MiB / 1GiB
1790499204,payflow-tempo-1,0.86%,127.4MiB / 1GiB
1790499204,k3d-tiny-url-serverlb,0.00%,5.898MiB / 10.7GiB
1790499204,k3d-tiny-url-server-0,8.92%,916.8MiB / 10.7GiB
1790499211,compassionate_booth,3.73%,48.21MiB / 10.7GiB
1790499211,payflow-payflow-1,116.36%,552MiB / 1.5GiB
1790499211,payflow-postgres-exporter-1,0.04%,12.63MiB / 128MiB
1790499211,payflow-mongo-1,6.44%,194.9MiB / 1GiB
1790499211,payflow-postgres-1,32.32%,795.9MiB / 1GiB
1790499211,payflow-kafka-1,15.63%,611.7MiB / 1.5GiB
1790499211,payflow-keycloak-1,0.24%,2.709GiB / 10.7GiB
1790499211,payflow-settlement-rail-1,0.96%,41.61MiB / 256MiB
1790499211,payflow-grafana-1,1.10%,179.8MiB / 512MiB
1790499211,payflow-prometheus-1,0.23%,84.79MiB / 1GiB
1790499211,payflow-tempo-1,1.25%,128.8MiB / 1GiB
1790499211,k3d-tiny-url-serverlb,0.04%,5.898MiB / 10.7GiB
1790499211,k3d-tiny-url-server-0,8.93%,916.2MiB / 10.7GiB
1790499219,compassionate_booth,5.24%,54.32MiB / 10.7GiB
1790499219,payflow-payflow-1,130.93%,553.6MiB / 1.5GiB
1790499219,payflow-postgres-exporter-1,0.00%,12.68MiB / 128MiB
1790499219,payflow-mongo-1,51.77%,195MiB / 1GiB
1790499219,payflow-postgres-1,34.61%,788.3MiB / 1GiB
1790499219,payflow-kafka-1,16.68%,613MiB / 1.5GiB
1790499219,payflow-keycloak-1,0.20%,2.71GiB / 10.7GiB
1790499219,payflow-settlement-rail-1,0.94%,45.77MiB / 256MiB
1790499219,payflow-grafana-1,0.88%,179.8MiB / 512MiB
1790499219,payflow-prometheus-1,0.20%,84.79MiB / 1GiB
1790499219,payflow-tempo-1,4.31%,130.8MiB / 1GiB
1790499219,k3d-tiny-url-serverlb,0.00%,5.898MiB / 10.7GiB
1790499219,k3d-tiny-url-server-0,9.43%,916.2MiB / 10.7GiB
1790499226,compassionate_booth,5.06%,58.41MiB / 10.7GiB
1790499226,payflow-payflow-1,151.99%,554.6MiB / 1.5GiB
1790499226,payflow-postgres-exporter-1,1.96%,13.44MiB / 128MiB
1790499226,payflow-mongo-1,5.98%,195.5MiB / 1GiB
1790499226,payflow-postgres-1,50.27%,772.5MiB / 1GiB
1790499226,payflow-kafka-1,17.22%,614.3MiB / 1.5GiB
1790499226,payflow-keycloak-1,0.26%,2.71GiB / 10.7GiB
1790499226,payflow-settlement-rail-1,1.33%,41.9MiB / 256MiB
1790499226,payflow-grafana-1,1.03%,179.8MiB / 512MiB
1790499226,payflow-prometheus-1,0.66%,84.8MiB / 1GiB
1790499226,payflow-tempo-1,1.31%,131.4MiB / 1GiB
1790499226,k3d-tiny-url-serverlb,0.00%,5.898MiB / 10.7GiB
1790499226,k3d-tiny-url-server-0,7.85%,916.6MiB / 10.7GiB
1790499233,compassionate_booth,5.88%,60.23MiB / 10.7GiB
1790499233,payflow-payflow-1,128.62%,555.4MiB / 1.5GiB
1790499233,payflow-postgres-exporter-1,0.00%,13.61MiB / 128MiB
1790499233,payflow-mongo-1,6.15%,197.6MiB / 1GiB
1790499233,payflow-postgres-1,51.88%,756.3MiB / 1GiB
1790499233,payflow-kafka-1,21.07%,616.1MiB / 1.5GiB
1790499233,payflow-keycloak-1,0.20%,2.71GiB / 10.7GiB
1790499233,payflow-settlement-rail-1,1.33%,41.94MiB / 256MiB
1790499233,payflow-grafana-1,1.02%,179.8MiB / 512MiB
1790499233,payflow-prometheus-1,0.95%,84.8MiB / 1GiB
1790499233,payflow-tempo-1,3.23%,134.5MiB / 1GiB
1790499233,k3d-tiny-url-serverlb,0.00%,5.898MiB / 10.7GiB
1790499233,k3d-tiny-url-server-0,8.80%,917MiB / 10.7GiB
1790499240,compassionate_booth,8.86%,65.9MiB / 10.7GiB
1790499240,payflow-payflow-1,181.95%,555.9MiB / 1.5GiB
1790499240,payflow-postgres-exporter-1,2.67%,13.54MiB / 128MiB
1790499240,payflow-mongo-1,18.41%,289.2MiB / 1GiB
1790499240,payflow-postgres-1,84.50%,723.3MiB / 1GiB
1790499240,payflow-kafka-1,27.05%,618.1MiB / 1.5GiB
1790499240,payflow-keycloak-1,0.24%,2.709GiB / 10.7GiB
1790499240,payflow-settlement-rail-1,1.77%,41.99MiB / 256MiB
1790499240,payflow-grafana-1,1.42%,179.8MiB / 512MiB
1790499240,payflow-prometheus-1,0.99%,85.07MiB / 1GiB
1790499240,payflow-tempo-1,2.04%,134.9MiB / 1GiB
1790499240,k3d-tiny-url-serverlb,0.00%,5.902MiB / 10.7GiB
1790499240,k3d-tiny-url-server-0,15.30%,916.5MiB / 10.7GiB
1790499248,compassionate_booth,9.40%,66.75MiB / 10.7GiB
1790499248,payflow-payflow-1,147.78%,556.9MiB / 1.5GiB
1790499248,payflow-postgres-exporter-1,0.00%,13.39MiB / 128MiB
1790499248,payflow-mongo-1,7.59%,197.9MiB / 1GiB
1790499248,payflow-postgres-1,61.71%,708.3MiB / 1GiB
1790499248,payflow-kafka-1,24.01%,620.4MiB / 1.5GiB
1790499248,payflow-keycloak-1,0.21%,2.709GiB / 10.7GiB
1790499248,payflow-settlement-rail-1,1.83%,42.06MiB / 256MiB
1790499248,payflow-grafana-1,1.01%,179.9MiB / 512MiB
1790499248,payflow-prometheus-1,0.85%,84.81MiB / 1GiB
1790499248,payflow-tempo-1,2.78%,125.3MiB / 1GiB
1790499248,k3d-tiny-url-serverlb,0.02%,5.902MiB / 10.7GiB
1790499248,k3d-tiny-url-server-0,7.91%,916.7MiB / 10.7GiB
1790499255,compassionate_booth,18.41%,67.67MiB / 10.7GiB
1790499255,payflow-payflow-1,199.96%,558.9MiB / 1.5GiB
1790499255,payflow-postgres-exporter-1,0.00%,13.14MiB / 128MiB
1790499255,payflow-mongo-1,12.79%,198MiB / 1GiB
1790499255,payflow-postgres-1,84.71%,685.1MiB / 1GiB
1790499255,payflow-kafka-1,31.20%,622.2MiB / 1.5GiB
1790499255,payflow-keycloak-1,0.24%,2.709GiB / 10.7GiB
1790499255,payflow-settlement-rail-1,1.00%,42.11MiB / 256MiB
1790499255,payflow-grafana-1,1.57%,179.9MiB / 512MiB
1790499255,payflow-prometheus-1,1.89%,84.81MiB / 1GiB
1790499255,payflow-tempo-1,0.36%,129.1MiB / 1GiB
1790499255,k3d-tiny-url-serverlb,0.00%,5.914MiB / 10.7GiB
1790499255,k3d-tiny-url-server-0,10.88%,917.1MiB / 10.7GiB
1790499262,compassionate_booth,10.10%,68.21MiB / 10.7GiB
1790499262,payflow-payflow-1,198.65%,558.4MiB / 1.5GiB
1790499262,payflow-postgres-exporter-1,0.00%,13.14MiB / 128MiB
1790499262,payflow-mongo-1,9.74%,198.1MiB / 1GiB
1790499262,payflow-postgres-1,120.23%,659.4MiB / 1GiB
1790499262,payflow-kafka-1,32.28%,625MiB / 1.5GiB
1790499262,payflow-keycloak-1,0.17%,2.709GiB / 10.7GiB
1790499262,payflow-settlement-rail-1,2.73%,42.22MiB / 256MiB
1790499262,payflow-grafana-1,0.88%,179.9MiB / 512MiB
1790499262,payflow-prometheus-1,0.16%,84.82MiB / 1GiB
1790499262,payflow-tempo-1,0.75%,132.8MiB / 1GiB
1790499262,k3d-tiny-url-serverlb,0.01%,5.922MiB / 10.7GiB
1790499262,k3d-tiny-url-server-0,10.40%,917.5MiB / 10.7GiB
1790499269,compassionate_booth,9.80%,68.38MiB / 10.7GiB
1790499269,payflow-payflow-1,205.22%,566.6MiB / 1.5GiB
1790499269,payflow-postgres-exporter-1,0.00%,12.75MiB / 128MiB
1790499269,payflow-mongo-1,12.54%,202.6MiB / 1GiB
1790499269,payflow-postgres-1,82.93%,641.2MiB / 1GiB
1790499269,payflow-kafka-1,28.86%,627.3MiB / 1.5GiB
1790499269,payflow-keycloak-1,0.20%,2.709GiB / 10.7GiB
1790499269,payflow-settlement-rail-1,1.62%,42.27MiB / 256MiB
1790499269,payflow-grafana-1,1.41%,180.1MiB / 512MiB
1790499269,payflow-prometheus-1,1.02%,84.83MiB / 1GiB
1790499269,payflow-tempo-1,1.17%,136.4MiB / 1GiB
1790499269,k3d-tiny-url-serverlb,0.01%,5.922MiB / 10.7GiB
1790499269,k3d-tiny-url-server-0,11.72%,916.4MiB / 10.7GiB
1790499277,compassionate_booth,10.22%,68.51MiB / 10.7GiB
1790499277,payflow-payflow-1,198.89%,561.4MiB / 1.5GiB
1790499277,payflow-postgres-exporter-1,0.00%,13.79MiB / 128MiB
1790499277,payflow-mongo-1,16.47%,201.1MiB / 1GiB
1790499277,payflow-postgres-1,84.65%,629.7MiB / 1GiB
1790499277,payflow-kafka-1,40.97%,629.2MiB / 1.5GiB
1790499277,payflow-keycloak-1,0.33%,2.709GiB / 10.7GiB
1790499277,payflow-settlement-rail-1,1.90%,42.36MiB / 256MiB
1790499277,payflow-grafana-1,1.31%,180.2MiB / 512MiB
1790499277,payflow-prometheus-1,0.25%,84.83MiB / 1GiB
1790499277,payflow-tempo-1,1.55%,136.4MiB / 1GiB
1790499277,k3d-tiny-url-serverlb,0.00%,5.922MiB / 10.7GiB
1790499277,k3d-tiny-url-server-0,11.39%,916.9MiB / 10.7GiB
1790499284,compassionate_booth,11.21%,68.81MiB / 10.7GiB
1790499284,payflow-payflow-1,203.00%,569.5MiB / 1.5GiB
1790499284,payflow-postgres-exporter-1,0.00%,12.97MiB / 128MiB
1790499284,payflow-mongo-1,12.79%,201.2MiB / 1GiB
1790499284,payflow-postgres-1,71.61%,631.1MiB / 1GiB
1790499284,payflow-kafka-1,26.48%,630.7MiB / 1.5GiB
1790499284,payflow-keycloak-1,0.28%,2.709GiB / 10.7GiB
1790499284,payflow-settlement-rail-1,2.09%,42.42MiB / 256MiB
1790499284,payflow-grafana-1,1.39%,180.2MiB / 512MiB
1790499284,payflow-prometheus-1,0.32%,84.83MiB / 1GiB
1790499284,payflow-tempo-1,2.11%,137.2MiB / 1GiB
1790499284,k3d-tiny-url-serverlb,0.03%,5.922MiB / 10.7GiB
1790499284,k3d-tiny-url-server-0,11.07%,916.8MiB / 10.7GiB
1790499291,compassionate_booth,14.65%,69.04MiB / 10.7GiB
1790499291,payflow-payflow-1,205.34%,604.3MiB / 1.5GiB
1790499291,payflow-postgres-exporter-1,1.22%,12.76MiB / 128MiB
1790499291,payflow-mongo-1,10.07%,201.3MiB / 1GiB
1790499291,payflow-postgres-1,64.14%,632MiB / 1GiB
1790499291,payflow-kafka-1,15.29%,632.2MiB / 1.5GiB
1790499291,payflow-keycloak-1,0.52%,2.709GiB / 10.7GiB
1790499291,payflow-settlement-rail-1,0.85%,42.46MiB / 256MiB
1790499291,payflow-grafana-1,2.56%,180.2MiB / 512MiB
1790499291,payflow-prometheus-1,0.61%,84.83MiB / 1GiB
1790499291,payflow-tempo-1,0.25%,130.4MiB / 1GiB
1790499291,k3d-tiny-url-serverlb,0.01%,5.922MiB / 10.7GiB
1790499291,k3d-tiny-url-server-0,13.20%,917.6MiB / 10.7GiB
1790499298,compassionate_booth,11.23%,69.82MiB / 10.7GiB
1790499298,payflow-payflow-1,204.21%,598.7MiB / 1.5GiB
1790499298,payflow-postgres-exporter-1,0.00%,13.46MiB / 128MiB
1790499298,payflow-mongo-1,14.29%,201.7MiB / 1GiB
1790499298,payflow-postgres-1,88.31%,632.8MiB / 1GiB
1790499298,payflow-kafka-1,32.37%,633.9MiB / 1.5GiB
1790499298,payflow-keycloak-1,0.22%,2.709GiB / 10.7GiB
1790499298,payflow-settlement-rail-1,1.99%,42.55MiB / 256MiB
1790499298,payflow-grafana-1,0.95%,180.2MiB / 512MiB
1790499298,payflow-prometheus-1,0.26%,84.83MiB / 1GiB
1790499298,payflow-tempo-1,6.93%,125.9MiB / 1GiB
1790499298,k3d-tiny-url-serverlb,0.00%,5.922MiB / 10.7GiB
1790499298,k3d-tiny-url-server-0,13.99%,907.4MiB / 10.7GiB
1790499306,compassionate_booth,9.43%,69.86MiB / 10.7GiB
1790499306,payflow-payflow-1,208.32%,634.5MiB / 1.5GiB
1790499306,payflow-postgres-exporter-1,2.16%,13.05MiB / 128MiB
1790499306,payflow-mongo-1,24.12%,201.9MiB / 1GiB
1790499306,payflow-postgres-1,115.51%,633.1MiB / 1GiB
1790499306,payflow-kafka-1,40.57%,636.7MiB / 1.5GiB
1790499306,payflow-keycloak-1,0.21%,2.709GiB / 10.7GiB
1790499306,payflow-settlement-rail-1,4.96%,42.72MiB / 256MiB
1790499306,payflow-grafana-1,0.82%,180.2MiB / 512MiB
1790499306,payflow-prometheus-1,0.51%,84.83MiB / 1GiB
1790499306,payflow-tempo-1,1.57%,136.1MiB / 1GiB
1790499306,k3d-tiny-url-serverlb,0.01%,5.922MiB / 10.7GiB
1790499306,k3d-tiny-url-server-0,7.59%,911.7MiB / 10.7GiB
1790499313,compassionate_booth,13.73%,69.89MiB / 10.7GiB
1790499313,payflow-payflow-1,195.87%,635.1MiB / 1.5GiB
1790499313,payflow-postgres-exporter-1,0.00%,13.2MiB / 128MiB
1790499313,payflow-mongo-1,11.88%,202MiB / 1GiB
1790499313,payflow-postgres-1,84.76%,633.2MiB / 1GiB
1790499313,payflow-kafka-1,25.70%,639.4MiB / 1.5GiB
1790499313,payflow-keycloak-1,1.47%,2.709GiB / 10.7GiB
1790499313,payflow-settlement-rail-1,2.37%,42.82MiB / 256MiB
1790499313,payflow-grafana-1,1.30%,180.2MiB / 512MiB
1790499313,payflow-prometheus-1,1.42%,84.84MiB / 1GiB
1790499313,payflow-tempo-1,0.97%,140.6MiB / 1GiB
1790499313,k3d-tiny-url-serverlb,0.02%,5.922MiB / 10.7GiB
1790499313,k3d-tiny-url-server-0,10.58%,911.7MiB / 10.7GiB
1790499320,compassionate_booth,12.40%,69.91MiB / 10.7GiB
1790499320,payflow-payflow-1,208.28%,636.2MiB / 1.5GiB
1790499320,payflow-postgres-exporter-1,1.81%,12.77MiB / 128MiB
1790499320,payflow-mongo-1,19.71%,200MiB / 1GiB
1790499320,payflow-postgres-1,100.69%,643.9MiB / 1GiB
1790499320,payflow-kafka-1,37.61%,643.9MiB / 1.5GiB
1790499320,payflow-keycloak-1,0.21%,2.709GiB / 10.7GiB
1790499320,payflow-settlement-rail-1,2.28%,42.91MiB / 256MiB
1790499320,payflow-grafana-1,1.22%,180.2MiB / 512MiB
1790499320,payflow-prometheus-1,1.18%,84.84MiB / 1GiB
1790499320,payflow-tempo-1,2.01%,146MiB / 1GiB
1790499320,k3d-tiny-url-serverlb,0.01%,5.922MiB / 10.7GiB
1790499320,k3d-tiny-url-server-0,11.85%,912.6MiB / 10.7GiB
1790499328,compassionate_booth,13.60%,70.2MiB / 10.7GiB
1790499328,payflow-payflow-1,199.46%,637.2MiB / 1.5GiB
1790499328,payflow-postgres-exporter-1,0.00%,12.9MiB / 128MiB
1790499328,payflow-mongo-1,66.00%,202.6MiB / 1GiB
1790499328,payflow-postgres-1,89.44%,629.3MiB / 1GiB
1790499328,payflow-kafka-1,31.51%,643.5MiB / 1.5GiB
1790499328,payflow-keycloak-1,0.21%,2.709GiB / 10.7GiB
1790499328,payflow-settlement-rail-1,1.84%,43.02MiB / 256MiB
1790499328,payflow-grafana-1,1.23%,180.4MiB / 512MiB
1790499328,payflow-prometheus-1,0.77%,84.85MiB / 1GiB
1790499328,payflow-tempo-1,0.77%,146.1MiB / 1GiB
1790499328,k3d-tiny-url-serverlb,0.00%,5.926MiB / 10.7GiB
1790499328,k3d-tiny-url-server-0,12.29%,912.6MiB / 10.7GiB
1790499335,compassionate_booth,16.79%,70.26MiB / 10.7GiB
1790499335,payflow-payflow-1,155.68%,637.9MiB / 1.5GiB
1790499335,payflow-postgres-exporter-1,0.00%,12.99MiB / 128MiB
1790499335,payflow-mongo-1,19.45%,200.4MiB / 1GiB
1790499335,payflow-postgres-1,92.27%,626.9MiB / 1GiB
1790499335,payflow-kafka-1,33.78%,646MiB / 1.5GiB
1790499335,payflow-keycloak-1,0.21%,2.709GiB / 10.7GiB
1790499335,payflow-settlement-rail-1,1.94%,43.12MiB / 256MiB
1790499335,payflow-grafana-1,0.93%,180.4MiB / 512MiB
1790499335,payflow-prometheus-1,2.63%,84.85MiB / 1GiB
1790499335,payflow-tempo-1,3.04%,141.8MiB / 1GiB
1790499335,k3d-tiny-url-serverlb,0.05%,5.926MiB / 10.7GiB
1790499335,k3d-tiny-url-server-0,9.37%,912.9MiB / 10.7GiB
1790499342,compassionate_booth,14.16%,70.32MiB / 10.7GiB
1790499342,payflow-payflow-1,153.96%,638.3MiB / 1.5GiB
1790499342,payflow-postgres-exporter-1,0.00%,13.61MiB / 128MiB
1790499342,payflow-mongo-1,15.82%,202.1MiB / 1GiB
1790499342,payflow-postgres-1,85.61%,625.7MiB / 1GiB
1790499342,payflow-kafka-1,88.84%,683.7MiB / 1.5GiB
1790499342,payflow-keycloak-1,0.24%,2.709GiB / 10.7GiB
1790499342,payflow-settlement-rail-1,1.38%,43.2MiB / 256MiB
1790499342,payflow-grafana-1,1.08%,180.4MiB / 512MiB
1790499342,payflow-prometheus-1,0.71%,84.85MiB / 1GiB
1790499342,payflow-tempo-1,2.51%,145.9MiB / 1GiB
1790499342,k3d-tiny-url-serverlb,0.00%,5.926MiB / 10.7GiB
1790499342,k3d-tiny-url-server-0,10.58%,914MiB / 10.7GiB
1790499350,compassionate_booth,13.14%,70.77MiB / 10.7GiB
1790499350,payflow-payflow-1,131.22%,639.3MiB / 1.5GiB
1790499350,payflow-postgres-exporter-1,0.00%,12.86MiB / 128MiB
1790499350,payflow-mongo-1,55.10%,204.3MiB / 1GiB
1790499350,payflow-postgres-1,63.32%,624.4MiB / 1GiB
1790499350,payflow-kafka-1,103.46%,686.8MiB / 1.5GiB
1790499350,payflow-keycloak-1,0.22%,2.709GiB / 10.7GiB
1790499350,payflow-settlement-rail-1,3.24%,43.29MiB / 256MiB
1790499350,payflow-grafana-1,4.03%,180.4MiB / 512MiB
1790499350,payflow-prometheus-1,0.84%,84.85MiB / 1GiB
1790499350,payflow-tempo-1,0.31%,148.8MiB / 1GiB
1790499350,k3d-tiny-url-serverlb,0.01%,5.926MiB / 10.7GiB
1790499350,k3d-tiny-url-server-0,8.71%,914.4MiB / 10.7GiB
1790499357,compassionate_booth,12.98%,71.03MiB / 10.7GiB
1790499357,payflow-payflow-1,149.04%,639.3MiB / 1.5GiB
1790499357,payflow-postgres-exporter-1,0.00%,14.18MiB / 128MiB
1790499357,payflow-mongo-1,42.16%,204.4MiB / 1GiB
1790499357,payflow-postgres-1,80.67%,624.4MiB / 1GiB
1790499357,payflow-kafka-1,104.43%,694.9MiB / 1.5GiB
1790499357,payflow-keycloak-1,0.20%,2.722GiB / 10.7GiB
1790499357,payflow-settlement-rail-1,1.84%,43.38MiB / 256MiB
1790499357,payflow-grafana-1,0.88%,180.4MiB / 512MiB
1790499357,payflow-prometheus-1,0.20%,84.94MiB / 1GiB
1790499357,payflow-tempo-1,0.94%,139.8MiB / 1GiB
1790499357,k3d-tiny-url-serverlb,0.00%,5.926MiB / 10.7GiB
1790499357,k3d-tiny-url-server-0,7.76%,915.1MiB / 10.7GiB
1790499364,compassionate_booth,16.10%,71.06MiB / 10.7GiB
1790499364,payflow-payflow-1,192.17%,639.9MiB / 1.5GiB
1790499364,payflow-postgres-exporter-1,0.00%,13.13MiB / 128MiB
1790499364,payflow-mongo-1,28.51%,204.5MiB / 1GiB
1790499364,payflow-postgres-1,84.58%,622.6MiB / 1GiB
1790499364,payflow-kafka-1,129.87%,706.8MiB / 1.5GiB
1790499364,payflow-keycloak-1,28.14%,2.726GiB / 10.7GiB
1790499364,payflow-settlement-rail-1,1.15%,43.44MiB / 256MiB
1790499364,payflow-grafana-1,0.85%,180.5MiB / 512MiB
1790499364,payflow-prometheus-1,0.19%,84.94MiB / 1GiB
1790499364,payflow-tempo-1,2.54%,142MiB / 1GiB
1790499364,k3d-tiny-url-serverlb,0.01%,5.926MiB / 10.7GiB
1790499364,k3d-tiny-url-server-0,8.19%,915.8MiB / 10.7GiB
1790499371,compassionate_booth,14.26%,71.43MiB / 10.7GiB
1790499371,payflow-payflow-1,101.04%,640.1MiB / 1.5GiB
1790499371,payflow-postgres-exporter-1,0.02%,13.51MiB / 128MiB
1790499371,payflow-mongo-1,20.51%,206.6MiB / 1GiB
1790499371,payflow-postgres-1,56.32%,621.2MiB / 1GiB
1790499371,payflow-kafka-1,195.55%,743.5MiB / 1.5GiB
1790499371,payflow-keycloak-1,0.21%,2.726GiB / 10.7GiB
1790499371,payflow-settlement-rail-1,1.25%,43.51MiB / 256MiB
1790499371,payflow-grafana-1,0.76%,180.5MiB / 512MiB
1790499371,payflow-prometheus-1,0.19%,84.95MiB / 1GiB
1790499371,payflow-tempo-1,0.23%,141.9MiB / 1GiB
1790499371,k3d-tiny-url-serverlb,0.01%,5.926MiB / 10.7GiB
1790499371,k3d-tiny-url-server-0,11.60%,915.8MiB / 10.7GiB
1790499378,compassionate_booth,14.94%,72.57MiB / 10.7GiB
1790499378,payflow-payflow-1,142.52%,640MiB / 1.5GiB
1790499378,payflow-postgres-exporter-1,0.00%,13.54MiB / 128MiB
1790499378,payflow-mongo-1,55.72%,358.5MiB / 1GiB
1790499378,payflow-postgres-1,60.44%,619.4MiB / 1GiB
1790499378,payflow-kafka-1,178.75%,762.9MiB / 1.5GiB
1790499378,payflow-keycloak-1,0.20%,2.726GiB / 10.7GiB
1790499378,payflow-settlement-rail-1,2.44%,43.56MiB / 256MiB
1790499378,payflow-grafana-1,0.79%,180.5MiB / 512MiB
1790499378,payflow-prometheus-1,0.24%,84.95MiB / 1GiB
1790499378,payflow-tempo-1,7.14%,141.8MiB / 1GiB
1790499378,k3d-tiny-url-serverlb,0.00%,5.93MiB / 10.7GiB
1790499378,k3d-tiny-url-server-0,8.27%,922.7MiB / 10.7GiB
1790499386,compassionate_booth,13.36%,72.58MiB / 10.7GiB
1790499386,payflow-payflow-1,116.42%,640.1MiB / 1.5GiB
1790499386,payflow-postgres-exporter-1,2.07%,13.38MiB / 128MiB
1790499386,payflow-mongo-1,11.61%,207.6MiB / 1GiB
1790499386,payflow-postgres-1,72.47%,595.5MiB / 1GiB
1790499386,payflow-kafka-1,208.32%,754.2MiB / 1.5GiB
1790499386,payflow-keycloak-1,0.27%,2.726GiB / 10.7GiB
1790499386,payflow-settlement-rail-1,0.84%,43.61MiB / 256MiB
1790499386,payflow-grafana-1,0.84%,180.5MiB / 512MiB
1790499386,payflow-prometheus-1,0.54%,84.98MiB / 1GiB
1790499386,payflow-tempo-1,0.27%,141.3MiB / 1GiB
1790499386,k3d-tiny-url-serverlb,0.01%,5.93MiB / 10.7GiB
1790499386,k3d-tiny-url-server-0,20.70%,923.2MiB / 10.7GiB
1790499393,compassionate_booth,13.72%,72.6MiB / 10.7GiB
1790499393,payflow-payflow-1,137.95%,640.3MiB / 1.5GiB
1790499393,payflow-postgres-exporter-1,0.00%,13.34MiB / 128MiB
1790499393,payflow-mongo-1,18.41%,208MiB / 1GiB
1790499393,payflow-postgres-1,109.75%,559.9MiB / 1GiB
1790499393,payflow-kafka-1,177.55%,767.9MiB / 1.5GiB
1790499393,payflow-keycloak-1,0.20%,2.726GiB / 10.7GiB
1790499393,payflow-settlement-rail-1,1.59%,43.71MiB / 256MiB
1790499393,payflow-grafana-1,0.74%,180.5MiB / 512MiB
1790499393,payflow-prometheus-1,0.90%,84.98MiB / 1GiB
1790499393,payflow-tempo-1,1.20%,138.6MiB / 1GiB
1790499393,k3d-tiny-url-serverlb,0.01%,5.93MiB / 10.7GiB
1790499393,k3d-tiny-url-server-0,7.42%,922.6MiB / 10.7GiB
1790499400,compassionate_booth,15.15%,72.59MiB / 10.7GiB
1790499400,payflow-payflow-1,165.39%,640.5MiB / 1.5GiB
1790499400,payflow-postgres-exporter-1,0.00%,12.77MiB / 128MiB
1790499400,payflow-mongo-1,17.47%,208.2MiB / 1GiB
1790499400,payflow-postgres-1,70.40%,545.2MiB / 1GiB
1790499400,payflow-kafka-1,107.01%,661.3MiB / 1.5GiB
1790499400,payflow-keycloak-1,0.21%,2.726GiB / 10.7GiB
1790499400,payflow-settlement-rail-1,4.14%,43.75MiB / 256MiB
1790499400,payflow-grafana-1,0.77%,180.5MiB / 512MiB
1790499400,payflow-prometheus-1,0.72%,84.99MiB / 1GiB
1790499400,payflow-tempo-1,0.85%,135.9MiB / 1GiB
1790499400,k3d-tiny-url-serverlb,0.00%,5.93MiB / 10.7GiB
1790499400,k3d-tiny-url-server-0,14.97%,922.9MiB / 10.7GiB
1790499408,compassionate_booth,13.70%,72.67MiB / 10.7GiB
1790499408,payflow-payflow-1,130.13%,640.7MiB / 1.5GiB
1790499408,payflow-postgres-exporter-1,0.00%,13.66MiB / 128MiB
1790499408,payflow-mongo-1,67.79%,208.5MiB / 1GiB
1790499408,payflow-postgres-1,52.44%,547.7MiB / 1GiB
1790499408,payflow-kafka-1,41.65%,662.4MiB / 1.5GiB
1790499408,payflow-keycloak-1,0.22%,2.726GiB / 10.7GiB
1790499408,payflow-settlement-rail-1,0.01%,43.76MiB / 256MiB
1790499408,payflow-grafana-1,0.87%,180.5MiB / 512MiB
1790499408,payflow-prometheus-1,5.93%,84.99MiB / 1GiB
1790499408,payflow-tempo-1,1.35%,136.7MiB / 1GiB
1790499408,k3d-tiny-url-serverlb,0.00%,5.93MiB / 10.7GiB
1790499408,k3d-tiny-url-server-0,6.78%,922.9MiB / 10.7GiB
1790499415,compassionate_booth,17.86%,73.96MiB / 10.7GiB
1790499415,payflow-payflow-1,175.03%,640.6MiB / 1.5GiB
1790499415,payflow-postgres-exporter-1,0.00%,13.7MiB / 128MiB
1790499415,payflow-mongo-1,21.47%,209.4MiB / 1GiB
1790499415,payflow-postgres-1,82.12%,547.9MiB / 1GiB
1790499415,payflow-kafka-1,29.88%,664.9MiB / 1.5GiB
1790499415,payflow-keycloak-1,0.22%,2.726GiB / 10.7GiB
1790499415,payflow-settlement-rail-1,1.41%,43.8MiB / 256MiB
1790499415,payflow-grafana-1,1.39%,180.5MiB / 512MiB
1790499415,payflow-prometheus-1,0.79%,84.99MiB / 1GiB
1790499415,payflow-tempo-1,0.74%,138.2MiB / 1GiB
1790499415,k3d-tiny-url-serverlb,0.01%,5.93MiB / 10.7GiB
1790499415,k3d-tiny-url-server-0,8.84%,923.5MiB / 10.7GiB
1790499422,compassionate_booth,16.79%,73.97MiB / 10.7GiB
1790499422,payflow-payflow-1,196.76%,641.6MiB / 1.5GiB
1790499422,payflow-postgres-exporter-1,0.00%,13.95MiB / 128MiB
1790499422,payflow-mongo-1,24.35%,210.3MiB / 1GiB
1790499422,payflow-postgres-1,71.90%,548.3MiB / 1GiB
1790499422,payflow-kafka-1,23.49%,668.2MiB / 1.5GiB
1790499422,payflow-keycloak-1,0.22%,2.726GiB / 10.7GiB
1790499422,payflow-settlement-rail-1,3.31%,43.91MiB / 256MiB
1790499422,payflow-grafana-1,0.82%,180.5MiB / 512MiB
1790499422,payflow-prometheus-1,0.20%,84.99MiB / 1GiB
1790499422,payflow-tempo-1,0.88%,137.8MiB / 1GiB
1790499422,k3d-tiny-url-serverlb,0.01%,5.93MiB / 10.7GiB
1790499422,k3d-tiny-url-server-0,15.29%,923MiB / 10.7GiB
1790499429,compassionate_booth,17.37%,74.01MiB / 10.7GiB
1790499429,payflow-payflow-1,186.43%,641.7MiB / 1.5GiB
1790499429,payflow-postgres-exporter-1,0.00%,13.25MiB / 128MiB
1790499429,payflow-mongo-1,45.04%,360.1MiB / 1GiB
1790499429,payflow-postgres-1,83.40%,548.4MiB / 1GiB
1790499429,payflow-kafka-1,25.85%,669.6MiB / 1.5GiB
1790499429,payflow-keycloak-1,0.23%,2.726GiB / 10.7GiB
1790499429,payflow-settlement-rail-1,4.67%,43.98MiB / 256MiB
1790499429,payflow-grafana-1,0.89%,180.5MiB / 512MiB
1790499429,payflow-prometheus-1,0.63%,84.99MiB / 1GiB
1790499429,payflow-tempo-1,1.28%,131.7MiB / 1GiB
1790499429,k3d-tiny-url-serverlb,0.00%,5.93MiB / 10.7GiB
1790499429,k3d-tiny-url-server-0,7.22%,922.3MiB / 10.7GiB
1790499437,compassionate_booth,17.42%,74.06MiB / 10.7GiB
1790499437,payflow-payflow-1,176.72%,641.9MiB / 1.5GiB
1790499437,payflow-postgres-exporter-1,0.00%,13.22MiB / 128MiB
1790499437,payflow-mongo-1,18.55%,216MiB / 1GiB
1790499437,payflow-postgres-1,79.16%,549.9MiB / 1GiB
1790499437,payflow-kafka-1,28.32%,670.8MiB / 1.5GiB
1790499437,payflow-keycloak-1,0.18%,2.726GiB / 10.7GiB
1790499437,payflow-settlement-rail-1,1.41%,44.68MiB / 256MiB
1790499437,payflow-grafana-1,0.76%,180.5MiB / 512MiB
1790499437,payflow-prometheus-1,0.16%,85MiB / 1GiB
1790499437,payflow-tempo-1,0.83%,142.6MiB / 1GiB
1790499437,k3d-tiny-url-serverlb,0.00%,5.93MiB / 10.7GiB
1790499437,k3d-tiny-url-server-0,12.75%,922.6MiB / 10.7GiB
1790499444,compassionate_booth,28.93%,75.72MiB / 10.7GiB
1790499444,payflow-payflow-1,162.33%,642.1MiB / 1.5GiB
1790499444,payflow-postgres-exporter-1,0.00%,12.92MiB / 128MiB
1790499444,payflow-mongo-1,9.79%,216MiB / 1GiB
1790499444,payflow-postgres-1,124.65%,564.4MiB / 1GiB
1790499444,payflow-kafka-1,10.09%,671.7MiB / 1.5GiB
1790499444,payflow-keycloak-1,659.78%,2.731GiB / 10.7GiB
1790499444,payflow-settlement-rail-1,0.25%,44.71MiB / 256MiB
1790499444,payflow-grafana-1,1.45%,180.6MiB / 512MiB
1790499444,payflow-prometheus-1,0.22%,85MiB / 1GiB
1790499444,payflow-tempo-1,0.35%,142.2MiB / 1GiB
1790499444,k3d-tiny-url-serverlb,0.00%,5.93MiB / 10.7GiB
1790499444,k3d-tiny-url-server-0,12.98%,922.8MiB / 10.7GiB
1790499451,compassionate_booth,22.60%,83.25MiB / 10.7GiB
1790499451,payflow-payflow-1,164.79%,641.8MiB / 1.5GiB
1790499451,payflow-postgres-exporter-1,0.00%,13.68MiB / 128MiB
1790499451,payflow-mongo-1,29.64%,216.4MiB / 1GiB
1790499451,payflow-postgres-1,81.89%,564.2MiB / 1GiB
1790499451,payflow-kafka-1,64.09%,672.6MiB / 1.5GiB
1790499451,payflow-keycloak-1,0.20%,2.748GiB / 10.7GiB
1790499451,payflow-settlement-rail-1,0.01%,44.74MiB / 256MiB
1790499451,payflow-grafana-1,0.81%,180.6MiB / 512MiB
1790499451,payflow-prometheus-1,0.17%,85MiB / 1GiB
1790499451,payflow-tempo-1,1.76%,139.3MiB / 1GiB
1790499451,k3d-tiny-url-serverlb,0.01%,5.93MiB / 10.7GiB
1790499451,k3d-tiny-url-server-0,10.56%,922.2MiB / 10.7GiB
1790499459,compassionate_booth,18.34%,98.54MiB / 10.7GiB
1790499459,payflow-payflow-1,143.61%,642.1MiB / 1.5GiB
1790499459,payflow-postgres-exporter-1,0.00%,13.53MiB / 128MiB
1790499459,payflow-mongo-1,78.79%,216.6MiB / 1GiB
1790499459,payflow-postgres-1,70.45%,567.1MiB / 1GiB
1790499459,payflow-kafka-1,18.59%,673.4MiB / 1.5GiB
1790499459,payflow-keycloak-1,0.21%,2.749GiB / 10.7GiB
1790499459,payflow-settlement-rail-1,0.01%,44.74MiB / 256MiB
1790499459,payflow-grafana-1,0.90%,180.6MiB / 512MiB
1790499459,payflow-prometheus-1,0.18%,85.01MiB / 1GiB
1790499459,payflow-tempo-1,27.06%,139.2MiB / 1GiB
1790499459,k3d-tiny-url-serverlb,0.00%,5.93MiB / 10.7GiB
1790499459,k3d-tiny-url-server-0,7.09%,922.2MiB / 10.7GiB
1790499466,compassionate_booth,18.27%,106.7MiB / 10.7GiB
1790499466,payflow-payflow-1,182.02%,642.1MiB / 1.5GiB
1790499466,payflow-postgres-exporter-1,2.20%,13.59MiB / 128MiB
1790499466,payflow-mongo-1,23.78%,217.6MiB / 1GiB
1790499466,payflow-postgres-1,87.64%,567.5MiB / 1GiB
1790499466,payflow-kafka-1,30.33%,676.5MiB / 1.5GiB
1790499466,payflow-keycloak-1,0.31%,2.749GiB / 10.7GiB
1790499466,payflow-settlement-rail-1,0.01%,44.74MiB / 256MiB
1790499466,payflow-grafana-1,0.93%,180.6MiB / 512MiB
1790499466,payflow-prometheus-1,0.46%,85.01MiB / 1GiB
1790499466,payflow-tempo-1,1.07%,140.1MiB / 1GiB
1790499466,k3d-tiny-url-serverlb,0.00%,5.93MiB / 10.7GiB
1790499466,k3d-tiny-url-server-0,7.75%,922.6MiB / 10.7GiB
1790499473,compassionate_booth,24.55%,109.4MiB / 10.7GiB
1790499473,payflow-payflow-1,184.84%,642MiB / 1.5GiB
1790499473,payflow-postgres-exporter-1,0.00%,13.66MiB / 128MiB
1790499473,payflow-mongo-1,21.45%,222.4MiB / 1GiB
1790499473,payflow-postgres-1,95.28%,567.1MiB / 1GiB
1790499473,payflow-kafka-1,33.25%,678.1MiB / 1.5GiB
1790499473,payflow-keycloak-1,0.20%,2.749GiB / 10.7GiB
1790499473,payflow-settlement-rail-1,1.42%,44.75MiB / 256MiB
1790499473,payflow-grafana-1,0.80%,180.6MiB / 512MiB
1790499473,payflow-prometheus-1,1.08%,85.02MiB / 1GiB
1790499473,payflow-tempo-1,1.57%,141.5MiB / 1GiB
1790499473,k3d-tiny-url-serverlb,0.01%,5.93MiB / 10.7GiB
1790499473,k3d-tiny-url-server-0,7.88%,923MiB / 10.7GiB
1790499480,compassionate_booth,22.68%,109.4MiB / 10.7GiB
1790499480,payflow-payflow-1,190.75%,642.6MiB / 1.5GiB
1790499480,payflow-postgres-exporter-1,1.71%,13.5MiB / 128MiB
1790499480,payflow-mongo-1,24.70%,222.8MiB / 1GiB
1790499480,payflow-postgres-1,91.05%,567MiB / 1GiB
1790499480,payflow-kafka-1,25.61%,681.2MiB / 1.5GiB
1790499480,payflow-keycloak-1,0.24%,2.746GiB / 10.7GiB
1790499480,payflow-settlement-rail-1,2.38%,44.85MiB / 256MiB
1790499480,payflow-grafana-1,0.92%,180.5MiB / 512MiB
1790499480,payflow-prometheus-1,0.51%,85.02MiB / 1GiB
1790499480,payflow-tempo-1,1.35%,140.8MiB / 1GiB
1790499480,k3d-tiny-url-serverlb,0.00%,5.934MiB / 10.7GiB
1790499480,k3d-tiny-url-server-0,8.35%,922.5MiB / 10.7GiB
1790499488,compassionate_booth,21.45%,109.6MiB / 10.7GiB
1790499488,payflow-payflow-1,185.39%,642.4MiB / 1.5GiB
1790499488,payflow-postgres-exporter-1,0.00%,13.08MiB / 128MiB
1790499488,payflow-mongo-1,52.79%,223MiB / 1GiB
1790499488,payflow-postgres-1,73.66%,567.1MiB / 1GiB
1790499488,payflow-kafka-1,16.97%,682.3MiB / 1.5GiB
1790499488,payflow-keycloak-1,0.27%,2.745GiB / 10.7GiB
1790499488,payflow-settlement-rail-1,2.53%,44.98MiB / 256MiB
1790499488,payflow-grafana-1,1.34%,180.5MiB / 512MiB
1790499488,payflow-prometheus-1,1.00%,85.02MiB / 1GiB
1790499488,payflow-tempo-1,7.89%,140.8MiB / 1GiB
1790499488,k3d-tiny-url-serverlb,0.01%,5.934MiB / 10.7GiB
1790499488,k3d-tiny-url-server-0,7.73%,922.9MiB / 10.7GiB
1790499495,compassionate_booth,19.97%,109.6MiB / 10.7GiB
1790499495,payflow-payflow-1,197.77%,642.8MiB / 1.5GiB
1790499495,payflow-postgres-exporter-1,0.00%,12.64MiB / 128MiB
1790499495,payflow-mongo-1,27.19%,226MiB / 1GiB
1790499495,payflow-postgres-1,85.15%,568.5MiB / 1GiB
1790499495,payflow-kafka-1,26.48%,685.8MiB / 1.5GiB
1790499495,payflow-keycloak-1,0.22%,2.745GiB / 10.7GiB
1790499495,payflow-settlement-rail-1,2.82%,45.17MiB / 256MiB
1790499495,payflow-grafana-1,0.80%,180.5MiB / 512MiB
1790499495,payflow-prometheus-1,0.83%,85.02MiB / 1GiB
1790499495,payflow-tempo-1,0.76%,143MiB / 1GiB
1790499495,k3d-tiny-url-serverlb,0.01%,5.934MiB / 10.7GiB
1790499495,k3d-tiny-url-server-0,10.77%,923.3MiB / 10.7GiB
1790499502,compassionate_booth,24.92%,110.9MiB / 10.7GiB
1790499502,payflow-payflow-1,176.67%,644.9MiB / 1.5GiB
1790499502,payflow-postgres-exporter-1,0.00%,13.97MiB / 128MiB
1790499502,payflow-mongo-1,24.10%,226.6MiB / 1GiB
1790499502,payflow-postgres-1,107.72%,584.5MiB / 1GiB
1790499502,payflow-kafka-1,22.17%,687.6MiB / 1.5GiB
1790499502,payflow-keycloak-1,0.30%,2.745GiB / 10.7GiB
1790499502,payflow-settlement-rail-1,1.19%,45.25MiB / 256MiB
1790499502,payflow-grafana-1,0.90%,180.7MiB / 512MiB
1790499502,payflow-prometheus-1,0.18%,85.02MiB / 1GiB
1790499502,payflow-tempo-1,1.12%,141.9MiB / 1GiB
1790499502,k3d-tiny-url-serverlb,0.00%,5.934MiB / 10.7GiB
1790499502,k3d-tiny-url-server-0,11.08%,923.7MiB / 10.7GiB
1790499510,compassionate_booth,36.53%,111.1MiB / 10.7GiB
1790499510,payflow-payflow-1,76.78%,642.6MiB / 1.5GiB
1790499510,payflow-postgres-exporter-1,0.00%,13.37MiB / 128MiB
1790499510,payflow-mongo-1,36.02%,317.2MiB / 1GiB
1790499510,payflow-postgres-1,13.37%,537.1MiB / 1GiB
1790499510,payflow-kafka-1,45.79%,687.7MiB / 1.5GiB
1790499510,payflow-keycloak-1,275.15%,2.745GiB / 10.7GiB
1790499510,payflow-settlement-rail-1,0.06%,45.29MiB / 256MiB
1790499510,payflow-grafana-1,40.41%,180.7MiB / 512MiB
1790499510,payflow-prometheus-1,34.16%,85.04MiB / 1GiB
1790499510,payflow-tempo-1,0.53%,145.9MiB / 1GiB
1790499510,k3d-tiny-url-serverlb,0.00%,5.938MiB / 10.7GiB
1790499510,k3d-tiny-url-server-0,30.36%,923.2MiB / 10.7GiB
1790499518,compassionate_booth,29.34%,130.3MiB / 10.7GiB
1790499518,payflow-payflow-1,178.26%,643.1MiB / 1.5GiB
1790499518,payflow-postgres-exporter-1,0.00%,12.71MiB / 128MiB
1790499518,payflow-mongo-1,22.51%,227.2MiB / 1GiB
1790499518,payflow-postgres-1,106.31%,512.7MiB / 1GiB
1790499518,payflow-kafka-1,41.52%,688.2MiB / 1.5GiB
1790499518,payflow-keycloak-1,0.27%,2.748GiB / 10.7GiB
1790499518,payflow-settlement-rail-1,4.34%,45.34MiB / 256MiB
1790499518,payflow-grafana-1,1.26%,180.7MiB / 512MiB
1790499518,payflow-prometheus-1,0.97%,85.04MiB / 1GiB
1790499518,payflow-tempo-1,2.08%,138.9MiB / 1GiB
1790499518,k3d-tiny-url-serverlb,0.00%,5.938MiB / 10.7GiB
1790499518,k3d-tiny-url-server-0,7.23%,923MiB / 10.7GiB
1790499525,compassionate_booth,26.57%,132.4MiB / 10.7GiB
1790499525,payflow-payflow-1,199.26%,643MiB / 1.5GiB
1790499525,payflow-postgres-exporter-1,0.00%,12.71MiB / 128MiB
1790499525,payflow-mongo-1,16.72%,229.4MiB / 1GiB
1790499525,payflow-postgres-1,122.29%,544.4MiB / 1GiB
1790499525,payflow-kafka-1,30.05%,689MiB / 1.5GiB
1790499525,payflow-keycloak-1,0.23%,2.748GiB / 10.7GiB
1790499525,payflow-settlement-rail-1,1.02%,45.38MiB / 256MiB
1790499525,payflow-grafana-1,0.96%,180.7MiB / 512MiB
1790499525,payflow-prometheus-1,1.24%,85.04MiB / 1GiB
1790499525,payflow-tempo-1,3.96%,139.3MiB / 1GiB
1790499525,k3d-tiny-url-serverlb,0.02%,5.938MiB / 10.7GiB
1790499525,k3d-tiny-url-server-0,8.24%,923.4MiB / 10.7GiB
1790499532,compassionate_booth,38.24%,132.6MiB / 10.7GiB
1790499532,payflow-payflow-1,195.56%,677.3MiB / 1.5GiB
1790499532,payflow-postgres-exporter-1,0.00%,13.33MiB / 128MiB
1790499532,payflow-mongo-1,11.88%,229.6MiB / 1GiB
1790499532,payflow-postgres-1,143.82%,578.7MiB / 1GiB
1790499532,payflow-kafka-1,21.27%,691.8MiB / 1.5GiB
1790499532,payflow-keycloak-1,47.77%,2.754GiB / 10.7GiB
1790499532,payflow-settlement-rail-1,0.01%,45.39MiB / 256MiB
1790499532,payflow-grafana-1,0.91%,180.7MiB / 512MiB
1790499532,payflow-prometheus-1,0.26%,85.05MiB / 1GiB
1790499532,payflow-tempo-1,1.09%,139MiB / 1GiB
1790499532,k3d-tiny-url-serverlb,0.01%,5.938MiB / 10.7GiB
1790499532,k3d-tiny-url-server-0,9.42%,924MiB / 10.7GiB
1790499539,compassionate_booth,41.42%,136.7MiB / 10.7GiB
1790499539,payflow-payflow-1,199.38%,677.3MiB / 1.5GiB
1790499539,payflow-postgres-exporter-1,0.00%,13.68MiB / 128MiB
1790499539,payflow-mongo-1,76.35%,383.9MiB / 1GiB
1790499539,payflow-postgres-1,118.28%,591.5MiB / 1GiB
1790499539,payflow-kafka-1,18.37%,692.8MiB / 1.5GiB
1790499539,payflow-keycloak-1,0.40%,2.754GiB / 10.7GiB
1790499539,payflow-settlement-rail-1,0.02%,45.39MiB / 256MiB
1790499539,payflow-grafana-1,1.49%,180.7MiB / 512MiB
1790499539,payflow-prometheus-1,3.74%,85.04MiB / 1GiB
1790499539,payflow-tempo-1,2.68%,146.3MiB / 1GiB
1790499539,k3d-tiny-url-serverlb,0.03%,5.938MiB / 10.7GiB
1790499539,k3d-tiny-url-server-0,11.70%,922.8MiB / 10.7GiB
1790499547,compassionate_booth,27.77%,136.7MiB / 10.7GiB
1790499547,payflow-payflow-1,203.96%,676.8MiB / 1.5GiB
1790499547,payflow-postgres-exporter-1,1.86%,14.56MiB / 128MiB
1790499547,payflow-mongo-1,17.38%,231.8MiB / 1GiB
1790499547,payflow-postgres-1,110.44%,591.9MiB / 1GiB
1790499547,payflow-kafka-1,33.88%,693.4MiB / 1.5GiB
1790499547,payflow-keycloak-1,0.24%,2.76GiB / 10.7GiB
1790499547,payflow-settlement-rail-1,0.01%,45.39MiB / 256MiB
1790499547,payflow-grafana-1,0.88%,180.7MiB / 512MiB
1790499547,payflow-prometheus-1,0.18%,85.09MiB / 1GiB
1790499547,payflow-tempo-1,1.09%,145.5MiB / 1GiB
1790499547,k3d-tiny-url-serverlb,0.00%,5.938MiB / 10.7GiB
1790499547,k3d-tiny-url-server-0,8.42%,923.3MiB / 10.7GiB
1790499554,compassionate_booth,39.38%,136.7MiB / 10.7GiB
1790499554,payflow-payflow-1,207.05%,677.1MiB / 1.5GiB
1790499554,payflow-postgres-exporter-1,0.00%,13.51MiB / 128MiB
1790499554,payflow-mongo-1,8.67%,231.8MiB / 1GiB
1790499554,payflow-postgres-1,101.45%,589.9MiB / 1GiB
1790499554,payflow-kafka-1,17.69%,696.7MiB / 1.5GiB
1790499554,payflow-keycloak-1,0.25%,2.76GiB / 10.7GiB
1790499554,payflow-settlement-rail-1,1.14%,45.44MiB / 256MiB
1790499554,payflow-grafana-1,1.11%,180.7MiB / 512MiB
1790499554,payflow-prometheus-1,0.24%,85.09MiB / 1GiB
1790499554,payflow-tempo-1,1.06%,142.7MiB / 1GiB
1790499554,k3d-tiny-url-serverlb,0.00%,5.938MiB / 10.7GiB
1790499554,k3d-tiny-url-server-0,9.87%,923.4MiB / 10.7GiB
1790499561,compassionate_booth,30.85%,136.8MiB / 10.7GiB
1790499561,payflow-payflow-1,208.07%,677.5MiB / 1.5GiB
1790499561,payflow-postgres-exporter-1,0.00%,13.45MiB / 128MiB
1790499561,payflow-mongo-1,15.83%,231.8MiB / 1GiB
1790499561,payflow-postgres-1,120.16%,588.9MiB / 1GiB
1790499561,payflow-kafka-1,30.97%,697.2MiB / 1.5GiB
1790499561,payflow-keycloak-1,0.23%,2.76GiB / 10.7GiB
1790499561,payflow-settlement-rail-1,3.95%,45.57MiB / 256MiB
1790499561,payflow-grafana-1,0.92%,180.7MiB / 512MiB
1790499561,payflow-prometheus-1,0.16%,85.09MiB / 1GiB
1790499561,payflow-tempo-1,1.68%,149.1MiB / 1GiB
1790499561,k3d-tiny-url-serverlb,0.02%,5.938MiB / 10.7GiB
1790499561,k3d-tiny-url-server-0,8.86%,924.2MiB / 10.7GiB
1790499569,compassionate_booth,30.10%,136.8MiB / 10.7GiB
1790499569,payflow-payflow-1,201.61%,676.9MiB / 1.5GiB
1790499569,payflow-postgres-exporter-1,0.00%,13.71MiB / 128MiB
1790499569,payflow-mongo-1,76.50%,234.7MiB / 1GiB
1790499569,payflow-postgres-1,106.34%,575.4MiB / 1GiB
1790499569,payflow-kafka-1,32.64%,697.8MiB / 1.5GiB
1790499569,payflow-keycloak-1,0.25%,2.76GiB / 10.7GiB
1790499569,payflow-settlement-rail-1,3.51%,45.68MiB / 256MiB
1790499569,payflow-grafana-1,1.40%,180.7MiB / 512MiB
1790499569,payflow-prometheus-1,0.25%,85.1MiB / 1GiB
1790499569,payflow-tempo-1,17.13%,148.3MiB / 1GiB
1790499569,k3d-tiny-url-serverlb,0.02%,5.938MiB / 10.7GiB
1790499569,k3d-tiny-url-server-0,12.07%,923.1MiB / 10.7GiB
1790499576,compassionate_booth,32.12%,136.8MiB / 10.7GiB
1790499576,payflow-payflow-1,204.34%,677.6MiB / 1.5GiB
1790499576,payflow-postgres-exporter-1,1.56%,13.84MiB / 128MiB
1790499576,payflow-mongo-1,17.31%,232.3MiB / 1GiB
1790499576,payflow-postgres-1,107.59%,572.6MiB / 1GiB
1790499576,payflow-kafka-1,21.26%,698.8MiB / 1.5GiB
1790499576,payflow-keycloak-1,0.26%,2.76GiB / 10.7GiB
1790499576,payflow-settlement-rail-1,3.49%,45.86MiB / 256MiB
1790499576,payflow-grafana-1,0.85%,180.7MiB / 512MiB
1790499576,payflow-prometheus-1,0.65%,85.11MiB / 1GiB
1790499576,payflow-tempo-1,1.06%,154MiB / 1GiB
1790499576,k3d-tiny-url-serverlb,0.01%,5.938MiB / 10.7GiB
1790499576,k3d-tiny-url-server-0,8.86%,923.5MiB / 10.7GiB
1790499583,compassionate_booth,43.91%,141.5MiB / 10.7GiB
1790499583,payflow-payflow-1,201.91%,677.4MiB / 1.5GiB
1790499583,payflow-postgres-exporter-1,0.00%,13.47MiB / 128MiB
1790499583,payflow-mongo-1,12.48%,230.5MiB / 1GiB
1790499583,payflow-postgres-1,109.08%,567.5MiB / 1GiB
1790499583,payflow-kafka-1,15.62%,699.1MiB / 1.5GiB
1790499583,payflow-keycloak-1,0.31%,2.76GiB / 10.7GiB
1790499583,payflow-settlement-rail-1,1.94%,46.02MiB / 256MiB
1790499583,payflow-grafana-1,1.18%,180.7MiB / 512MiB
1790499583,payflow-prometheus-1,1.58%,85.11MiB / 1GiB
1790499583,payflow-tempo-1,2.66%,142.2MiB / 1GiB
1790499583,k3d-tiny-url-serverlb,0.00%,5.938MiB / 10.7GiB
1790499583,k3d-tiny-url-server-0,8.56%,923.4MiB / 10.7GiB
1790499590,compassionate_booth,41.04%,141.6MiB / 10.7GiB
1790499590,payflow-payflow-1,203.52%,677.3MiB / 1.5GiB
1790499590,payflow-postgres-exporter-1,2.29%,13.03MiB / 128MiB
1790499590,payflow-mongo-1,10.61%,230.6MiB / 1GiB
1790499590,payflow-postgres-1,114.34%,565.6MiB / 1GiB
1790499590,payflow-kafka-1,28.94%,699.7MiB / 1.5GiB
1790499590,payflow-keycloak-1,0.23%,2.76GiB / 10.7GiB
1790499590,payflow-settlement-rail-1,2.61%,46.14MiB / 256MiB
1790499590,payflow-grafana-1,0.95%,180.7MiB / 512MiB
1790499590,payflow-prometheus-1,0.51%,85.11MiB / 1GiB
1790499590,payflow-tempo-1,0.99%,151.4MiB / 1GiB
1790499590,k3d-tiny-url-serverlb,0.00%,5.938MiB / 10.7GiB
1790499590,k3d-tiny-url-server-0,11.92%,924.2MiB / 10.7GiB
1790499598,compassionate_booth,37.64%,141.6MiB / 10.7GiB
1790499598,payflow-payflow-1,200.46%,677.3MiB / 1.5GiB
1790499598,payflow-postgres-exporter-1,0.00%,12.76MiB / 128MiB
1790499598,payflow-mongo-1,62.23%,231.4MiB / 1GiB
1790499598,payflow-postgres-1,120.71%,562MiB / 1GiB
1790499598,payflow-kafka-1,26.51%,703MiB / 1.5GiB
1790499598,payflow-keycloak-1,0.22%,2.76GiB / 10.7GiB
1790499598,payflow-settlement-rail-1,1.56%,46.25MiB / 256MiB
1790499598,payflow-grafana-1,1.24%,180.7MiB / 512MiB
1790499598,payflow-prometheus-1,0.74%,85.11MiB / 1GiB
1790499598,payflow-tempo-1,0.94%,144.4MiB / 1GiB
1790499598,k3d-tiny-url-serverlb,0.03%,5.938MiB / 10.7GiB
1790499598,k3d-tiny-url-server-0,8.71%,923.8MiB / 10.7GiB
1790499605,compassionate_booth,35.31%,141.6MiB / 10.7GiB
1790499605,payflow-payflow-1,201.49%,710.5MiB / 1.5GiB
1790499605,payflow-postgres-exporter-1,0.00%,13.45MiB / 128MiB
1790499605,payflow-mongo-1,10.67%,231.4MiB / 1GiB
1790499605,payflow-postgres-1,108.65%,561.5MiB / 1GiB
1790499605,payflow-kafka-1,23.28%,703.2MiB / 1.5GiB
1790499605,payflow-keycloak-1,0.26%,2.761GiB / 10.7GiB
1790499605,payflow-settlement-rail-1,0.85%,46.33MiB / 256MiB
1790499605,payflow-grafana-1,0.96%,180.7MiB / 512MiB
1790499605,payflow-prometheus-1,1.44%,109.2MiB / 1GiB
1790499605,payflow-tempo-1,1.37%,150.8MiB / 1GiB
1790499605,k3d-tiny-url-serverlb,0.00%,5.938MiB / 10.7GiB
1790499605,k3d-tiny-url-server-0,9.08%,923.5MiB / 10.7GiB
1790499612,compassionate_booth,31.54%,141.6MiB / 10.7GiB
1790499612,payflow-payflow-1,202.88%,710.2MiB / 1.5GiB
1790499612,payflow-postgres-exporter-1,0.00%,13.26MiB / 128MiB
1790499612,payflow-mongo-1,11.19%,233.5MiB / 1GiB
1790499612,payflow-postgres-1,101.16%,561.9MiB / 1GiB
1790499612,payflow-kafka-1,26.50%,703.6MiB / 1.5GiB
1790499612,payflow-keycloak-1,0.26%,2.761GiB / 10.7GiB
1790499612,payflow-settlement-rail-1,0.70%,46.36MiB / 256MiB
1790499612,payflow-grafana-1,0.89%,180.7MiB / 512MiB
1790499612,payflow-prometheus-1,0.54%,109.3MiB / 1GiB
1790499612,payflow-tempo-1,2.58%,146.4MiB / 1GiB
1790499612,k3d-tiny-url-serverlb,0.01%,5.938MiB / 10.7GiB
1790499612,k3d-tiny-url-server-0,9.15%,925.8MiB / 10.7GiB
1790499620,compassionate_booth,82.04%,231.8MiB / 10.7GiB
1790499620,payflow-payflow-1,307.34%,711.3MiB / 1.5GiB
1790499620,payflow-postgres-exporter-1,0.00%,13.31MiB / 128MiB
1790499620,payflow-mongo-1,21.12%,233.7MiB / 1GiB
1790499620,payflow-postgres-1,19.03%,566.5MiB / 1GiB
1790499620,payflow-kafka-1,2.09%,704.1MiB / 1.5GiB
1790499620,payflow-keycloak-1,582.53%,2.972GiB / 10.7GiB
1790499620,payflow-settlement-rail-1,0.02%,46.38MiB / 256MiB
1790499620,payflow-grafana-1,1.53%,180.7MiB / 512MiB
1790499620,payflow-prometheus-1,0.34%,109.3MiB / 1GiB
1790499620,payflow-tempo-1,0.35%,146.1MiB / 1GiB
1790499620,k3d-tiny-url-serverlb,0.04%,5.938MiB / 10.7GiB
1790499620,k3d-tiny-url-server-0,26.61%,926.6MiB / 10.7GiB
1790499629,compassionate_booth,363.45%,406.3MiB / 10.7GiB
1790499629,payflow-payflow-1,345.32%,711.8MiB / 1.5GiB
1790499629,payflow-postgres-exporter-1,1.46%,13.01MiB / 128MiB
1790499629,payflow-mongo-1,145.26%,232.6MiB / 1GiB
1790499629,payflow-postgres-1,335.16%,593.3MiB / 1GiB
1790499629,payflow-kafka-1,23.13%,694MiB / 1.5GiB
1790499629,payflow-keycloak-1,467.59%,3.046GiB / 10.7GiB
1790499629,payflow-settlement-rail-1,0.07%,46.14MiB / 256MiB
1790499629,payflow-grafana-1,1.67%,179.8MiB / 512MiB
1790499629,payflow-prometheus-1,0.43%,109.8MiB / 1GiB
1790499629,payflow-tempo-1,2.09%,145.6MiB / 1GiB
1790499629,k3d-tiny-url-serverlb,0.04%,5.926MiB / 10.7GiB
1790499629,k3d-tiny-url-server-0,110.81%,925.9MiB / 10.7GiB
1790499644,compassionate_booth,150.89%,493.9MiB / 10.7GiB
1790499644,payflow-payflow-1,94.17%,843.8MiB / 1.5GiB
1790499644,payflow-postgres-exporter-1,0.00%,14.11MiB / 128MiB
1790499644,payflow-mongo-1,115.04%,314.7MiB / 1GiB
1790499644,payflow-postgres-1,50.34%,569MiB / 1GiB
1790499644,payflow-kafka-1,61.94%,758.7MiB / 1.5GiB
1790499644,payflow-keycloak-1,276.61%,3.07GiB / 10.7GiB
1790499644,payflow-settlement-rail-1,0.02%,45.76MiB / 256MiB
1790499644,payflow-grafana-1,0.96%,178.4MiB / 512MiB
1790499644,payflow-prometheus-1,0.46%,110.9MiB / 1GiB
1790499644,payflow-tempo-1,0.24%,132.9MiB / 1GiB
1790499644,k3d-tiny-url-serverlb,0.00%,5.906MiB / 10.7GiB
1790499644,k3d-tiny-url-server-0,18.05%,921.8MiB / 10.7GiB
1790499651,compassionate_booth,40.24%,584.2MiB / 10.7GiB
1790499651,payflow-payflow-1,121.53%,939.4MiB / 1.5GiB
1790499651,payflow-postgres-exporter-1,1.18%,12.79MiB / 128MiB
1790499651,payflow-mongo-1,41.65%,227.3MiB / 1GiB
1790499651,payflow-postgres-1,71.39%,549.4MiB / 1GiB
1790499651,payflow-kafka-1,4.59%,667.5MiB / 1.5GiB
1790499651,payflow-keycloak-1,96.63%,3.136GiB / 10.7GiB
1790499651,payflow-settlement-rail-1,0.02%,45.42MiB / 256MiB
1790499651,payflow-grafana-1,1.90%,176.5MiB / 512MiB
1790499651,payflow-prometheus-1,0.61%,110.9MiB / 1GiB
1790499651,payflow-tempo-1,0.56%,131MiB / 1GiB
1790499651,k3d-tiny-url-serverlb,0.22%,5.883MiB / 10.7GiB
1790499651,k3d-tiny-url-server-0,33.75%,918.2MiB / 10.7GiB
1790499659,compassionate_booth,477.19%,685.2MiB / 10.7GiB
1790499659,payflow-payflow-1,145.36%,1.061GiB / 1.5GiB
1790499659,payflow-postgres-exporter-1,0.00%,13.34MiB / 128MiB
1790499659,payflow-mongo-1,15.55%,212.9MiB / 1GiB
1790499659,payflow-postgres-1,284.44%,522.3MiB / 1GiB
1790499659,payflow-kafka-1,154.56%,711.5MiB / 1.5GiB
1790499659,payflow-keycloak-1,259.27%,3.156GiB / 10.7GiB
1790499659,payflow-settlement-rail-1,0.06%,45.09MiB / 256MiB
1790499659,payflow-grafana-1,0.98%,174.9MiB / 512MiB
1790499659,payflow-prometheus-1,50.76%,112.8MiB / 1GiB
1790499659,payflow-tempo-1,2.77%,130.4MiB / 1GiB
1790499659,k3d-tiny-url-serverlb,0.02%,5.855MiB / 10.7GiB
1790499659,k3d-tiny-url-server-0,477.10%,916.5MiB / 10.7GiB
1790499668,compassionate_booth,46.67%,805.9MiB / 10.7GiB
1790499668,payflow-payflow-1,186.20%,1.122GiB / 1.5GiB
1790499668,payflow-postgres-exporter-1,1.88%,13.12MiB / 128MiB
1790499668,payflow-mongo-1,1.48%,210.8MiB / 1GiB
1790499668,payflow-postgres-1,63.74%,475.8MiB / 1GiB
1790499668,payflow-kafka-1,67.24%,653.6MiB / 1.5GiB
1790499668,payflow-keycloak-1,355.13%,3.189GiB / 10.7GiB
1790499668,payflow-settlement-rail-1,0.03%,44.86MiB / 256MiB
1790499668,payflow-grafana-1,0.97%,173.5MiB / 512MiB
1790499668,payflow-prometheus-1,5.08%,114MiB / 1GiB
1790499668,payflow-tempo-1,0.27%,129.3MiB / 1GiB
1790499668,k3d-tiny-url-serverlb,0.02%,5.832MiB / 10.7GiB
1790499668,k3d-tiny-url-server-0,387.08%,912.9MiB / 10.7GiB
1790499678,compassionate_booth,52.03%,806.6MiB / 10.7GiB
1790499678,payflow-payflow-1,205.95%,1.239GiB / 1.5GiB
1790499678,payflow-postgres-exporter-1,0.00%,13.16MiB / 128MiB
1790499678,payflow-mongo-1,11.43%,205.1MiB / 1GiB
1790499678,payflow-postgres-1,80.27%,407.6MiB / 1GiB
1790499678,payflow-kafka-1,111.35%,719.6MiB / 1.5GiB
1790499678,payflow-keycloak-1,419.68%,3.184GiB / 10.7GiB
1790499678,payflow-settlement-rail-1,0.03%,44.35MiB / 256MiB
1790499678,payflow-grafana-1,17.74%,167.2MiB / 512MiB
1790499678,payflow-prometheus-1,5.57%,113.4MiB / 1GiB
1790499678,payflow-tempo-1,40.50%,130.3MiB / 1GiB
1790499678,k3d-tiny-url-serverlb,0.00%,5.789MiB / 10.7GiB
1790499678,k3d-tiny-url-server-0,92.86%,902MiB / 10.7GiB
1790499687,compassionate_booth,56.55%,873.7MiB / 10.7GiB
1790499687,payflow-payflow-1,217.88%,1.325GiB / 1.5GiB
1790499687,payflow-postgres-exporter-1,0.02%,11.82MiB / 128MiB
1790499687,payflow-mongo-1,100.75%,357.7MiB / 1GiB
1790499687,payflow-postgres-1,45.04%,389MiB / 1GiB
1790499687,payflow-kafka-1,67.43%,610.5MiB / 1.5GiB
1790499687,payflow-keycloak-1,73.20%,3.208GiB / 10.7GiB
1790499687,payflow-settlement-rail-1,0.01%,44.22MiB / 256MiB
1790499687,payflow-grafana-1,1.23%,167.7MiB / 512MiB
1790499687,payflow-prometheus-1,0.45%,115.1MiB / 1GiB
1790499687,payflow-tempo-1,1.08%,131.2MiB / 1GiB
1790499687,k3d-tiny-url-serverlb,0.02%,5.746MiB / 10.7GiB
1790499687,k3d-tiny-url-server-0,58.09%,900.9MiB / 10.7GiB
1790499695,compassionate_booth,40.42%,877.6MiB / 10.7GiB
1790499695,payflow-payflow-1,124.50%,1.325GiB / 1.5GiB
1790499695,payflow-postgres-exporter-1,0.00%,12.68MiB / 128MiB
1790499695,payflow-mongo-1,66.13%,211.4MiB / 1GiB
1790499695,payflow-postgres-1,57.40%,385.7MiB / 1GiB
1790499695,payflow-kafka-1,37.56%,602.4MiB / 1.5GiB
1790499695,payflow-keycloak-1,32.56%,3.197GiB / 10.7GiB
1790499695,payflow-settlement-rail-1,0.03%,44.2MiB / 256MiB
1790499695,payflow-grafana-1,1.12%,167.5MiB / 512MiB
1790499695,payflow-prometheus-1,8.93%,116.8MiB / 1GiB
1790499695,payflow-tempo-1,1.76%,127.2MiB / 1GiB
1790499695,k3d-tiny-url-serverlb,0.00%,5.746MiB / 10.7GiB
1790499695,k3d-tiny-url-server-0,78.07%,899.6MiB / 10.7GiB
1790499702,compassionate_booth,47.52%,879.6MiB / 10.7GiB
1790499702,--,--,-- / --
1790499702,payflow-postgres-exporter-1,0.97%,12.98MiB / 128MiB
1790499702,payflow-mongo-1,11.02%,211.5MiB / 1GiB
1790499702,payflow-postgres-1,142.60%,388.6MiB / 1GiB
1790499702,--,--,-- / --
1790499702,payflow-keycloak-1,0.21%,3.187GiB / 10.7GiB
1790499702,payflow-settlement-rail-1,0.06%,44.2MiB / 256MiB
1790499702,payflow-grafana-1,0.90%,167.1MiB / 512MiB
1790499702,payflow-prometheus-1,0.24%,116.6MiB / 1GiB
1790499702,payflow-tempo-1,6.45%,121.3MiB / 1GiB
1790499702,k3d-tiny-url-serverlb,0.00%,5.746MiB / 10.7GiB
1790499702,k3d-tiny-url-server-0,11.69%,902.4MiB / 10.7GiB
1790499710,compassionate_booth,49.44%,884.7MiB / 10.7GiB
1790499710,payflow-payflow-1,154.82%,1.324GiB / 1.5GiB
1790499710,payflow-postgres-exporter-1,0.00%,12.21MiB / 128MiB
1790499710,payflow-mongo-1,23.97%,210.3MiB / 1GiB
1790499710,payflow-postgres-1,97.69%,397.7MiB / 1GiB
1790499710,payflow-kafka-1,11.78%,598.2MiB / 1.5GiB
1790499710,payflow-keycloak-1,0.22%,3.169GiB / 10.7GiB
1790499710,payflow-settlement-rail-1,0.43%,44.15MiB / 256MiB
1790499710,payflow-grafana-1,1.19%,167.5MiB / 512MiB
1790499710,payflow-prometheus-1,1.90%,116.3MiB / 1GiB
1790499710,payflow-tempo-1,1.22%,127MiB / 1GiB
1790499710,k3d-tiny-url-serverlb,0.00%,5.742MiB / 10.7GiB
1790499710,k3d-tiny-url-server-0,12.86%,903MiB / 10.7GiB
1790499717,compassionate_booth,41.30%,885MiB / 10.7GiB
1790499717,payflow-payflow-1,182.80%,1.325GiB / 1.5GiB
1790499717,payflow-postgres-exporter-1,0.00%,12.21MiB / 128MiB
1790499717,payflow-mongo-1,24.68%,210.6MiB / 1GiB
1790499717,payflow-postgres-1,126.84%,402.8MiB / 1GiB
1790499717,payflow-kafka-1,18.68%,608.3MiB / 1.5GiB
1790499717,payflow-keycloak-1,0.20%,3.165GiB / 10.7GiB
1790499717,payflow-settlement-rail-1,0.01%,44.15MiB / 256MiB
1790499717,payflow-grafana-1,0.90%,167.7MiB / 512MiB
1790499717,payflow-prometheus-1,0.18%,116.3MiB / 1GiB
1790499717,payflow-tempo-1,3.23%,125.6MiB / 1GiB
1790499717,k3d-tiny-url-serverlb,0.03%,5.742MiB / 10.7GiB
1790499717,k3d-tiny-url-server-0,15.00%,905.6MiB / 10.7GiB
1790499724,compassionate_booth,36.91%,885.4MiB / 10.7GiB
1790499724,payflow-payflow-1,164.93%,1.325GiB / 1.5GiB
1790499724,payflow-postgres-exporter-1,0.00%,12.08MiB / 128MiB
1790499724,payflow-mongo-1,44.43%,214.4MiB / 1GiB
1790499724,payflow-postgres-1,104.93%,410.8MiB / 1GiB
1790499724,payflow-kafka-1,25.14%,610.1MiB / 1.5GiB
1790499724,payflow-keycloak-1,0.19%,3.172GiB / 10.7GiB
1790499724,payflow-settlement-rail-1,0.01%,44.15MiB / 256MiB
1790499724,payflow-grafana-1,0.94%,167.7MiB / 512MiB
1790499724,payflow-prometheus-1,18.63%,116.6MiB / 1GiB
1790499724,payflow-tempo-1,9.07%,128.1MiB / 1GiB
1790499724,k3d-tiny-url-serverlb,0.01%,5.75MiB / 10.7GiB
1790499724,k3d-tiny-url-server-0,10.54%,905.1MiB / 10.7GiB
1790499732,compassionate_booth,37.31%,886.2MiB / 10.7GiB
1790499732,payflow-payflow-1,165.84%,1.324GiB / 1.5GiB
1790499732,payflow-postgres-exporter-1,0.00%,13.58MiB / 128MiB
1790499732,payflow-mongo-1,84.16%,359.5MiB / 1GiB
1790499732,payflow-postgres-1,133.14%,412.7MiB / 1GiB
1790499732,payflow-kafka-1,9.69%,610MiB / 1.5GiB
1790499732,payflow-keycloak-1,0.19%,3.166GiB / 10.7GiB
1790499732,payflow-settlement-rail-1,0.02%,44.13MiB / 256MiB
1790499732,payflow-grafana-1,0.87%,167.6MiB / 512MiB
1790499732,payflow-prometheus-1,0.32%,116.4MiB / 1GiB
1790499732,payflow-tempo-1,2.09%,130.2MiB / 1GiB
1790499732,k3d-tiny-url-serverlb,0.00%,5.75MiB / 10.7GiB
1790499732,k3d-tiny-url-server-0,13.34%,906.2MiB / 10.7GiB
1790499739,compassionate_booth,34.11%,886.3MiB / 10.7GiB
1790499739,payflow-payflow-1,173.52%,1.325GiB / 1.5GiB
1790499739,payflow-postgres-exporter-1,0.00%,12.94MiB / 128MiB
1790499739,payflow-mongo-1,110.57%,365.8MiB / 1GiB
1790499739,payflow-postgres-1,114.10%,422.1MiB / 1GiB
1790499739,payflow-kafka-1,10.54%,608.6MiB / 1.5GiB
1790499739,payflow-keycloak-1,0.23%,3.158GiB / 10.7GiB
1790499739,payflow-settlement-rail-1,0.02%,44.13MiB / 256MiB
1790499739,payflow-grafana-1,0.83%,167.9MiB / 512MiB
1790499739,payflow-prometheus-1,3.59%,116.4MiB / 1GiB
1790499739,payflow-tempo-1,1.41%,131.3MiB / 1GiB
1790499739,k3d-tiny-url-serverlb,0.00%,5.75MiB / 10.7GiB
1790499739,k3d-tiny-url-server-0,8.33%,908MiB / 10.7GiB
1790499747,compassionate_booth,33.31%,886.2MiB / 10.7GiB
1790499747,payflow-payflow-1,104.04%,1.325GiB / 1.5GiB
1790499747,payflow-postgres-exporter-1,3.62%,12.34MiB / 128MiB
1790499747,payflow-mongo-1,111.49%,254MiB / 1GiB
1790499747,payflow-postgres-1,73.14%,445.8MiB / 1GiB
1790499747,payflow-kafka-1,150.36%,696.7MiB / 1.5GiB
1790499747,payflow-keycloak-1,0.29%,3.152GiB / 10.7GiB
1790499747,payflow-settlement-rail-1,49.15%,44.23MiB / 256MiB
1790499747,payflow-grafana-1,12.25%,167.8MiB / 512MiB
1790499747,payflow-prometheus-1,0.26%,116.8MiB / 1GiB
1790499747,payflow-tempo-1,0.27%,135MiB / 1GiB
1790499747,k3d-tiny-url-serverlb,0.00%,5.75MiB / 10.7GiB
1790499747,k3d-tiny-url-server-0,158.97%,909.9MiB / 10.7GiB
1790499755,compassionate_booth,31.17%,887.6MiB / 10.7GiB
1790499755,payflow-payflow-1,199.88%,1.324GiB / 1.5GiB
1790499755,payflow-postgres-exporter-1,0.00%,13.13MiB / 128MiB
1790499755,payflow-mongo-1,100.03%,328.1MiB / 1GiB
1790499755,payflow-postgres-1,23.15%,465.4MiB / 1GiB
1790499755,payflow-kafka-1,182.36%,677.6MiB / 1.5GiB
1790499755,payflow-keycloak-1,10.90%,3.114GiB / 10.7GiB
1790499755,payflow-settlement-rail-1,0.01%,44.04MiB / 256MiB
1790499755,payflow-grafana-1,1.17%,167.4MiB / 512MiB
1790499755,payflow-prometheus-1,1.72%,117MiB / 1GiB
1790499755,payflow-tempo-1,6.26%,137MiB / 1GiB
1790499755,k3d-tiny-url-serverlb,0.01%,5.734MiB / 10.7GiB
1790499755,k3d-tiny-url-server-0,8.51%,907.9MiB / 10.7GiB
1790499762,compassionate_booth,38.52%,897.1MiB / 10.7GiB
1790499762,payflow-payflow-1,186.96%,1.323GiB / 1.5GiB
1790499762,payflow-postgres-exporter-1,0.00%,12.89MiB / 128MiB
1790499762,payflow-mongo-1,17.58%,207MiB / 1GiB
1790499762,payflow-postgres-1,104.80%,455.9MiB / 1GiB
1790499762,payflow-kafka-1,47.32%,608.7MiB / 1.5GiB
1790499762,payflow-keycloak-1,0.26%,3.091GiB / 10.7GiB
1790499762,payflow-settlement-rail-1,0.02%,43.88MiB / 256MiB
1790499762,payflow-grafana-1,0.97%,167.2MiB / 512MiB
1790499762,payflow-prometheus-1,0.19%,117MiB / 1GiB
1790499762,payflow-tempo-1,1.37%,128.8MiB / 1GiB
1790499762,k3d-tiny-url-serverlb,0.00%,5.73MiB / 10.7GiB
1790499762,k3d-tiny-url-server-0,14.77%,908.4MiB / 10.7GiB
1790499770,compassionate_booth,24.40%,903.4MiB / 10.7GiB
1790499770,payflow-payflow-1,205.22%,1.324GiB / 1.5GiB
1790499770,payflow-postgres-exporter-1,3.11%,12.13MiB / 128MiB
1790499770,payflow-mongo-1,85.09%,217.2MiB / 1GiB
1790499770,payflow-postgres-1,109.63%,456.4MiB / 1GiB
1790499770,payflow-kafka-1,28.88%,608.3MiB / 1.5GiB
1790499770,payflow-keycloak-1,0.17%,3.091GiB / 10.7GiB
1790499770,payflow-settlement-rail-1,2.65%,43.93MiB / 256MiB
1790499770,payflow-grafana-1,0.73%,169.8MiB / 512MiB
1790499770,payflow-prometheus-1,0.48%,117.1MiB / 1GiB
1790499770,payflow-tempo-1,1.07%,130.1MiB / 1GiB
1790499770,k3d-tiny-url-serverlb,0.00%,5.73MiB / 10.7GiB
1790499770,k3d-tiny-url-server-0,20.25%,909.5MiB / 10.7GiB
1790499778,compassionate_booth,25.65%,903.4MiB / 10.7GiB
1790499778,payflow-payflow-1,174.09%,1.324GiB / 1.5GiB
1790499778,payflow-postgres-exporter-1,0.00%,12.25MiB / 128MiB
1790499778,payflow-mongo-1,106.18%,372.4MiB / 1GiB
1790499778,payflow-postgres-1,135.36%,455.9MiB / 1GiB
1790499778,payflow-kafka-1,35.48%,612.4MiB / 1.5GiB
1790499778,payflow-keycloak-1,0.26%,3.076GiB / 10.7GiB
1790499778,payflow-settlement-rail-1,2.96%,44.04MiB / 256MiB
1790499778,payflow-grafana-1,1.85%,170.5MiB / 512MiB
1790499778,payflow-prometheus-1,1.20%,88.96MiB / 1GiB
1790499778,payflow-tempo-1,12.46%,134.5MiB / 1GiB
1790499778,k3d-tiny-url-serverlb,0.02%,5.73MiB / 10.7GiB
1790499778,k3d-tiny-url-server-0,18.12%,910.8MiB / 10.7GiB
1790499785,compassionate_booth,15.46%,903.4MiB / 10.7GiB
1790499785,payflow-payflow-1,89.22%,1.323GiB / 1.5GiB
1790499785,payflow-postgres-exporter-1,1.95%,12.93MiB / 128MiB
1790499785,payflow-mongo-1,114.21%,359.7MiB / 1GiB
1790499785,payflow-postgres-1,72.09%,451.7MiB / 1GiB
1790499785,payflow-kafka-1,12.39%,605.4MiB / 1.5GiB
1790499785,payflow-keycloak-1,0.19%,3.068GiB / 10.7GiB
1790499785,payflow-settlement-rail-1,0.80%,44.05MiB / 256MiB
1790499785,payflow-grafana-1,0.91%,170.4MiB / 512MiB
1790499785,payflow-prometheus-1,1.01%,88.89MiB / 1GiB
1790499785,payflow-tempo-1,0.39%,129.6MiB / 1GiB
1790499785,k3d-tiny-url-serverlb,0.01%,5.727MiB / 10.7GiB
1790499785,k3d-tiny-url-server-0,23.26%,908.7MiB / 10.7GiB
1790499793,compassionate_booth,12.51%,903.4MiB / 10.7GiB
1790499793,payflow-payflow-1,158.29%,1.323GiB / 1.5GiB
1790499793,payflow-postgres-exporter-1,0.00%,13.06MiB / 128MiB
1790499793,payflow-mongo-1,42.28%,218.4MiB / 1GiB
1790499793,payflow-postgres-1,71.20%,453.2MiB / 1GiB
1790499793,payflow-kafka-1,48.82%,610.4MiB / 1.5GiB
1790499793,payflow-keycloak-1,0.22%,3.057GiB / 10.7GiB
1790499793,payflow-settlement-rail-1,5.73%,44.11MiB / 256MiB
1790499793,payflow-grafana-1,6.66%,170.4MiB / 512MiB
1790499793,payflow-prometheus-1,1.00%,88.9MiB / 1GiB
1790499793,payflow-tempo-1,0.99%,128.8MiB / 1GiB
1790499793,k3d-tiny-url-serverlb,0.00%,5.727MiB / 10.7GiB
1790499793,k3d-tiny-url-server-0,14.20%,907.8MiB / 10.7GiB
1790499800,compassionate_booth,5.79%,903.7MiB / 10.7GiB
1790499800,payflow-payflow-1,101.33%,1.323GiB / 1.5GiB
1790499800,payflow-postgres-exporter-1,0.00%,13.16MiB / 128MiB
1790499800,payflow-mongo-1,65.70%,218.8MiB / 1GiB
1790499800,payflow-postgres-1,62.30%,447.9MiB / 1GiB
1790499800,payflow-kafka-1,87.64%,611.9MiB / 1.5GiB
1790499800,payflow-keycloak-1,0.23%,3.049GiB / 10.7GiB
1790499800,payflow-settlement-rail-1,1.00%,44.14MiB / 256MiB
1790499800,payflow-grafana-1,1.24%,170.4MiB / 512MiB
1790499800,payflow-prometheus-1,1.00%,89.01MiB / 1GiB
1790499800,payflow-tempo-1,1.24%,127.2MiB / 1GiB
1790499800,k3d-tiny-url-serverlb,0.00%,5.727MiB / 10.7GiB
1790499800,k3d-tiny-url-server-0,20.37%,908.6MiB / 10.7GiB
1790499807,payflow-payflow-1,139.89%,1.32GiB / 1.5GiB
1790499807,payflow-postgres-exporter-1,0.00%,12.9MiB / 128MiB
1790499807,payflow-mongo-1,50.88%,219.6MiB / 1GiB
1790499807,payflow-postgres-1,98.37%,490.1MiB / 1GiB
1790499807,payflow-kafka-1,41.93%,613.6MiB / 1.5GiB
1790499807,payflow-keycloak-1,0.32%,3.048GiB / 10.7GiB
1790499807,payflow-settlement-rail-1,9.13%,44.23MiB / 256MiB
1790499807,payflow-grafana-1,2.23%,171MiB / 512MiB
1790499807,payflow-prometheus-1,1.96%,89.12MiB / 1GiB
1790499807,payflow-tempo-1,0.59%,127.5MiB / 1GiB
1790499807,k3d-tiny-url-serverlb,0.02%,5.727MiB / 10.7GiB
1790499807,k3d-tiny-url-server-0,24.46%,909MiB / 10.7GiB
1790499815,payflow-payflow-1,40.75%,1.32GiB / 1.5GiB
1790499815,payflow-postgres-exporter-1,13.22%,12.54MiB / 128MiB
1790499815,payflow-mongo-1,114.59%,382.5MiB / 1GiB
1790499815,payflow-postgres-1,19.96%,506.7MiB / 1GiB
1790499815,payflow-kafka-1,49.00%,615.9MiB / 1.5GiB
1790499815,payflow-keycloak-1,0.41%,3.048GiB / 10.7GiB
1790499815,payflow-settlement-rail-1,4.22%,44.23MiB / 256MiB
1790499815,payflow-grafana-1,1.61%,171.2MiB / 512MiB
1790499815,payflow-prometheus-1,1.82%,89.12MiB / 1GiB
1790499815,payflow-tempo-1,4.58%,127.4MiB / 1GiB
1790499815,k3d-tiny-url-serverlb,0.00%,5.727MiB / 10.7GiB
1790499815,k3d-tiny-url-server-0,94.65%,908.6MiB / 10.7GiB
1790499823,payflow-payflow-1,127.32%,1.321GiB / 1.5GiB
1790499823,payflow-postgres-exporter-1,0.00%,13.31MiB / 128MiB
1790499823,payflow-mongo-1,45.79%,226.3MiB / 1GiB
1790499823,payflow-postgres-1,64.96%,492.1MiB / 1GiB
1790499823,payflow-kafka-1,33.48%,613.6MiB / 1.5GiB
1790499823,payflow-keycloak-1,0.27%,3.048GiB / 10.7GiB
1790499823,payflow-settlement-rail-1,1.19%,44.27MiB / 256MiB
1790499823,payflow-grafana-1,1.05%,171.2MiB / 512MiB
1790499823,payflow-prometheus-1,1.10%,89.29MiB / 1GiB
1790499823,payflow-tempo-1,1.12%,122.6MiB / 1GiB
1790499823,k3d-tiny-url-serverlb,0.00%,5.727MiB / 10.7GiB
1790499823,k3d-tiny-url-server-0,15.35%,908.5MiB / 10.7GiB
1790499830,payflow-payflow-1,148.35%,1.32GiB / 1.5GiB
1790499830,payflow-postgres-exporter-1,1.91%,13.15MiB / 128MiB
1790499830,payflow-mongo-1,40.57%,226.5MiB / 1GiB
1790499830,payflow-postgres-1,69.93%,537.5MiB / 1GiB
1790499830,payflow-kafka-1,59.29%,624.3MiB / 1.5GiB
1790499830,payflow-keycloak-1,0.24%,3.048GiB / 10.7GiB
1790499830,payflow-settlement-rail-1,4.53%,44.31MiB / 256MiB
1790499830,payflow-grafana-1,1.03%,171.4MiB / 512MiB
1790499830,payflow-prometheus-1,1.05%,89.84MiB / 1GiB
1790499830,payflow-tempo-1,0.30%,122.8MiB / 1GiB
1790499830,k3d-tiny-url-serverlb,0.00%,5.727MiB / 10.7GiB
1790499830,k3d-tiny-url-server-0,15.99%,909.6MiB / 10.7GiB
1790499838,payflow-payflow-1,145.88%,1.321GiB / 1.5GiB
1790499838,payflow-postgres-exporter-1,0.00%,12.86MiB / 128MiB
1790499838,payflow-mongo-1,40.49%,229.1MiB / 1GiB
1790499838,payflow-postgres-1,72.86%,538.1MiB / 1GiB
1790499838,payflow-kafka-1,41.87%,618.8MiB / 1.5GiB
1790499838,payflow-keycloak-1,0.24%,3.048GiB / 10.7GiB
1790499838,payflow-settlement-rail-1,0.29%,44.34MiB / 256MiB
1790499838,payflow-grafana-1,1.23%,171.5MiB / 512MiB
1790499838,payflow-prometheus-1,0.80%,89.84MiB / 1GiB
1790499838,payflow-tempo-1,5.85%,123.3MiB / 1GiB
1790499838,k3d-tiny-url-serverlb,0.03%,5.727MiB / 10.7GiB
1790499838,k3d-tiny-url-server-0,11.52%,909.9MiB / 10.7GiB
1790499845,payflow-payflow-1,152.81%,1.32GiB / 1.5GiB
1790499845,payflow-postgres-exporter-1,2.62%,12.75MiB / 128MiB
1790499845,payflow-mongo-1,78.44%,382.8MiB / 1GiB
1790499845,payflow-postgres-1,82.93%,537.8MiB / 1GiB
1790499845,payflow-kafka-1,46.03%,623MiB / 1.5GiB
1790499845,payflow-keycloak-1,0.22%,3.048GiB / 10.7GiB
1790499845,payflow-settlement-rail-1,0.89%,44.35MiB / 256MiB
1790499845,payflow-grafana-1,1.04%,171.5MiB / 512MiB
1790499845,payflow-prometheus-1,4.13%,89.94MiB / 1GiB
1790499845,payflow-tempo-1,0.28%,123.4MiB / 1GiB
1790499845,k3d-tiny-url-serverlb,0.01%,5.727MiB / 10.7GiB
1790499845,k3d-tiny-url-server-0,10.55%,911MiB / 10.7GiB
1790499853,payflow-payflow-1,136.38%,1.321GiB / 1.5GiB
1790499853,payflow-postgres-exporter-1,0.00%,13.43MiB / 128MiB
1790499853,payflow-mongo-1,46.12%,231.2MiB / 1GiB
1790499853,payflow-postgres-1,78.58%,538.8MiB / 1GiB
1790499853,payflow-kafka-1,42.96%,624.6MiB / 1.5GiB
1790499853,payflow-keycloak-1,0.24%,3.048GiB / 10.7GiB
1790499853,payflow-settlement-rail-1,0.02%,44.35MiB / 256MiB
1790499853,payflow-grafana-1,1.17%,171.5MiB / 512MiB
1790499853,payflow-prometheus-1,1.05%,89.94MiB / 1GiB
1790499853,payflow-tempo-1,2.02%,123.6MiB / 1GiB
1790499853,k3d-tiny-url-serverlb,0.00%,5.727MiB / 10.7GiB
1790499853,k3d-tiny-url-server-0,10.71%,911.1MiB / 10.7GiB
1790499860,payflow-payflow-1,122.71%,1.32GiB / 1.5GiB
1790499860,payflow-postgres-exporter-1,0.00%,12.65MiB / 128MiB
1790499860,payflow-mongo-1,41.05%,233.3MiB / 1GiB
1790499860,payflow-postgres-1,74.20%,537.9MiB / 1GiB
1790499860,payflow-kafka-1,42.27%,625.6MiB / 1.5GiB
1790499860,payflow-keycloak-1,0.22%,3.048GiB / 10.7GiB
1790499860,payflow-settlement-rail-1,2.58%,44.4MiB / 256MiB
1790499860,payflow-grafana-1,3.06%,172MiB / 512MiB
1790499860,payflow-prometheus-1,3.34%,90.12MiB / 1GiB
1790499860,payflow-tempo-1,2.81%,124.1MiB / 1GiB
1790499860,k3d-tiny-url-serverlb,0.00%,5.727MiB / 10.7GiB
1790499860,k3d-tiny-url-server-0,10.01%,912MiB / 10.7GiB
1790499867,payflow-payflow-1,143.85%,1.32GiB / 1.5GiB
1790499867,payflow-postgres-exporter-1,0.00%,13.43MiB / 128MiB
1790499867,payflow-mongo-1,38.39%,241.3MiB / 1GiB
1790499867,payflow-postgres-1,93.08%,594.8MiB / 1GiB
1790499867,payflow-kafka-1,64.86%,633.2MiB / 1.5GiB
1790499867,payflow-keycloak-1,0.20%,3.048GiB / 10.7GiB
1790499867,payflow-settlement-rail-1,1.79%,44.45MiB / 256MiB
1790499867,payflow-grafana-1,0.91%,180.9MiB / 512MiB
1790499867,payflow-prometheus-1,1.01%,88.29MiB / 1GiB
1790499867,payflow-tempo-1,0.29%,124.8MiB / 1GiB
1790499867,k3d-tiny-url-serverlb,0.00%,5.727MiB / 10.7GiB
1790499867,k3d-tiny-url-server-0,8.85%,912.5MiB / 10.7GiB
1790499875,payflow-payflow-1,96.17%,1.32GiB / 1.5GiB
1790499875,payflow-postgres-exporter-1,0.00%,12.85MiB / 128MiB
1790499875,payflow-mongo-1,30.51%,242.6MiB / 1GiB
1790499875,payflow-postgres-1,47.89%,580.8MiB / 1GiB
1790499875,payflow-kafka-1,95.27%,670.3MiB / 1.5GiB
1790499875,payflow-keycloak-1,0.22%,3.048GiB / 10.7GiB
1790499875,payflow-settlement-rail-1,1.13%,44.5MiB / 256MiB
1790499875,payflow-grafana-1,1.24%,180.9MiB / 512MiB
1790499875,payflow-prometheus-1,1.14%,88.36MiB / 1GiB
1790499875,payflow-tempo-1,0.35%,124.7MiB / 1GiB
1790499875,k3d-tiny-url-serverlb,0.03%,5.727MiB / 10.7GiB
1790499875,k3d-tiny-url-server-0,13.73%,912.1MiB / 10.7GiB
1790499882,payflow-payflow-1,115.60%,1.32GiB / 1.5GiB
1790499882,payflow-postgres-exporter-1,0.01%,12.94MiB / 128MiB
1790499882,payflow-mongo-1,107.02%,244.9MiB / 1GiB
1790499882,payflow-postgres-1,58.47%,583.7MiB / 1GiB
1790499882,payflow-kafka-1,118.68%,676.9MiB / 1.5GiB
1790499882,payflow-keycloak-1,0.21%,3.048GiB / 10.7GiB
1790499882,payflow-settlement-rail-1,0.23%,44.54MiB / 256MiB
1790499882,payflow-grafana-1,1.05%,180.9MiB / 512MiB
1790499882,payflow-prometheus-1,0.22%,88.37MiB / 1GiB
1790499882,payflow-tempo-1,0.26%,125MiB / 1GiB
1790499882,k3d-tiny-url-serverlb,0.02%,5.727MiB / 10.7GiB
1790499882,k3d-tiny-url-server-0,13.00%,912.2MiB / 10.7GiB
1790499889,payflow-payflow-1,50.82%,1.32GiB / 1.5GiB
1790499889,payflow-postgres-exporter-1,0.00%,13.52MiB / 128MiB
1790499889,payflow-mongo-1,36.99%,246MiB / 1GiB
1790499889,payflow-postgres-1,5.62%,583.2MiB / 1GiB
1790499889,payflow-kafka-1,213.60%,721.8MiB / 1.5GiB
1790499889,payflow-keycloak-1,115.20%,3.048GiB / 10.7GiB
1790499889,payflow-settlement-rail-1,3.94%,44.57MiB / 256MiB
1790499889,payflow-grafana-1,0.91%,180.9MiB / 512MiB
1790499889,payflow-prometheus-1,20.54%,88.37MiB / 1GiB
1790499889,payflow-tempo-1,2.13%,125.3MiB / 1GiB
1790499889,k3d-tiny-url-serverlb,0.00%,5.727MiB / 10.7GiB
1790499889,k3d-tiny-url-server-0,21.53%,912.9MiB / 10.7GiB
1790499897,payflow-payflow-1,128.43%,1.32GiB / 1.5GiB
1790499897,payflow-postgres-exporter-1,0.00%,12.92MiB / 128MiB
1790499897,payflow-mongo-1,33.59%,246.3MiB / 1GiB
1790499897,payflow-postgres-1,62.35%,582.4MiB / 1GiB
1790499897,payflow-kafka-1,198.72%,738.6MiB / 1.5GiB
1790499897,payflow-keycloak-1,0.17%,3.049GiB / 10.7GiB
1790499897,payflow-settlement-rail-1,1.42%,44.66MiB / 256MiB
1790499897,payflow-grafana-1,10.75%,180.9MiB / 512MiB
1790499897,payflow-prometheus-1,0.17%,88.38MiB / 1GiB
1790499897,payflow-tempo-1,2.48%,125.4MiB / 1GiB
1790499897,k3d-tiny-url-serverlb,0.00%,5.727MiB / 10.7GiB
1790499897,k3d-tiny-url-server-0,7.13%,914.7MiB / 10.7GiB
1790499904,payflow-payflow-1,139.20%,1.32GiB / 1.5GiB
1790499904,payflow-postgres-exporter-1,0.00%,13.13MiB / 128MiB
1790499904,payflow-mongo-1,36.56%,249.9MiB / 1GiB
1790499904,payflow-postgres-1,61.90%,582.9MiB / 1GiB
1790499904,payflow-kafka-1,198.31%,725.6MiB / 1.5GiB
1790499904,payflow-keycloak-1,0.20%,3.046GiB / 10.7GiB
1790499904,payflow-settlement-rail-1,2.87%,44.73MiB / 256MiB
1790499904,payflow-grafana-1,0.91%,180.9MiB / 512MiB
1790499904,payflow-prometheus-1,1.20%,88.92MiB / 1GiB
1790499904,payflow-tempo-1,2.54%,126.2MiB / 1GiB
1790499904,k3d-tiny-url-serverlb,0.00%,5.727MiB / 10.7GiB
1790499904,k3d-tiny-url-server-0,10.39%,913.7MiB / 10.7GiB
1790499912,payflow-payflow-1,130.29%,1.32GiB / 1.5GiB
1790499912,payflow-postgres-exporter-1,0.00%,13.75MiB / 128MiB
1790499912,payflow-mongo-1,103.64%,413.8MiB / 1GiB
1790499912,payflow-postgres-1,60.19%,586.4MiB / 1GiB
1790499912,payflow-kafka-1,184.41%,740.1MiB / 1.5GiB
1790499912,payflow-keycloak-1,0.22%,3.046GiB / 10.7GiB
1790499912,payflow-settlement-rail-1,4.37%,44.83MiB / 256MiB
1790499912,payflow-grafana-1,0.87%,180.9MiB / 512MiB
1790499912,payflow-prometheus-1,0.19%,88.93MiB / 1GiB
1790499912,payflow-tempo-1,55.29%,172.6MiB / 1GiB
1790499912,k3d-tiny-url-serverlb,0.01%,5.727MiB / 10.7GiB
1790499912,k3d-tiny-url-server-0,11.07%,913.7MiB / 10.7GiB
1790499919,payflow-payflow-1,53.58%,1.32GiB / 1.5GiB
1790499919,payflow-postgres-exporter-1,19.91%,12.87MiB / 128MiB
1790499919,payflow-mongo-1,190.22%,328.6MiB / 1GiB
1790499919,payflow-postgres-1,216.34%,586.9MiB / 1GiB
1790499919,payflow-kafka-1,186.12%,638MiB / 1.5GiB
1790499919,payflow-keycloak-1,0.44%,3.037GiB / 10.7GiB
1790499919,payflow-settlement-rail-1,0.04%,44.82MiB / 256MiB
1790499919,payflow-grafana-1,1.88%,181MiB / 512MiB
1790499919,payflow-prometheus-1,10.06%,88.99MiB / 1GiB
1790499919,payflow-tempo-1,44.99%,673.2MiB / 1GiB
1790499919,k3d-tiny-url-serverlb,0.00%,5.723MiB / 10.7GiB
1790499919,k3d-tiny-url-server-0,69.49%,914.5MiB / 10.7GiB
1790499928,payflow-payflow-1,113.89%,1.321GiB / 1.5GiB
1790499928,payflow-postgres-exporter-1,0.00%,14.27MiB / 128MiB
1790499928,payflow-mongo-1,99.89%,368.8MiB / 1GiB
1790499928,payflow-postgres-1,58.47%,552.6MiB / 1GiB
1790499928,payflow-kafka-1,25.18%,621.1MiB / 1.5GiB
1790499928,payflow-keycloak-1,0.27%,2.977GiB / 10.7GiB
1790499928,payflow-settlement-rail-1,5.71%,44.42MiB / 256MiB
1790499928,payflow-grafana-1,1.37%,178.8MiB / 512MiB
1790499928,payflow-prometheus-1,2.01%,88.88MiB / 1GiB
1790499928,payflow-tempo-1,87.09%,779MiB / 1GiB
1790499928,k3d-tiny-url-serverlb,0.00%,5.711MiB / 10.7GiB
1790499928,k3d-tiny-url-server-0,37.83%,910.2MiB / 10.7GiB
1790499936,payflow-payflow-1,132.89%,1.32GiB / 1.5GiB
1790499936,payflow-postgres-exporter-1,7.96%,13.52MiB / 128MiB
1790499936,payflow-mongo-1,65.52%,326.4MiB / 1GiB
1790499936,payflow-postgres-1,73.30%,513.2MiB / 1GiB
1790499936,payflow-kafka-1,34.61%,619.8MiB / 1.5GiB
1790499936,payflow-keycloak-1,0.22%,2.929GiB / 10.7GiB
1790499936,payflow-settlement-rail-1,2.76%,44.23MiB / 256MiB
1790499936,payflow-grafana-1,1.11%,178.7MiB / 512MiB
1790499936,payflow-prometheus-1,1.09%,89.31MiB / 1GiB
1790499936,payflow-tempo-1,89.42%,966.6MiB / 1GiB
1790499936,k3d-tiny-url-serverlb,0.00%,5.684MiB / 10.7GiB
1790499936,k3d-tiny-url-server-0,31.04%,908.4MiB / 10.7GiB
1790499944,payflow-payflow-1,108.33%,1.322GiB / 1.5GiB
1790499944,payflow-postgres-exporter-1,0.00%,12.98MiB / 128MiB
1790499944,payflow-mongo-1,53.16%,245.5MiB / 1GiB
1790499944,payflow-postgres-1,144.47%,584.7MiB / 1GiB
1790499944,payflow-kafka-1,29.23%,614.9MiB / 1.5GiB
1790499944,payflow-keycloak-1,0.32%,2.884GiB / 10.7GiB
1790499944,payflow-settlement-rail-1,0.03%,44.11MiB / 256MiB
1790499944,payflow-grafana-1,1.05%,177.3MiB / 512MiB
1790499944,payflow-prometheus-1,2.73%,89.5MiB / 1GiB
1790499944,payflow-tempo-1,73.45%,1009MiB / 1GiB
1790499944,k3d-tiny-url-serverlb,0.00%,5.68MiB / 10.7GiB
1790499944,k3d-tiny-url-server-0,17.06%,904.1MiB / 10.7GiB
1790499951,payflow-payflow-1,141.62%,1.32GiB / 1.5GiB
1790499951,payflow-postgres-exporter-1,0.00%,12.46MiB / 128MiB
1790499951,payflow-mongo-1,51.47%,251.9MiB / 1GiB
1790499951,payflow-postgres-1,68.54%,549.3MiB / 1GiB
1790499951,payflow-kafka-1,55.32%,604.7MiB / 1.5GiB
1790499951,payflow-keycloak-1,0.19%,2.872GiB / 10.7GiB
1790499951,payflow-settlement-rail-1,1.35%,44.28MiB / 256MiB
1790499951,payflow-grafana-1,1.52%,183.3MiB / 512MiB
1790499951,payflow-prometheus-1,0.74%,89.16MiB / 1GiB
1790499951,payflow-tempo-1,37.79%,1003MiB / 1GiB
1790499951,k3d-tiny-url-serverlb,0.00%,5.668MiB / 10.7GiB
1790499951,k3d-tiny-url-server-0,92.33%,907.7MiB / 10.7GiB
1790499959,payflow-payflow-1,144.75%,1.32GiB / 1.5GiB
1790499959,payflow-postgres-exporter-1,0.00%,12.58MiB / 128MiB
1790499959,payflow-mongo-1,47.12%,294.5MiB / 1GiB
1790499959,payflow-postgres-1,74.01%,555.4MiB / 1GiB
1790499959,payflow-kafka-1,42.10%,609.1MiB / 1.5GiB
1790499959,payflow-keycloak-1,0.28%,2.872GiB / 10.7GiB
1790499959,payflow-settlement-rail-1,0.02%,44.31MiB / 256MiB
1790499959,payflow-grafana-1,1.16%,183.5MiB / 512MiB
1790499959,payflow-prometheus-1,0.27%,89.16MiB / 1GiB
1790499959,payflow-tempo-1,55.58%,1003MiB / 1GiB
1790499959,k3d-tiny-url-serverlb,0.01%,5.672MiB / 10.7GiB
1790499959,k3d-tiny-url-server-0,31.51%,910MiB / 10.7GiB
1790499966,payflow-payflow-1,47.91%,1.32GiB / 1.5GiB
1790499966,payflow-postgres-exporter-1,1.70%,12.94MiB / 128MiB
1790499966,payflow-mongo-1,17.95%,261.4MiB / 1GiB
1790499966,payflow-postgres-1,15.02%,556.7MiB / 1GiB
1790499966,payflow-kafka-1,15.59%,610.3MiB / 1.5GiB
1790499966,payflow-keycloak-1,0.24%,2.872GiB / 10.7GiB
1790499966,payflow-settlement-rail-1,0.02%,44.33MiB / 256MiB
1790499966,payflow-grafana-1,1.39%,183.5MiB / 512MiB
1790499966,payflow-prometheus-1,0.25%,89.18MiB / 1GiB
1790499966,payflow-tempo-1,6.36%,1000MiB / 1GiB
1790499966,k3d-tiny-url-serverlb,0.00%,5.672MiB / 10.7GiB
1790499966,k3d-tiny-url-server-0,16.58%,910.5MiB / 10.7GiB
1790499974,payflow-payflow-1,144.89%,1.32GiB / 1.5GiB
1790499974,payflow-postgres-exporter-1,0.00%,12.98MiB / 128MiB
1790499974,payflow-mongo-1,12.68%,256.6MiB / 1GiB
1790499974,payflow-postgres-1,94.89%,548.2MiB / 1GiB
1790499974,payflow-kafka-1,38.12%,607.7MiB / 1.5GiB
1790499974,payflow-keycloak-1,0.27%,2.869GiB / 10.7GiB
1790499974,payflow-settlement-rail-1,3.96%,44.27MiB / 256MiB
1790499974,payflow-grafana-1,1.14%,183.6MiB / 512MiB
1790499974,payflow-prometheus-1,0.42%,88.95MiB / 1GiB
1790499974,payflow-tempo-1,51.46%,997.8MiB / 1GiB
1790499974,k3d-tiny-url-serverlb,0.00%,5.672MiB / 10.7GiB
1790499974,k3d-tiny-url-server-0,16.57%,910.7MiB / 10.7GiB
1790499981,payflow-payflow-1,144.89%,1.32GiB / 1.5GiB
1790499981,payflow-postgres-exporter-1,6.13%,12.75MiB / 128MiB
1790499981,payflow-mongo-1,14.96%,261.4MiB / 1GiB
1790499981,payflow-postgres-1,93.91%,553MiB / 1GiB
1790499981,payflow-kafka-1,36.15%,608.6MiB / 1.5GiB
1790499981,payflow-keycloak-1,0.28%,2.869GiB / 10.7GiB
1790499981,payflow-settlement-rail-1,5.55%,44.29MiB / 256MiB
1790499981,payflow-grafana-1,1.46%,183.6MiB / 512MiB
1790499981,payflow-prometheus-1,0.73%,88.95MiB / 1GiB
1790499981,payflow-tempo-1,27.73%,1010MiB / 1GiB
1790499981,k3d-tiny-url-serverlb,0.00%,5.672MiB / 10.7GiB
1790499981,k3d-tiny-url-server-0,29.38%,911.2MiB / 10.7GiB
1790499988,payflow-payflow-1,125.84%,1.319GiB / 1.5GiB
1790499988,payflow-postgres-exporter-1,0.00%,12.74MiB / 128MiB
1790499988,payflow-mongo-1,48.77%,400.4MiB / 1GiB
1790499988,payflow-postgres-1,48.91%,543.6MiB / 1GiB
1790499988,payflow-kafka-1,19.15%,607.9MiB / 1.5GiB
1790499988,payflow-keycloak-1,0.24%,2.869GiB / 10.7GiB
1790499988,payflow-settlement-rail-1,1.23%,44.26MiB / 256MiB
1790499988,payflow-grafana-1,1.73%,183.9MiB / 512MiB
1790499988,payflow-prometheus-1,1.75%,88.63MiB / 1GiB
1790499988,payflow-tempo-1,45.30%,1013MiB / 1GiB
1790499988,k3d-tiny-url-serverlb,0.01%,5.672MiB / 10.7GiB
1790499988,k3d-tiny-url-server-0,19.26%,909.6MiB / 10.7GiB
1790499996,payflow-payflow-1,86.09%,1.317GiB / 1.5GiB
1790499996,payflow-postgres-exporter-1,2.70%,11.89MiB / 128MiB
1790499996,payflow-mongo-1,70.17%,256.5MiB / 1GiB
1790499996,payflow-postgres-1,50.99%,534.1MiB / 1GiB
1790499996,payflow-kafka-1,18.48%,605.3MiB / 1.5GiB
1790499996,payflow-keycloak-1,0.33%,2.869GiB / 10.7GiB
1790499996,payflow-settlement-rail-1,1.13%,44.32MiB / 256MiB
1790499996,payflow-grafana-1,1.30%,183.9MiB / 512MiB
1790499996,payflow-prometheus-1,0.66%,88.38MiB / 1GiB
1790499996,payflow-tempo-1,22.39%,1020MiB / 1GiB
1790499996,k3d-tiny-url-serverlb,0.00%,5.684MiB / 10.7GiB
1790499996,k3d-tiny-url-server-0,21.45%,909.7MiB / 10.7GiB
1790500003,payflow-payflow-1,139.57%,1.317GiB / 1.5GiB
1790500003,payflow-postgres-exporter-1,0.00%,12.73MiB / 128MiB
1790500003,payflow-mongo-1,2.61%,257.7MiB / 1GiB
1790500003,payflow-postgres-1,89.59%,534.7MiB / 1GiB
1790500003,payflow-kafka-1,31.61%,605.3MiB / 1.5GiB
1790500003,payflow-keycloak-1,0.32%,2.869GiB / 10.7GiB
1790500003,payflow-settlement-rail-1,5.56%,44.49MiB / 256MiB
1790500003,payflow-grafana-1,1.34%,183.9MiB / 512MiB
1790500003,payflow-prometheus-1,1.24%,88.32MiB / 1GiB
1790500003,k3d-tiny-url-serverlb,0.01%,5.695MiB / 10.7GiB
1790500003,k3d-tiny-url-server-0,17.48%,909.7MiB / 10.7GiB
1790500010,payflow-payflow-1,130.59%,1.318GiB / 1.5GiB
1790500010,payflow-postgres-exporter-1,0.00%,12.82MiB / 128MiB
1790500010,payflow-mongo-1,0.67%,258.1MiB / 1GiB
1790500010,payflow-postgres-1,109.73%,534.6MiB / 1GiB
1790500010,payflow-kafka-1,31.84%,605.3MiB / 1.5GiB
1790500010,payflow-keycloak-1,0.33%,2.869GiB / 10.7GiB
1790500010,payflow-settlement-rail-1,5.35%,44.55MiB / 256MiB
1790500010,payflow-grafana-1,1.55%,184.3MiB / 512MiB
1790500010,payflow-prometheus-1,0.55%,88.32MiB / 1GiB
1790500010,k3d-tiny-url-serverlb,0.00%,5.699MiB / 10.7GiB
1790500010,k3d-tiny-url-server-0,34.23%,910.7MiB / 10.7GiB
1790500018,payflow-payflow-1,111.39%,1.318GiB / 1.5GiB
1790500018,payflow-postgres-exporter-1,0.00%,12.91MiB / 128MiB
1790500018,payflow-mongo-1,49.77%,411.9MiB / 1GiB
1790500018,payflow-postgres-1,70.73%,537.3MiB / 1GiB
1790500018,payflow-kafka-1,23.63%,606.2MiB / 1.5GiB
1790500018,payflow-keycloak-1,0.35%,2.869GiB / 10.7GiB
1790500018,payflow-settlement-rail-1,1.75%,44.63MiB / 256MiB
1790500018,payflow-grafana-1,1.49%,184.4MiB / 512MiB
1790500018,payflow-prometheus-1,0.77%,88.38MiB / 1GiB
1790500018,k3d-tiny-url-serverlb,0.03%,5.699MiB / 10.7GiB
1790500018,k3d-tiny-url-server-0,29.33%,910.1MiB / 10.7GiB
1790500025,payflow-payflow-1,135.06%,1.318GiB / 1.5GiB
1790500025,payflow-postgres-exporter-1,4.44%,12.04MiB / 128MiB
1790500025,payflow-mongo-1,0.53%,257.4MiB / 1GiB
1790500025,payflow-postgres-1,89.63%,543.2MiB / 1GiB
1790500025,payflow-kafka-1,34.71%,606.7MiB / 1.5GiB
1790500025,payflow-keycloak-1,0.26%,2.869GiB / 10.7GiB
1790500025,payflow-settlement-rail-1,2.30%,44.67MiB / 256MiB
1790500025,payflow-grafana-1,1.30%,184.4MiB / 512MiB
1790500025,payflow-prometheus-1,1.88%,88.4MiB / 1GiB
1790500025,k3d-tiny-url-serverlb,0.02%,5.699MiB / 10.7GiB
1790500025,k3d-tiny-url-server-0,14.63%,910.6MiB / 10.7GiB
1790500032,payflow-payflow-1,98.59%,1.318GiB / 1.5GiB
1790500032,payflow-postgres-exporter-1,0.00%,12.07MiB / 128MiB
1790500032,payflow-mongo-1,0.60%,257.5MiB / 1GiB
1790500032,payflow-postgres-1,53.95%,544.1MiB / 1GiB
1790500032,payflow-kafka-1,23.95%,607.5MiB / 1.5GiB
1790500032,payflow-keycloak-1,0.29%,2.869GiB / 10.7GiB
1790500032,payflow-settlement-rail-1,1.95%,44.78MiB / 256MiB
1790500032,payflow-grafana-1,1.47%,184.4MiB / 512MiB
1790500032,payflow-prometheus-1,0.72%,88.41MiB / 1GiB
1790500032,k3d-tiny-url-serverlb,0.00%,5.699MiB / 10.7GiB
1790500032,k3d-tiny-url-server-0,9.50%,910.8MiB / 10.7GiB
1790500040,payflow-payflow-1,137.22%,1.318GiB / 1.5GiB
1790500040,payflow-postgres-exporter-1,0.00%,12.07MiB / 128MiB
1790500040,payflow-mongo-1,0.57%,257.5MiB / 1GiB
1790500040,payflow-postgres-1,75.40%,545.1MiB / 1GiB
1790500040,payflow-kafka-1,29.11%,607.7MiB / 1.5GiB
1790500040,payflow-keycloak-1,0.26%,2.869GiB / 10.7GiB
1790500040,payflow-settlement-rail-1,5.85%,44.88MiB / 256MiB
1790500040,payflow-grafana-1,1.17%,184.4MiB / 512MiB
1790500040,payflow-prometheus-1,5.75%,88.41MiB / 1GiB
1790500040,k3d-tiny-url-serverlb,0.00%,5.699MiB / 10.7GiB
1790500040,k3d-tiny-url-server-0,10.52%,910.9MiB / 10.7GiB
1790500047,payflow-payflow-1,129.34%,1.318GiB / 1.5GiB
1790500047,payflow-postgres-exporter-1,1.58%,12.46MiB / 128MiB
1790500047,payflow-mongo-1,7.89%,257.3MiB / 1GiB
1790500047,payflow-postgres-1,119.95%,677MiB / 1GiB
1790500047,payflow-kafka-1,41.22%,612.9MiB / 1.5GiB
1790500047,payflow-keycloak-1,0.32%,2.869GiB / 10.7GiB
1790500047,payflow-settlement-rail-1,3.18%,44.96MiB / 256MiB
1790500047,payflow-grafana-1,1.24%,184.6MiB / 512MiB
1790500047,payflow-prometheus-1,0.28%,88.42MiB / 1GiB
1790500047,k3d-tiny-url-serverlb,0.00%,5.699MiB / 10.7GiB
1790500047,k3d-tiny-url-server-0,15.82%,911.3MiB / 10.7GiB
1790500054,payflow-payflow-1,143.68%,1.318GiB / 1.5GiB
1790500054,payflow-postgres-exporter-1,0.00%,12.74MiB / 128MiB
1790500054,payflow-mongo-1,0.91%,257.4MiB / 1GiB
1790500054,payflow-postgres-1,80.87%,640.1MiB / 1GiB
1790500054,payflow-kafka-1,129.13%,668.4MiB / 1.5GiB
1790500054,payflow-keycloak-1,0.25%,2.869GiB / 10.7GiB
1790500054,payflow-settlement-rail-1,3.48%,45.09MiB / 256MiB
1790500054,payflow-grafana-1,1.05%,184.6MiB / 512MiB
1790500054,payflow-prometheus-1,0.82%,88.43MiB / 1GiB
1790500054,k3d-tiny-url-serverlb,0.02%,5.699MiB / 10.7GiB
1790500054,k3d-tiny-url-server-0,8.41%,910.3MiB / 10.7GiB
1790500062,payflow-payflow-1,108.32%,1.318GiB / 1.5GiB
1790500062,payflow-postgres-exporter-1,0.00%,12.69MiB / 128MiB
1790500062,payflow-mongo-1,0.63%,257.4MiB / 1GiB
1790500062,payflow-postgres-1,80.18%,652.5MiB / 1GiB
1790500062,payflow-kafka-1,184.51%,687.4MiB / 1.5GiB
1790500062,payflow-keycloak-1,0.22%,2.869GiB / 10.7GiB
1790500062,payflow-settlement-rail-1,0.02%,45.16MiB / 256MiB
1790500062,payflow-grafana-1,1.50%,184.6MiB / 512MiB
1790500062,payflow-prometheus-1,0.42%,88.46MiB / 1GiB
1790500062,k3d-tiny-url-serverlb,0.01%,5.699MiB / 10.7GiB
1790500062,k3d-tiny-url-server-0,11.43%,910.3MiB / 10.7GiB
1790500069,payflow-payflow-1,105.58%,1.318GiB / 1.5GiB
1790500069,payflow-postgres-exporter-1,0.00%,12.55MiB / 128MiB
1790500069,payflow-mongo-1,44.18%,257.4MiB / 1GiB
1790500069,payflow-postgres-1,68.17%,635.7MiB / 1GiB
1790500069,payflow-kafka-1,189.99%,690.4MiB / 1.5GiB
1790500069,payflow-keycloak-1,0.20%,2.869GiB / 10.7GiB
1790500069,payflow-settlement-rail-1,0.07%,45.16MiB / 256MiB
1790500069,payflow-grafana-1,0.92%,184.6MiB / 512MiB
1790500069,payflow-prometheus-1,0.19%,88.54MiB / 1GiB
1790500069,k3d-tiny-url-serverlb,0.02%,5.699MiB / 10.7GiB
1790500069,k3d-tiny-url-server-0,10.01%,911.2MiB / 10.7GiB
1790500076,payflow-payflow-1,109.11%,1.318GiB / 1.5GiB
1790500076,payflow-postgres-exporter-1,1.82%,12.51MiB / 128MiB
1790500076,payflow-mongo-1,0.46%,257.2MiB / 1GiB
1790500076,payflow-postgres-1,87.55%,623.3MiB / 1GiB
1790500076,payflow-kafka-1,200.19%,702.8MiB / 1.5GiB
1790500076,payflow-keycloak-1,0.34%,2.869GiB / 10.7GiB
1790500076,payflow-settlement-rail-1,1.60%,45.27MiB / 256MiB
1790500076,payflow-grafana-1,0.88%,184.6MiB / 512MiB
1790500076,payflow-prometheus-1,0.34%,88.55MiB / 1GiB
1790500076,k3d-tiny-url-serverlb,0.01%,5.699MiB / 10.7GiB
1790500076,k3d-tiny-url-server-0,14.06%,911.7MiB / 10.7GiB
1790500083,payflow-payflow-1,91.61%,1.318GiB / 1.5GiB
1790500083,payflow-postgres-exporter-1,0.00%,11.94MiB / 128MiB
1790500083,payflow-mongo-1,0.87%,257.2MiB / 1GiB
1790500083,payflow-postgres-1,53.24%,620.1MiB / 1GiB
1790500083,payflow-kafka-1,187.74%,722.2MiB / 1.5GiB
1790500083,payflow-keycloak-1,0.17%,2.869GiB / 10.7GiB
1790500083,payflow-settlement-rail-1,1.48%,45.34MiB / 256MiB
1790500083,payflow-grafana-1,0.74%,184.7MiB / 512MiB
1790500083,payflow-prometheus-1,1.45%,88.55MiB / 1GiB
1790500083,k3d-tiny-url-serverlb,0.00%,5.699MiB / 10.7GiB
1790500083,k3d-tiny-url-server-0,7.19%,910.7MiB / 10.7GiB
1790500091,payflow-payflow-1,110.27%,1.318GiB / 1.5GiB
1790500091,payflow-postgres-exporter-1,1.87%,12.62MiB / 128MiB
1790500091,payflow-mongo-1,52.37%,257.3MiB / 1GiB
1790500091,payflow-postgres-1,83.86%,619MiB / 1GiB
1790500091,payflow-kafka-1,119.42%,619.2MiB / 1.5GiB
1790500091,payflow-keycloak-1,0.23%,2.869GiB / 10.7GiB
1790500091,payflow-settlement-rail-1,1.64%,45.41MiB / 256MiB
1790500091,payflow-grafana-1,0.81%,184.8MiB / 512MiB
1790500091,payflow-prometheus-1,0.46%,88.61MiB / 1GiB
1790500091,k3d-tiny-url-serverlb,0.00%,5.699MiB / 10.7GiB
1790500091,k3d-tiny-url-server-0,7.49%,911MiB / 10.7GiB
1790500098,payflow-payflow-1,112.80%,1.318GiB / 1.5GiB
1790500098,payflow-postgres-exporter-1,0.00%,12.98MiB / 128MiB
1790500098,payflow-mongo-1,5.53%,257.4MiB / 1GiB
1790500098,payflow-postgres-1,80.96%,620.2MiB / 1GiB
1790500098,payflow-kafka-1,93.32%,619.9MiB / 1.5GiB
1790500098,payflow-keycloak-1,0.19%,2.869GiB / 10.7GiB
1790500098,payflow-settlement-rail-1,3.72%,49.6MiB / 256MiB
1790500098,payflow-grafana-1,1.16%,184.8MiB / 512MiB
1790500098,payflow-prometheus-1,0.85%,88.61MiB / 1GiB
1790500098,k3d-tiny-url-serverlb,0.00%,5.699MiB / 10.7GiB
1790500098,k3d-tiny-url-server-0,6.19%,911.3MiB / 10.7GiB
1790500105,payflow-payflow-1,137.40%,1.318GiB / 1.5GiB
1790500105,payflow-postgres-exporter-1,5.53%,13.61MiB / 128MiB
1790500105,payflow-mongo-1,0.71%,257.4MiB / 1GiB
1790500105,payflow-postgres-1,140.75%,517MiB / 1GiB
1790500105,payflow-kafka-1,74.26%,622.2MiB / 1.5GiB
1790500105,payflow-keycloak-1,0.27%,2.869GiB / 10.7GiB
1790500105,payflow-settlement-rail-1,5.20%,45.74MiB / 256MiB
1790500105,payflow-grafana-1,1.49%,184.8MiB / 512MiB
1790500105,payflow-prometheus-1,0.83%,88.61MiB / 1GiB
1790500105,k3d-tiny-url-serverlb,0.00%,5.699MiB / 10.7GiB
1790500105,k3d-tiny-url-server-0,22.42%,911.4MiB / 10.7GiB
1790500113,payflow-payflow-1,112.01%,1.318GiB / 1.5GiB
1790500113,payflow-postgres-exporter-1,0.00%,12.48MiB / 128MiB
1790500113,payflow-mongo-1,1.51%,257.4MiB / 1GiB
1790500113,payflow-postgres-1,107.92%,412.6MiB / 1GiB
1790500113,payflow-kafka-1,29.39%,621.2MiB / 1.5GiB
1790500113,payflow-keycloak-1,0.48%,2.869GiB / 10.7GiB
1790500113,payflow-settlement-rail-1,3.21%,45.85MiB / 256MiB
1790500113,payflow-grafana-1,1.42%,184.8MiB / 512MiB
1790500113,payflow-prometheus-1,1.96%,88.61MiB / 1GiB
1790500113,k3d-tiny-url-serverlb,0.00%,5.699MiB / 10.7GiB
1790500113,k3d-tiny-url-server-0,12.47%,910.9MiB / 10.7GiB
1790500120,payflow-payflow-1,198.03%,1.318GiB / 1.5GiB
1790500120,payflow-postgres-exporter-1,0.00%,13.21MiB / 128MiB
1790500120,payflow-mongo-1,0.44%,257.5MiB / 1GiB
1790500120,payflow-postgres-1,137.88%,400.8MiB / 1GiB
1790500120,payflow-kafka-1,40.36%,621.3MiB / 1.5GiB
1790500120,payflow-keycloak-1,0.18%,2.869GiB / 10.7GiB
1790500120,payflow-settlement-rail-1,7.24%,46.33MiB / 256MiB
1790500120,payflow-grafana-1,0.86%,184.8MiB / 512MiB
1790500120,payflow-prometheus-1,1.97%,88.62MiB / 1GiB
1790500120,k3d-tiny-url-serverlb,0.02%,5.699MiB / 10.7GiB
1790500120,k3d-tiny-url-server-0,6.14%,911.3MiB / 10.7GiB
1790500127,payflow-payflow-1,187.86%,1.318GiB / 1.5GiB
1790500127,payflow-postgres-exporter-1,0.00%,12.88MiB / 128MiB
1790500127,payflow-mongo-1,0.41%,257.5MiB / 1GiB
1790500127,payflow-postgres-1,135.69%,461MiB / 1GiB
1790500127,payflow-kafka-1,43.58%,628.2MiB / 1.5GiB
1790500127,payflow-keycloak-1,0.18%,2.869GiB / 10.7GiB
1790500127,payflow-settlement-rail-1,3.01%,46.35MiB / 256MiB
1790500127,payflow-grafana-1,0.81%,184.8MiB / 512MiB
1790500127,payflow-prometheus-1,0.14%,88.64MiB / 1GiB
1790500127,k3d-tiny-url-serverlb,0.01%,5.699MiB / 10.7GiB
1790500127,k3d-tiny-url-server-0,8.45%,911.7MiB / 10.7GiB
1790500134,payflow-payflow-1,155.82%,1.318GiB / 1.5GiB
1790500134,payflow-postgres-exporter-1,0.00%,12.89MiB / 128MiB
1790500134,payflow-mongo-1,1.02%,257.7MiB / 1GiB
1790500134,payflow-postgres-1,167.54%,502.9MiB / 1GiB
1790500134,payflow-kafka-1,36.91%,629.2MiB / 1.5GiB
1790500134,payflow-keycloak-1,1.18%,2.869GiB / 10.7GiB
1790500134,payflow-settlement-rail-1,0.01%,46.34MiB / 256MiB
1790500134,payflow-grafana-1,1.49%,184.8MiB / 512MiB
1790500134,payflow-prometheus-1,1.23%,88.64MiB / 1GiB
1790500134,k3d-tiny-url-serverlb,0.00%,5.699MiB / 10.7GiB
1790500134,k3d-tiny-url-server-0,8.29%,911.7MiB / 10.7GiB
1790500142,payflow-payflow-1,198.74%,1.318GiB / 1.5GiB
1790500142,payflow-postgres-exporter-1,0.00%,13.38MiB / 128MiB
1790500142,payflow-mongo-1,59.20%,257.7MiB / 1GiB
1790500142,payflow-postgres-1,136.27%,492.3MiB / 1GiB
1790500142,payflow-kafka-1,176.62%,736.5MiB / 1.5GiB
1790500142,payflow-keycloak-1,0.20%,2.869GiB / 10.7GiB
1790500142,payflow-settlement-rail-1,3.06%,46.38MiB / 256MiB
1790500142,payflow-grafana-1,0.83%,184.8MiB / 512MiB
1790500142,payflow-prometheus-1,0.18%,88.65MiB / 1GiB
1790500142,k3d-tiny-url-serverlb,0.00%,5.699MiB / 10.7GiB
1790500142,k3d-tiny-url-server-0,9.65%,911.2MiB / 10.7GiB
1790500149,payflow-payflow-1,193.71%,1.318GiB / 1.5GiB
1790500149,payflow-postgres-exporter-1,0.00%,12.91MiB / 128MiB
1790500149,payflow-mongo-1,3.42%,257.7MiB / 1GiB
1790500149,payflow-postgres-1,129.03%,474.3MiB / 1GiB
1790500149,payflow-kafka-1,47.02%,634.4MiB / 1.5GiB
1790500149,payflow-keycloak-1,0.20%,2.869GiB / 10.7GiB
1790500149,payflow-settlement-rail-1,3.26%,46.5MiB / 256MiB
1790500149,payflow-grafana-1,0.80%,184.8MiB / 512MiB
1790500149,payflow-prometheus-1,0.15%,88.66MiB / 1GiB
1790500149,k3d-tiny-url-serverlb,0.00%,5.699MiB / 10.7GiB
1790500149,k3d-tiny-url-server-0,8.50%,911.5MiB / 10.7GiB
1790500156,payflow-payflow-1,205.65%,1.318GiB / 1.5GiB
1790500156,payflow-postgres-exporter-1,3.31%,13.05MiB / 128MiB
1790500156,payflow-mongo-1,0.44%,257.8MiB / 1GiB
1790500156,payflow-postgres-1,128.89%,468.4MiB / 1GiB
1790500156,payflow-kafka-1,36.57%,635.3MiB / 1.5GiB
1790500156,payflow-keycloak-1,0.18%,2.869GiB / 10.7GiB
1790500156,payflow-settlement-rail-1,9.97%,46.93MiB / 256MiB
1790500156,payflow-grafana-1,0.84%,184.8MiB / 512MiB
1790500156,payflow-prometheus-1,0.53%,88.66MiB / 1GiB
1790500156,k3d-tiny-url-serverlb,0.00%,5.699MiB / 10.7GiB
1790500156,k3d-tiny-url-server-0,9.38%,911.9MiB / 10.7GiB
1790500163,payflow-payflow-1,178.96%,1.318GiB / 1.5GiB
1790500163,payflow-postgres-exporter-1,0.00%,12.59MiB / 128MiB
1790500163,payflow-mongo-1,5.48%,307.9MiB / 1GiB
1790500163,payflow-postgres-1,151.92%,522.2MiB / 1GiB
1790500163,payflow-kafka-1,34.29%,636.3MiB / 1.5GiB
1790500163,payflow-keycloak-1,0.17%,2.869GiB / 10.7GiB
1790500163,payflow-settlement-rail-1,5.50%,47.35MiB / 256MiB
1790500163,payflow-grafana-1,0.90%,184.9MiB / 512MiB
1790500163,payflow-prometheus-1,0.28%,88.72MiB / 1GiB
1790500163,k3d-tiny-url-serverlb,0.02%,5.699MiB / 10.7GiB
1790500163,k3d-tiny-url-server-0,6.71%,911.9MiB / 10.7GiB
1790500171,payflow-payflow-1,206.48%,1.318GiB / 1.5GiB
1790500171,payflow-postgres-exporter-1,1.95%,13.31MiB / 128MiB
1790500171,payflow-mongo-1,0.47%,257.5MiB / 1GiB
1790500171,payflow-postgres-1,148.03%,476.8MiB / 1GiB
1790500171,payflow-kafka-1,157.06%,748.1MiB / 1.5GiB
1790500171,payflow-keycloak-1,0.17%,2.869GiB / 10.7GiB
1790500171,payflow-settlement-rail-1,0.04%,47.49MiB / 256MiB
1790500171,payflow-grafana-1,0.82%,184.9MiB / 512MiB
1790500171,payflow-prometheus-1,0.78%,88.72MiB / 1GiB
1790500171,k3d-tiny-url-serverlb,0.00%,5.699MiB / 10.7GiB
1790500171,k3d-tiny-url-server-0,8.79%,911.3MiB / 10.7GiB
1790500178,payflow-payflow-1,199.77%,1.318GiB / 1.5GiB
1790500178,payflow-postgres-exporter-1,0.00%,12.16MiB / 128MiB
1790500178,payflow-mongo-1,0.56%,257.6MiB / 1GiB
1790500178,payflow-postgres-1,128.05%,472.1MiB / 1GiB
1790500178,payflow-kafka-1,167.26%,749.3MiB / 1.5GiB
1790500178,payflow-keycloak-1,0.19%,2.869GiB / 10.7GiB
1790500178,payflow-settlement-rail-1,0.01%,47.49MiB / 256MiB
1790500178,payflow-grafana-1,1.03%,184.9MiB / 512MiB
1790500178,payflow-prometheus-1,0.84%,88.72MiB / 1GiB
1790500178,k3d-tiny-url-serverlb,0.01%,5.699MiB / 10.7GiB
1790500178,k3d-tiny-url-server-0,6.56%,911.6MiB / 10.7GiB
1790500185,payflow-payflow-1,210.40%,1.319GiB / 1.5GiB
1790500185,payflow-postgres-exporter-1,0.00%,13.09MiB / 128MiB
1790500185,payflow-mongo-1,0.83%,257.7MiB / 1GiB
1790500185,payflow-postgres-1,145.93%,466.5MiB / 1GiB
1790500185,payflow-kafka-1,42.38%,648.4MiB / 1.5GiB
1790500185,payflow-keycloak-1,0.19%,2.869GiB / 10.7GiB
1790500185,payflow-settlement-rail-1,4.41%,47.56MiB / 256MiB
1790500185,payflow-grafana-1,1.17%,184.9MiB / 512MiB
1790500185,payflow-prometheus-1,1.22%,88.72MiB / 1GiB
1790500185,k3d-tiny-url-serverlb,0.01%,5.699MiB / 10.7GiB
1790500185,k3d-tiny-url-server-0,9.58%,911.5MiB / 10.7GiB
1790500192,payflow-payflow-1,143.62%,1.318GiB / 1.5GiB
1790500192,payflow-postgres-exporter-1,1.73%,12.59MiB / 128MiB
1790500192,payflow-mongo-1,64.76%,257.7MiB / 1GiB
1790500192,payflow-postgres-1,72.58%,462.3MiB / 1GiB
1790500192,payflow-kafka-1,27.39%,649.2MiB / 1.5GiB
1790500192,payflow-keycloak-1,0.25%,2.869GiB / 10.7GiB
1790500192,payflow-settlement-rail-1,3.16%,47.74MiB / 256MiB
1790500192,payflow-grafana-1,1.30%,184.9MiB / 512MiB
1790500192,payflow-prometheus-1,0.38%,88.72MiB / 1GiB
1790500192,k3d-tiny-url-serverlb,0.00%,5.699MiB / 10.7GiB
1790500192,k3d-tiny-url-server-0,14.36%,911.8MiB / 10.7GiB
1790500199,payflow-payflow-1,101.19%,1.318GiB / 1.5GiB
1790500199,payflow-postgres-exporter-1,0.00%,12.77MiB / 128MiB
1790500199,payflow-mongo-1,4.08%,257.7MiB / 1GiB
1790500199,payflow-postgres-1,73.78%,463.3MiB / 1GiB
1790500199,payflow-kafka-1,27.36%,649.7MiB / 1.5GiB
1790500199,payflow-keycloak-1,0.28%,2.869GiB / 10.7GiB
1790500199,payflow-settlement-rail-1,1.75%,47.85MiB / 256MiB
1790500199,payflow-grafana-1,1.20%,184.9MiB / 512MiB
1790500199,payflow-prometheus-1,0.71%,88.73MiB / 1GiB
1790500199,k3d-tiny-url-serverlb,0.00%,5.699MiB / 10.7GiB
1790500199,k3d-tiny-url-server-0,26.07%,911.1MiB / 10.7GiB
1790500207,payflow-payflow-1,136.36%,1.319GiB / 1.5GiB
1790500207,payflow-postgres-exporter-1,4.88%,13.2MiB / 128MiB
1790500207,payflow-mongo-1,0.59%,257.7MiB / 1GiB
1790500207,payflow-postgres-1,79.16%,467.8MiB / 1GiB
1790500207,payflow-kafka-1,24.36%,650.4MiB / 1.5GiB
1790500207,payflow-keycloak-1,0.30%,2.869GiB / 10.7GiB
1790500207,payflow-settlement-rail-1,8.57%,48MiB / 256MiB
1790500207,payflow-grafana-1,1.54%,184.9MiB / 512MiB
1790500207,payflow-prometheus-1,0.25%,88.74MiB / 1GiB
1790500207,k3d-tiny-url-serverlb,0.00%,5.699MiB / 10.7GiB
1790500207,k3d-tiny-url-server-0,10.62%,911.5MiB / 10.7GiB
1790500214,payflow-payflow-1,103.11%,1.319GiB / 1.5GiB
1790500214,payflow-postgres-exporter-1,0.00%,13.08MiB / 128MiB
1790500214,payflow-mongo-1,34.28%,403.8MiB / 1GiB
1790500214,payflow-postgres-1,57.64%,470.9MiB / 1GiB
1790500214,payflow-kafka-1,22.36%,650.6MiB / 1.5GiB
1790500214,payflow-keycloak-1,0.33%,2.869GiB / 10.7GiB
1790500214,payflow-settlement-rail-1,3.80%,48.21MiB / 256MiB
1790500214,payflow-grafana-1,1.81%,184.9MiB / 512MiB
1790500214,payflow-prometheus-1,3.03%,88.75MiB / 1GiB
1790500214,k3d-tiny-url-serverlb,0.00%,5.699MiB / 10.7GiB
1790500214,k3d-tiny-url-server-0,17.84%,911.4MiB / 10.7GiB
1790500222,payflow-payflow-1,154.54%,1.319GiB / 1.5GiB
1790500222,payflow-postgres-exporter-1,0.00%,13.12MiB / 128MiB
1790500222,payflow-mongo-1,0.85%,258MiB / 1GiB
1790500222,payflow-postgres-1,101.47%,476.1MiB / 1GiB
1790500222,payflow-kafka-1,33.85%,651.4MiB / 1.5GiB
1790500222,payflow-keycloak-1,0.28%,2.869GiB / 10.7GiB
1790500222,payflow-settlement-rail-1,2.66%,48.3MiB / 256MiB
1790500222,payflow-grafana-1,1.42%,184.9MiB / 512MiB
1790500222,payflow-prometheus-1,0.25%,88.75MiB / 1GiB
1790500222,k3d-tiny-url-serverlb,0.00%,5.699MiB / 10.7GiB
1790500222,k3d-tiny-url-server-0,11.91%,911.8MiB / 10.7GiB
1790500229,payflow-payflow-1,159.06%,1.319GiB / 1.5GiB
1790500229,payflow-postgres-exporter-1,0.00%,12.03MiB / 128MiB
1790500229,payflow-mongo-1,1.14%,258MiB / 1GiB
1790500229,payflow-postgres-1,98.61%,505MiB / 1GiB
1790500229,payflow-kafka-1,87.53%,651.9MiB / 1.5GiB
1790500229,payflow-keycloak-1,0.31%,2.869GiB / 10.7GiB
1790500229,payflow-settlement-rail-1,2.18%,48.35MiB / 256MiB
1790500229,payflow-grafana-1,1.53%,184.8MiB / 512MiB
1790500229,payflow-prometheus-1,0.33%,88.75MiB / 1GiB
1790500229,k3d-tiny-url-serverlb,0.00%,5.699MiB / 10.7GiB
1790500229,k3d-tiny-url-server-0,20.86%,911.4MiB / 10.7GiB
1790500236,payflow-payflow-1,158.45%,1.319GiB / 1.5GiB
1790500236,payflow-postgres-exporter-1,0.04%,12.74MiB / 128MiB
1790500236,payflow-mongo-1,0.69%,258MiB / 1GiB
1790500236,payflow-postgres-1,101.02%,507.2MiB / 1GiB
1790500236,payflow-kafka-1,37.01%,655.1MiB / 1.5GiB
1790500236,payflow-keycloak-1,0.30%,2.869GiB / 10.7GiB
1790500236,payflow-settlement-rail-1,1.49%,48.43MiB / 256MiB
1790500236,payflow-grafana-1,1.65%,184.8MiB / 512MiB
1790500236,payflow-prometheus-1,0.72%,88.75MiB / 1GiB
1790500236,k3d-tiny-url-serverlb,0.00%,5.699MiB / 10.7GiB
1790500236,k3d-tiny-url-server-0,12.36%,911.5MiB / 10.7GiB
1790500243,payflow-payflow-1,134.11%,1.319GiB / 1.5GiB
1790500243,payflow-postgres-exporter-1,0.00%,13.18MiB / 128MiB
1790500243,payflow-mongo-1,40.64%,258MiB / 1GiB
1790500243,payflow-postgres-1,86.50%,512.2MiB / 1GiB
1790500243,payflow-kafka-1,32.78%,655.7MiB / 1.5GiB
1790500243,payflow-keycloak-1,0.64%,2.869GiB / 10.7GiB
1790500243,payflow-settlement-rail-1,0.01%,48.43MiB / 256MiB
1790500243,payflow-grafana-1,1.23%,184.8MiB / 512MiB
1790500243,payflow-prometheus-1,0.28%,88.75MiB / 1GiB
1790500243,k3d-tiny-url-serverlb,0.01%,5.699MiB / 10.7GiB
1790500243,k3d-tiny-url-server-0,10.50%,911.2MiB / 10.7GiB
1790500251,payflow-payflow-1,117.10%,1.318GiB / 1.5GiB
1790500251,payflow-postgres-exporter-1,0.00%,12.96MiB / 128MiB
1790500251,payflow-mongo-1,3.56%,257.8MiB / 1GiB
1790500251,payflow-postgres-1,80.91%,561.6MiB / 1GiB
1790500251,payflow-kafka-1,31.69%,658.3MiB / 1.5GiB
1790500251,payflow-keycloak-1,0.29%,2.869GiB / 10.7GiB
1790500251,payflow-settlement-rail-1,0.04%,48.43MiB / 256MiB
1790500251,payflow-grafana-1,1.35%,184.8MiB / 512MiB
1790500251,payflow-prometheus-1,4.44%,88.77MiB / 1GiB
1790500251,k3d-tiny-url-serverlb,0.00%,5.699MiB / 10.7GiB
1790500251,k3d-tiny-url-server-0,35.64%,911.9MiB / 10.7GiB
1790500258,payflow-payflow-1,153.11%,1.318GiB / 1.5GiB
1790500258,payflow-postgres-exporter-1,0.00%,13.11MiB / 128MiB
1790500258,payflow-mongo-1,0.87%,257.8MiB / 1GiB
1790500258,payflow-postgres-1,101.22%,563.4MiB / 1GiB
1790500258,payflow-kafka-1,36.51%,658.8MiB / 1.5GiB
1790500258,payflow-keycloak-1,0.36%,2.869GiB / 10.7GiB
1790500258,payflow-settlement-rail-1,0.02%,48.43MiB / 256MiB
1790500258,payflow-grafana-1,1.95%,184.8MiB / 512MiB
1790500258,payflow-prometheus-1,0.87%,88.77MiB / 1GiB
1790500258,k3d-tiny-url-serverlb,0.03%,5.699MiB / 10.7GiB
1790500258,k3d-tiny-url-server-0,19.43%,911.3MiB / 10.7GiB
1790500265,payflow-payflow-1,31.00%,1.318GiB / 1.5GiB
1790500265,payflow-postgres-exporter-1,2.08%,12.36MiB / 128MiB
1790500265,payflow-mongo-1,48.27%,257.8MiB / 1GiB
1790500265,payflow-postgres-1,17.36%,562.5MiB / 1GiB
1790500265,payflow-kafka-1,8.84%,661.6MiB / 1.5GiB
1790500265,payflow-keycloak-1,0.24%,2.869GiB / 10.7GiB
1790500265,payflow-settlement-rail-1,0.01%,48.43MiB / 256MiB
1790500265,payflow-grafana-1,1.04%,184.8MiB / 512MiB
1790500265,payflow-prometheus-1,0.79%,88.79MiB / 1GiB
1790500265,k3d-tiny-url-serverlb,0.00%,5.699MiB / 10.7GiB
1790500265,k3d-tiny-url-server-0,19.87%,912MiB / 10.7GiB
1790500273,payflow-payflow-1,143.13%,1.318GiB / 1.5GiB
1790500273,payflow-postgres-exporter-1,0.00%,12.92MiB / 128MiB
1790500273,payflow-mongo-1,0.57%,257.8MiB / 1GiB
1790500273,payflow-postgres-1,124.45%,566.2MiB / 1GiB
1790500273,payflow-kafka-1,37.21%,662.6MiB / 1.5GiB
1790500273,payflow-keycloak-1,0.30%,2.869GiB / 10.7GiB
1790500273,payflow-settlement-rail-1,0.02%,48.42MiB / 256MiB
1790500273,payflow-grafana-1,1.38%,184.8MiB / 512MiB
1790500273,payflow-prometheus-1,1.55%,88.8MiB / 1GiB
1790500273,k3d-tiny-url-serverlb,0.00%,5.699MiB / 10.7GiB
1790500273,k3d-tiny-url-server-0,14.25%,911.7MiB / 10.7GiB
1790500280,payflow-payflow-1,151.68%,1.319GiB / 1.5GiB
1790500280,payflow-postgres-exporter-1,0.00%,12.7MiB / 128MiB
1790500280,payflow-mongo-1,0.55%,257.9MiB / 1GiB
1790500280,payflow-postgres-1,93.05%,567.8MiB / 1GiB
1790500280,payflow-kafka-1,31.55%,662.8MiB / 1.5GiB
1790500280,payflow-keycloak-1,0.29%,2.869GiB / 10.7GiB
1790500280,payflow-settlement-rail-1,2.21%,48.5MiB / 256MiB
1790500280,payflow-grafana-1,1.47%,184.8MiB / 512MiB
1790500280,payflow-prometheus-1,1.51%,88.8MiB / 1GiB
1790500280,k3d-tiny-url-serverlb,0.04%,5.699MiB / 10.7GiB
1790500280,k3d-tiny-url-server-0,10.83%,912.5MiB / 10.7GiB
1790500287,payflow-payflow-1,196.61%,1.318GiB / 1.5GiB
1790500287,payflow-postgres-exporter-1,0.00%,13.1MiB / 128MiB
1790500287,payflow-mongo-1,2.98%,258.8MiB / 1GiB
1790500287,payflow-postgres-1,137.14%,601.7MiB / 1GiB
1790500287,payflow-kafka-1,39.24%,663.6MiB / 1.5GiB
1790500287,payflow-keycloak-1,0.19%,2.869GiB / 10.7GiB
1790500287,payflow-settlement-rail-1,6.15%,48.69MiB / 256MiB
1790500287,payflow-grafana-1,0.87%,184.8MiB / 512MiB
1790500287,payflow-prometheus-1,0.18%,88.8MiB / 1GiB
1790500287,k3d-tiny-url-serverlb,0.00%,5.699MiB / 10.7GiB
1790500287,k3d-tiny-url-server-0,7.87%,912.9MiB / 10.7GiB
1790500294,payflow-payflow-1,205.63%,1.319GiB / 1.5GiB
1790500294,payflow-postgres-exporter-1,0.00%,12.78MiB / 128MiB
1790500294,payflow-mongo-1,1.99%,257.9MiB / 1GiB
1790500294,payflow-postgres-1,108.30%,666.7MiB / 1GiB
1790500294,payflow-kafka-1,42.58%,664.4MiB / 1.5GiB
1790500294,payflow-keycloak-1,0.27%,2.869GiB / 10.7GiB
1790500294,payflow-settlement-rail-1,5.69%,49.11MiB / 256MiB
1790500294,payflow-grafana-1,1.35%,184.8MiB / 512MiB
1790500294,payflow-prometheus-1,1.53%,88.8MiB / 1GiB
1790500294,k3d-tiny-url-serverlb,0.00%,5.699MiB / 10.7GiB
1790500294,k3d-tiny-url-server-0,11.44%,911.9MiB / 10.7GiB
1790500302,payflow-payflow-1,205.70%,1.319GiB / 1.5GiB
1790500302,payflow-postgres-exporter-1,1.92%,12.67MiB / 128MiB
1790500302,payflow-mongo-1,1.77%,257.9MiB / 1GiB
1790500302,payflow-postgres-1,119.81%,619.5MiB / 1GiB
1790500302,payflow-kafka-1,47.58%,665.6MiB / 1.5GiB
1790500302,payflow-keycloak-1,0.20%,2.869GiB / 10.7GiB
1790500302,payflow-settlement-rail-1,3.46%,49.26MiB / 256MiB
1790500302,payflow-grafana-1,1.30%,184.8MiB / 512MiB
1790500302,payflow-prometheus-1,0.18%,88.8MiB / 1GiB
1790500302,k3d-tiny-url-serverlb,0.00%,5.699MiB / 10.7GiB
1790500302,k3d-tiny-url-server-0,8.38%,911.9MiB / 10.7GiB
1790500309,payflow-payflow-1,205.21%,1.319GiB / 1.5GiB
1790500309,payflow-postgres-exporter-1,0.00%,12.93MiB / 128MiB
1790500309,payflow-mongo-1,0.64%,258.2MiB / 1GiB
1790500309,payflow-postgres-1,130.33%,615.5MiB / 1GiB
1790500309,payflow-kafka-1,54.07%,672.3MiB / 1.5GiB
1790500309,payflow-keycloak-1,0.18%,2.869GiB / 10.7GiB
1790500309,payflow-settlement-rail-1,0.01%,49.29MiB / 256MiB
1790500309,payflow-grafana-1,0.87%,184.8MiB / 512MiB
1790500309,payflow-prometheus-1,0.19%,88.8MiB / 1GiB
1790500309,k3d-tiny-url-serverlb,0.02%,5.699MiB / 10.7GiB
1790500309,k3d-tiny-url-server-0,7.55%,912.6MiB / 10.7GiB
1790500316,payflow-payflow-1,199.41%,1.319GiB / 1.5GiB
1790500316,payflow-postgres-exporter-1,0.00%,13.2MiB / 128MiB
1790500316,payflow-mongo-1,59.09%,258.2MiB / 1GiB
1790500316,payflow-postgres-1,134.36%,608.7MiB / 1GiB
1790500316,payflow-kafka-1,43.58%,675.8MiB / 1.5GiB
1790500316,payflow-keycloak-1,0.26%,2.869GiB / 10.7GiB
1790500316,payflow-settlement-rail-1,0.80%,49.3MiB / 256MiB
1790500316,payflow-grafana-1,0.90%,184.8MiB / 512MiB
1790500316,payflow-prometheus-1,0.57%,88.82MiB / 1GiB
1790500316,k3d-tiny-url-serverlb,0.00%,5.699MiB / 10.7GiB
1790500316,k3d-tiny-url-server-0,10.43%,913MiB / 10.7GiB
1790500323,payflow-payflow-1,203.28%,1.319GiB / 1.5GiB
1790500323,payflow-postgres-exporter-1,0.00%,13.01MiB / 128MiB
1790500323,payflow-mongo-1,23.13%,258.2MiB / 1GiB
1790500323,payflow-postgres-1,141.22%,602.3MiB / 1GiB
1790500323,payflow-kafka-1,45.88%,676.8MiB / 1.5GiB
1790500323,payflow-keycloak-1,0.24%,2.869GiB / 10.7GiB
1790500323,payflow-settlement-rail-1,3.03%,49.5MiB / 256MiB
1790500323,payflow-grafana-1,1.11%,184.8MiB / 512MiB
1790500323,payflow-prometheus-1,7.73%,88.86MiB / 1GiB
1790500323,k3d-tiny-url-serverlb,0.00%,5.699MiB / 10.7GiB
1790500323,k3d-tiny-url-server-0,9.08%,911.9MiB / 10.7GiB
1790500331,payflow-payflow-1,196.20%,1.319GiB / 1.5GiB
1790500331,payflow-postgres-exporter-1,1.77%,12.46MiB / 128MiB
1790500331,payflow-mongo-1,0.40%,258.2MiB / 1GiB
1790500331,payflow-postgres-1,121.15%,598.6MiB / 1GiB
1790500331,payflow-kafka-1,40.22%,677.7MiB / 1.5GiB
1790500331,payflow-keycloak-1,0.24%,2.869GiB / 10.7GiB
1790500331,payflow-settlement-rail-1,3.75%,49.7MiB / 256MiB
1790500331,payflow-grafana-1,0.78%,184.8MiB / 512MiB
1790500331,payflow-prometheus-1,0.45%,88.86MiB / 1GiB
1790500331,k3d-tiny-url-serverlb,0.01%,5.699MiB / 10.7GiB
1790500331,k3d-tiny-url-server-0,8.10%,912.2MiB / 10.7GiB
1790500338,payflow-payflow-1,198.81%,1.319GiB / 1.5GiB
1790500338,payflow-postgres-exporter-1,0.00%,12.77MiB / 128MiB
1790500338,payflow-mongo-1,0.45%,257.9MiB / 1GiB
1790500338,payflow-postgres-1,115.65%,589.9MiB / 1GiB
1790500338,payflow-kafka-1,44.95%,678.7MiB / 1.5GiB
1790500338,payflow-keycloak-1,0.17%,2.869GiB / 10.7GiB
1790500338,payflow-settlement-rail-1,3.31%,49.96MiB / 256MiB
1790500338,payflow-grafana-1,1.01%,184.8MiB / 512MiB
1790500338,payflow-prometheus-1,0.95%,88.86MiB / 1GiB
1790500338,k3d-tiny-url-serverlb,0.00%,5.699MiB / 10.7GiB
1790500338,k3d-tiny-url-server-0,9.39%,912.9MiB / 10.7GiB
1790500345,payflow-payflow-1,195.49%,1.319GiB / 1.5GiB
1790500345,payflow-postgres-exporter-1,0.00%,13.12MiB / 128MiB
1790500345,payflow-mongo-1,8.06%,257.9MiB / 1GiB
1790500345,payflow-postgres-1,151.82%,590.6MiB / 1GiB
1790500345,payflow-kafka-1,44.51%,682.4MiB / 1.5GiB
1790500345,payflow-keycloak-1,0.17%,2.869GiB / 10.7GiB
1790500345,payflow-settlement-rail-1,3.24%,50.12MiB / 256MiB
1790500345,payflow-grafana-1,1.84%,184.8MiB / 512MiB
1790500345,payflow-prometheus-1,1.26%,88.86MiB / 1GiB
1790500345,k3d-tiny-url-serverlb,0.00%,5.699MiB / 10.7GiB
1790500345,k3d-tiny-url-server-0,8.41%,912.9MiB / 10.7GiB
1790500352,payflow-payflow-1,205.13%,1.319GiB / 1.5GiB
1790500352,payflow-postgres-exporter-1,0.00%,12.98MiB / 128MiB
1790500352,payflow-mongo-1,0.47%,257.9MiB / 1GiB
1790500352,payflow-postgres-1,146.01%,584.8MiB / 1GiB
1790500352,payflow-kafka-1,36.39%,688.4MiB / 1.5GiB
1790500352,payflow-keycloak-1,0.23%,2.869GiB / 10.7GiB
1790500352,payflow-settlement-rail-1,0.02%,50.19MiB / 256MiB
1790500352,payflow-grafana-1,1.00%,184.8MiB / 512MiB
1790500352,payflow-prometheus-1,0.17%,88.87MiB / 1GiB
1790500352,k3d-tiny-url-serverlb,0.00%,5.699MiB / 10.7GiB
1790500352,k3d-tiny-url-server-0,7.49%,912.2MiB / 10.7GiB
1790500359,payflow-payflow-1,205.03%,1.046GiB / 1.5GiB
1790500359,payflow-postgres-exporter-1,0.00%,12.84MiB / 128MiB
1790500359,payflow-mongo-1,0.49%,257.9MiB / 1GiB
1790500359,payflow-postgres-1,136.79%,584.4MiB / 1GiB
1790500359,payflow-kafka-1,42.15%,689MiB / 1.5GiB
1790500359,payflow-keycloak-1,0.17%,2.869GiB / 10.7GiB
1790500359,payflow-settlement-rail-1,3.15%,50.5MiB / 256MiB
1790500359,payflow-grafana-1,0.95%,184.8MiB / 512MiB
1790500359,payflow-prometheus-1,0.61%,88.87MiB / 1GiB
1790500359,k3d-tiny-url-serverlb,0.00%,5.699MiB / 10.7GiB
1790500359,k3d-tiny-url-server-0,6.57%,912.6MiB / 10.7GiB
1790500367,payflow-payflow-1,205.96%,1.046GiB / 1.5GiB
1790500367,payflow-postgres-exporter-1,0.00%,12.96MiB / 128MiB
1790500367,payflow-mongo-1,56.48%,257.9MiB / 1GiB
1790500367,payflow-postgres-1,127.23%,563.3MiB / 1GiB
1790500367,payflow-kafka-1,40.82%,690.3MiB / 1.5GiB
1790500367,payflow-keycloak-1,0.22%,2.869GiB / 10.7GiB
1790500367,payflow-settlement-rail-1,4.63%,50.43MiB / 256MiB
1790500367,payflow-grafana-1,0.79%,184.8MiB / 512MiB
1790500367,payflow-prometheus-1,0.18%,88.88MiB / 1GiB
1790500367,k3d-tiny-url-serverlb,0.00%,5.699MiB / 10.7GiB
1790500367,k3d-tiny-url-server-0,9.25%,914.9MiB / 10.7GiB
1790500374,payflow-payflow-1,147.19%,1.046GiB / 1.5GiB
1790500374,payflow-postgres-exporter-1,0.00%,12.78MiB / 128MiB
1790500374,payflow-mongo-1,0.88%,257.9MiB / 1GiB
1790500374,payflow-postgres-1,93.18%,562.9MiB / 1GiB
1790500374,payflow-kafka-1,34.68%,691.1MiB / 1.5GiB
1790500374,payflow-keycloak-1,0.36%,2.869GiB / 10.7GiB
1790500374,payflow-settlement-rail-1,3.44%,50.63MiB / 256MiB
1790500374,payflow-grafana-1,1.15%,184.8MiB / 512MiB
1790500374,payflow-prometheus-1,0.65%,88.88MiB / 1GiB
1790500374,k3d-tiny-url-serverlb,0.01%,5.699MiB / 10.7GiB
1790500374,k3d-tiny-url-server-0,9.05%,914.9MiB / 10.7GiB
1790500381,payflow-payflow-1,96.97%,1.046GiB / 1.5GiB
1790500381,payflow-postgres-exporter-1,2.01%,12.41MiB / 128MiB
1790500381,payflow-mongo-1,0.62%,257.9MiB / 1GiB
1790500381,payflow-postgres-1,50.51%,561.8MiB / 1GiB
1790500381,payflow-kafka-1,17.86%,691.2MiB / 1.5GiB
1790500381,payflow-keycloak-1,0.24%,2.869GiB / 10.7GiB
1790500381,payflow-settlement-rail-1,1.16%,50.68MiB / 256MiB
1790500381,payflow-grafana-1,1.39%,184.8MiB / 512MiB
1790500381,payflow-prometheus-1,0.68%,88.88MiB / 1GiB
1790500381,k3d-tiny-url-serverlb,0.00%,5.699MiB / 10.7GiB
1790500381,k3d-tiny-url-server-0,15.52%,914.3MiB / 10.7GiB
1790500388,payflow-payflow-1,138.02%,1.046GiB / 1.5GiB
1790500388,payflow-postgres-exporter-1,0.00%,12.49MiB / 128MiB
1790500388,payflow-mongo-1,22.85%,402.9MiB / 1GiB
1790500388,payflow-postgres-1,68.74%,561.4MiB / 1GiB
1790500388,payflow-kafka-1,26.99%,690.9MiB / 1.5GiB
1790500388,payflow-keycloak-1,0.23%,2.869GiB / 10.7GiB
1790500388,payflow-settlement-rail-1,2.35%,50.76MiB / 256MiB
1790500388,payflow-grafana-1,1.16%,184.9MiB / 512MiB
1790500388,payflow-prometheus-1,0.34%,88.86MiB / 1GiB
1790500388,k3d-tiny-url-serverlb,0.00%,5.699MiB / 10.7GiB
1790500388,k3d-tiny-url-server-0,12.60%,914.4MiB / 10.7GiB
1790500396,payflow-payflow-1,146.55%,1.046GiB / 1.5GiB
1790500396,payflow-postgres-exporter-1,2.21%,13.05MiB / 128MiB
1790500396,payflow-mongo-1,57.90%,258.2MiB / 1GiB
1790500396,payflow-postgres-1,89.49%,563.1MiB / 1GiB
1790500396,payflow-kafka-1,37.69%,691.4MiB / 1.5GiB
1790500396,payflow-keycloak-1,0.22%,2.869GiB / 10.7GiB
1790500396,payflow-settlement-rail-1,2.37%,50.81MiB / 256MiB
1790500396,payflow-grafana-1,1.05%,185MiB / 512MiB
1790500396,payflow-prometheus-1,0.53%,88.84MiB / 1GiB
1790500396,k3d-tiny-url-serverlb,0.00%,5.699MiB / 10.7GiB
1790500396,k3d-tiny-url-server-0,11.45%,914.7MiB / 10.7GiB
1790500403,payflow-payflow-1,128.32%,1.046GiB / 1.5GiB
1790500403,payflow-postgres-exporter-1,0.00%,12.89MiB / 128MiB
1790500403,payflow-mongo-1,2.93%,258MiB / 1GiB
1790500403,payflow-postgres-1,100.17%,563.2MiB / 1GiB
1790500403,payflow-kafka-1,31.97%,694.1MiB / 1.5GiB
1790500403,payflow-keycloak-1,0.24%,2.869GiB / 10.7GiB
1790500403,payflow-settlement-rail-1,0.01%,50.81MiB / 256MiB
1790500403,payflow-grafana-1,1.25%,185.2MiB / 512MiB
1790500403,payflow-prometheus-1,1.02%,88.83MiB / 1GiB
1790500403,k3d-tiny-url-serverlb,0.02%,5.699MiB / 10.7GiB
1790500403,k3d-tiny-url-server-0,9.51%,914.8MiB / 10.7GiB
1790500410,payflow-payflow-1,139.87%,1.046GiB / 1.5GiB
1790500410,payflow-postgres-exporter-1,0.61%,13.32MiB / 128MiB
1790500410,payflow-mongo-1,0.81%,258MiB / 1GiB
1790500410,payflow-postgres-1,100.77%,574.4MiB / 1GiB
1790500410,payflow-kafka-1,47.86%,700.6MiB / 1.5GiB
1790500410,payflow-keycloak-1,0.32%,2.869GiB / 10.7GiB
1790500410,payflow-settlement-rail-1,0.02%,50.84MiB / 256MiB
1790500410,payflow-grafana-1,1.42%,185.6MiB / 512MiB
1790500410,payflow-prometheus-1,0.81%,88.82MiB / 1GiB
1790500410,k3d-tiny-url-serverlb,0.00%,5.699MiB / 10.7GiB
1790500410,k3d-tiny-url-server-0,14.70%,914.2MiB / 10.7GiB
1790500417,payflow-payflow-1,132.24%,1.046GiB / 1.5GiB
1790500417,payflow-postgres-exporter-1,0.00%,12.46MiB / 128MiB
1790500417,payflow-mongo-1,47.55%,258.2MiB / 1GiB
1790500417,payflow-postgres-1,84.87%,575MiB / 1GiB
1790500417,payflow-kafka-1,35.27%,697.3MiB / 1.5GiB
1790500417,payflow-keycloak-1,0.21%,2.869GiB / 10.7GiB
1790500417,payflow-settlement-rail-1,1.81%,50.89MiB / 256MiB
1790500417,payflow-grafana-1,0.83%,185.9MiB / 512MiB
1790500417,payflow-prometheus-1,0.71%,88.81MiB / 1GiB
1790500417,k3d-tiny-url-serverlb,0.01%,5.699MiB / 10.7GiB
1790500417,k3d-tiny-url-server-0,7.70%,914.7MiB / 10.7GiB
1790500425,payflow-payflow-1,114.94%,1.046GiB / 1.5GiB
1790500425,payflow-postgres-exporter-1,0.00%,12.7MiB / 128MiB
1790500425,payflow-mongo-1,3.89%,257.5MiB / 1GiB
1790500425,payflow-postgres-1,76.82%,573.7MiB / 1GiB
1790500425,payflow-kafka-1,131.48%,746.3MiB / 1.5GiB
1790500425,payflow-keycloak-1,8.41%,2.869GiB / 10.7GiB
1790500425,payflow-settlement-rail-1,0.12%,50.94MiB / 256MiB
1790500425,payflow-grafana-1,1.12%,186MiB / 512MiB
1790500425,payflow-prometheus-1,1.00%,88.79MiB / 1GiB
1790500425,k3d-tiny-url-serverlb,0.01%,5.699MiB / 10.7GiB
1790500425,k3d-tiny-url-server-0,9.97%,914.6MiB / 10.7GiB
1790500432,payflow-payflow-1,165.18%,1.046GiB / 1.5GiB
1790500432,payflow-postgres-exporter-1,0.00%,12.31MiB / 128MiB
1790500432,payflow-mongo-1,0.43%,257.7MiB / 1GiB
1790500432,payflow-postgres-1,80.29%,571.3MiB / 1GiB
1790500432,payflow-kafka-1,175.36%,763.2MiB / 1.5GiB
1790500432,payflow-keycloak-1,0.19%,2.869GiB / 10.7GiB
1790500432,payflow-settlement-rail-1,3.14%,51.05MiB / 256MiB
1790500432,payflow-grafana-1,1.00%,186.1MiB / 512MiB
1790500432,payflow-prometheus-1,0.18%,88.79MiB / 1GiB
1790500432,k3d-tiny-url-serverlb,0.00%,5.699MiB / 10.7GiB
1790500432,k3d-tiny-url-server-0,10.57%,915MiB / 10.7GiB
1790500439,payflow-payflow-1,105.73%,1.046GiB / 1.5GiB
1790500439,payflow-postgres-exporter-1,0.00%,13.04MiB / 128MiB
1790500439,payflow-mongo-1,49.47%,258MiB / 1GiB
1790500439,payflow-postgres-1,60.56%,569MiB / 1GiB
1790500439,payflow-kafka-1,191.24%,786.2MiB / 1.5GiB
1790500439,payflow-keycloak-1,0.19%,2.869GiB / 10.7GiB
1790500439,payflow-settlement-rail-1,3.06%,51.21MiB / 256MiB
1790500439,payflow-grafana-1,0.74%,186.1MiB / 512MiB
1790500439,payflow-prometheus-1,0.38%,88.79MiB / 1GiB
1790500439,k3d-tiny-url-serverlb,0.01%,5.699MiB / 10.7GiB
1790500439,k3d-tiny-url-server-0,7.76%,914.4MiB / 10.7GiB
1790500446,payflow-payflow-1,110.44%,1.046GiB / 1.5GiB
1790500446,payflow-postgres-exporter-1,1.62%,13.19MiB / 128MiB
1790500446,payflow-mongo-1,0.46%,258MiB / 1GiB
1790500446,payflow-postgres-1,62.23%,567.6MiB / 1GiB
1790500446,payflow-kafka-1,198.99%,806.9MiB / 1.5GiB
1790500446,payflow-keycloak-1,0.16%,2.869GiB / 10.7GiB
1790500446,payflow-settlement-rail-1,3.26%,51.32MiB / 256MiB
1790500446,payflow-grafana-1,0.70%,186.1MiB / 512MiB
1790500446,payflow-prometheus-1,0.15%,88.8MiB / 1GiB
1790500446,k3d-tiny-url-serverlb,0.01%,5.699MiB / 10.7GiB
1790500446,k3d-tiny-url-server-0,9.05%,914.8MiB / 10.7GiB
1790500454,payflow-payflow-1,148.07%,1.046GiB / 1.5GiB
1790500454,payflow-postgres-exporter-1,0.00%,13.18MiB / 128MiB
1790500454,payflow-mongo-1,3.63%,258MiB / 1GiB
1790500454,payflow-postgres-1,47.47%,565.7MiB / 1GiB
1790500454,payflow-kafka-1,95.31%,702.1MiB / 1.5GiB
1790500454,payflow-keycloak-1,0.23%,2.869GiB / 10.7GiB
1790500454,payflow-settlement-rail-1,3.34%,51.45MiB / 256MiB
1790500454,payflow-grafana-1,1.12%,186.1MiB / 512MiB
1790500454,payflow-prometheus-1,0.38%,88.8MiB / 1GiB
1790500454,k3d-tiny-url-serverlb,0.00%,5.699MiB / 10.7GiB
1790500454,k3d-tiny-url-server-0,17.03%,914.8MiB / 10.7GiB
1790500461,payflow-payflow-1,102.04%,1.046GiB / 1.5GiB
1790500461,payflow-postgres-exporter-1,2.00%,12.71MiB / 128MiB
1790500461,payflow-mongo-1,25.13%,402.8MiB / 1GiB
1790500461,payflow-postgres-1,67.66%,567.3MiB / 1GiB
1790500461,payflow-kafka-1,45.93%,702.4MiB / 1.5GiB
1790500461,payflow-keycloak-1,0.22%,2.869GiB / 10.7GiB
1790500461,payflow-settlement-rail-1,2.61%,51.59MiB / 256MiB
1790500461,payflow-grafana-1,1.27%,186.1MiB / 512MiB
1790500461,payflow-prometheus-1,0.57%,88.8MiB / 1GiB
1790500461,k3d-tiny-url-serverlb,0.00%,5.699MiB / 10.7GiB
1790500461,k3d-tiny-url-server-0,5.88%,915.1MiB / 10.7GiB
1790500468,payflow-payflow-1,32.65%,1.046GiB / 1.5GiB
1790500468,payflow-postgres-exporter-1,0.00%,13.11MiB / 128MiB
1790500468,payflow-mongo-1,0.54%,258MiB / 1GiB
1790500468,payflow-postgres-1,31.84%,560.6MiB / 1GiB
1790500468,payflow-kafka-1,9.32%,705.2MiB / 1.5GiB
1790500468,payflow-keycloak-1,0.25%,2.869GiB / 10.7GiB
1790500468,payflow-settlement-rail-1,0.68%,51.67MiB / 256MiB
1790500468,payflow-grafana-1,1.69%,186.1MiB / 512MiB
1790500468,payflow-prometheus-1,1.46%,88.8MiB / 1GiB
1790500468,k3d-tiny-url-serverlb,0.02%,5.699MiB / 10.7GiB
1790500468,k3d-tiny-url-server-0,16.71%,914.9MiB / 10.7GiB
1790500475,payflow-payflow-1,133.68%,1.046GiB / 1.5GiB
1790500475,payflow-postgres-exporter-1,2.13%,12.38MiB / 128MiB
1790500475,payflow-mongo-1,0.42%,258MiB / 1GiB
1790500475,payflow-postgres-1,89.66%,565.6MiB / 1GiB
1790500475,payflow-kafka-1,134.52%,706.1MiB / 1.5GiB
1790500475,payflow-keycloak-1,0.18%,2.869GiB / 10.7GiB
1790500475,payflow-settlement-rail-1,3.10%,51.81MiB / 256MiB
1790500475,payflow-grafana-1,0.78%,186.1MiB / 512MiB
1790500475,payflow-prometheus-1,0.51%,88.8MiB / 1GiB
1790500475,k3d-tiny-url-serverlb,0.01%,5.699MiB / 10.7GiB
1790500475,k3d-tiny-url-server-0,8.27%,914.5MiB / 10.7GiB
1790500483,payflow-payflow-1,148.36%,1.046GiB / 1.5GiB
1790500483,payflow-postgres-exporter-1,0.00%,12.55MiB / 128MiB
1790500483,payflow-mongo-1,0.63%,258.2MiB / 1GiB
1790500483,payflow-postgres-1,83.72%,566MiB / 1GiB
1790500483,payflow-kafka-1,28.54%,706.3MiB / 1.5GiB
1790500483,payflow-keycloak-1,2.27%,2.869GiB / 10.7GiB
1790500483,payflow-settlement-rail-1,4.09%,51.91MiB / 256MiB
1790500483,payflow-grafana-1,1.26%,186.1MiB / 512MiB
1790500483,payflow-prometheus-1,1.52%,88.81MiB / 1GiB
1790500483,k3d-tiny-url-serverlb,0.00%,5.699MiB / 10.7GiB
1790500483,k3d-tiny-url-server-0,10.62%,914.5MiB / 10.7GiB
1790500490,payflow-payflow-1,148.65%,1.046GiB / 1.5GiB
1790500490,payflow-postgres-exporter-1,0.00%,12.2MiB / 128MiB
1790500490,payflow-mongo-1,44.37%,258.3MiB / 1GiB
1790500490,payflow-postgres-1,73.21%,565.6MiB / 1GiB
1790500490,payflow-kafka-1,44.40%,713.7MiB / 1.5GiB
1790500490,payflow-keycloak-1,0.26%,2.869GiB / 10.7GiB
1790500490,payflow-settlement-rail-1,3.92%,52.08MiB / 256MiB
1790500490,payflow-grafana-1,1.21%,186.1MiB / 512MiB
1790500490,payflow-prometheus-1,1.01%,88.83MiB / 1GiB
1790500490,k3d-tiny-url-serverlb,0.00%,5.699MiB / 10.7GiB
1790500490,k3d-tiny-url-server-0,8.56%,915.2MiB / 10.7GiB
1790500497,payflow-payflow-1,200.29%,1.046GiB / 1.5GiB
1790500497,payflow-postgres-exporter-1,0.00%,12.23MiB / 128MiB
1790500497,payflow-mongo-1,0.43%,257.8MiB / 1GiB
1790500497,payflow-postgres-1,136.09%,565.7MiB / 1GiB
1790500497,payflow-kafka-1,44.03%,711.7MiB / 1.5GiB
1790500497,payflow-keycloak-1,0.20%,2.869GiB / 10.7GiB
1790500497,payflow-settlement-rail-1,2.20%,52.22MiB / 256MiB
1790500497,payflow-grafana-1,0.95%,186.2MiB / 512MiB
1790500497,payflow-prometheus-1,0.75%,88.82MiB / 1GiB
1790500497,k3d-tiny-url-serverlb,0.00%,5.699MiB / 10.7GiB
1790500497,k3d-tiny-url-server-0,7.02%,915.6MiB / 10.7GiB
1790500504,payflow-payflow-1,207.21%,1.046GiB / 1.5GiB
1790500504,payflow-postgres-exporter-1,0.00%,12.23MiB / 128MiB
1790500504,payflow-mongo-1,4.22%,257.6MiB / 1GiB
1790500504,payflow-postgres-1,137.89%,566.5MiB / 1GiB
1790500504,payflow-kafka-1,44.06%,712.4MiB / 1.5GiB
1790500504,payflow-keycloak-1,0.22%,2.869GiB / 10.7GiB
1790500504,payflow-settlement-rail-1,2.45%,52.38MiB / 256MiB
1790500504,payflow-grafana-1,1.16%,186.1MiB / 512MiB
1790500504,payflow-prometheus-1,0.95%,88.82MiB / 1GiB
1790500504,k3d-tiny-url-serverlb,0.00%,5.699MiB / 10.7GiB
1790500504,k3d-tiny-url-server-0,9.03%,914.6MiB / 10.7GiB
1790500512,payflow-payflow-1,195.85%,1.046GiB / 1.5GiB
1790500512,payflow-postgres-exporter-1,0.00%,12.29MiB / 128MiB
1790500512,payflow-mongo-1,27.82%,405.4MiB / 1GiB
1790500512,payflow-postgres-1,123.44%,566.4MiB / 1GiB
1790500512,payflow-kafka-1,43.90%,713.8MiB / 1.5GiB
1790500512,payflow-keycloak-1,0.19%,2.869GiB / 10.7GiB
1790500512,payflow-settlement-rail-1,3.26%,52.53MiB / 256MiB
1790500512,payflow-grafana-1,0.86%,186.1MiB / 512MiB
1790500512,payflow-prometheus-1,0.17%,88.85MiB / 1GiB
1790500512,k3d-tiny-url-serverlb,0.03%,5.703MiB / 10.7GiB
1790500512,k3d-tiny-url-server-0,8.72%,914.5MiB / 10.7GiB
1790500519,payflow-payflow-1,174.50%,1.046GiB / 1.5GiB
1790500519,payflow-postgres-exporter-1,0.00%,12.99MiB / 128MiB
1790500519,payflow-mongo-1,0.50%,258.7MiB / 1GiB
1790500519,payflow-postgres-1,131.00%,562.2MiB / 1GiB
1790500519,payflow-kafka-1,44.18%,716.9MiB / 1.5GiB
1790500519,payflow-keycloak-1,0.17%,2.869GiB / 10.7GiB
1790500519,payflow-settlement-rail-1,3.15%,52.63MiB / 256MiB
1790500519,payflow-grafana-1,0.81%,186MiB / 512MiB
1790500519,payflow-prometheus-1,0.24%,88.86MiB / 1GiB
1790500519,k3d-tiny-url-serverlb,0.01%,5.703MiB / 10.7GiB
1790500519,k3d-tiny-url-server-0,8.01%,915.2MiB / 10.7GiB
1790500526,payflow-payflow-1,170.31%,1.046GiB / 1.5GiB
1790500526,payflow-postgres-exporter-1,0.00%,12.58MiB / 128MiB
1790500526,payflow-mongo-1,0.48%,258MiB / 1GiB
1790500526,payflow-postgres-1,152.74%,596.2MiB / 1GiB
1790500526,payflow-kafka-1,38.91%,719.8MiB / 1.5GiB
1790500526,payflow-keycloak-1,0.21%,2.869GiB / 10.7GiB
1790500526,payflow-settlement-rail-1,3.36%,52.79MiB / 256MiB
1790500526,payflow-grafana-1,0.88%,186MiB / 512MiB
1790500526,payflow-prometheus-1,0.18%,88.86MiB / 1GiB
1790500526,k3d-tiny-url-serverlb,0.02%,5.703MiB / 10.7GiB
1790500526,k3d-tiny-url-server-0,11.04%,915.5MiB / 10.7GiB
1790500534,payflow-payflow-1,202.33%,1.046GiB / 1.5GiB
1790500534,payflow-postgres-exporter-1,0.00%,13.38MiB / 128MiB
1790500534,payflow-mongo-1,1.05%,258.5MiB / 1GiB
1790500534,payflow-postgres-1,130.90%,566.8MiB / 1GiB
1790500534,payflow-kafka-1,154.27%,827.1MiB / 1.5GiB
1790500534,payflow-keycloak-1,0.17%,2.869GiB / 10.7GiB
1790500534,payflow-settlement-rail-1,3.37%,53.02MiB / 256MiB
1790500534,payflow-grafana-1,0.82%,186MiB / 512MiB
1790500534,payflow-prometheus-1,0.20%,88.86MiB / 1GiB
1790500534,k3d-tiny-url-serverlb,0.00%,5.703MiB / 10.7GiB
1790500534,k3d-tiny-url-server-0,6.33%,914.5MiB / 10.7GiB
1790500541,payflow-payflow-1,191.57%,1.046GiB / 1.5GiB
1790500541,payflow-postgres-exporter-1,0.00%,13.02MiB / 128MiB
1790500541,payflow-mongo-1,54.89%,258.5MiB / 1GiB
1790500541,payflow-postgres-1,114.39%,560.8MiB / 1GiB
1790500541,payflow-kafka-1,164.42%,828.6MiB / 1.5GiB
1790500541,payflow-keycloak-1,0.16%,2.869GiB / 10.7GiB
1790500541,payflow-settlement-rail-1,6.06%,53.25MiB / 256MiB
1790500541,payflow-grafana-1,1.06%,186MiB / 512MiB
1790500541,payflow-prometheus-1,0.46%,89.32MiB / 1GiB
1790500541,k3d-tiny-url-serverlb,0.01%,5.703MiB / 10.7GiB
1790500541,k3d-tiny-url-server-0,7.76%,914.5MiB / 10.7GiB
1790500548,payflow-payflow-1,131.89%,1.046GiB / 1.5GiB
1790500548,payflow-postgres-exporter-1,0.00%,12.97MiB / 128MiB
1790500548,payflow-mongo-1,0.96%,258.1MiB / 1GiB
1790500548,payflow-postgres-1,197.99%,595.1MiB / 1GiB
1790500548,payflow-kafka-1,26.15%,729MiB / 1.5GiB
1790500548,payflow-keycloak-1,0.30%,2.869GiB / 10.7GiB
1790500548,payflow-settlement-rail-1,3.38%,53.55MiB / 256MiB
1790500548,payflow-grafana-1,1.76%,186MiB / 512MiB
1790500548,payflow-prometheus-1,1.23%,89.39MiB / 1GiB
1790500548,k3d-tiny-url-serverlb,0.00%,5.703MiB / 10.7GiB
1790500548,k3d-tiny-url-server-0,7.95%,915.1MiB / 10.7GiB
1790500555,payflow-payflow-1,204.74%,1.047GiB / 1.5GiB
1790500555,payflow-postgres-exporter-1,1.92%,12.44MiB / 128MiB
1790500555,payflow-mongo-1,1.63%,258.4MiB / 1GiB
1790500555,payflow-postgres-1,140.53%,618.8MiB / 1GiB
1790500555,payflow-kafka-1,44.19%,728.9MiB / 1.5GiB
1790500555,payflow-keycloak-1,0.21%,2.87GiB / 10.7GiB
1790500555,payflow-settlement-rail-1,5.72%,53.81MiB / 256MiB
1790500555,payflow-grafana-1,0.92%,186MiB / 512MiB
1790500555,payflow-prometheus-1,0.67%,89.43MiB / 1GiB
1790500555,k3d-tiny-url-serverlb,0.02%,5.703MiB / 10.7GiB
1790500555,k3d-tiny-url-server-0,6.64%,915.3MiB / 10.7GiB
1790500563,payflow-payflow-1,201.99%,1.046GiB / 1.5GiB
1790500563,payflow-postgres-exporter-1,0.00%,12.39MiB / 128MiB
1790500563,payflow-mongo-1,0.42%,258.6MiB / 1GiB
1790500563,payflow-postgres-1,123.01%,615.5MiB / 1GiB
1790500563,payflow-kafka-1,40.56%,729.6MiB / 1.5GiB
1790500563,payflow-keycloak-1,0.18%,2.87GiB / 10.7GiB
1790500563,payflow-settlement-rail-1,5.67%,54.1MiB / 256MiB
1790500563,payflow-grafana-1,0.77%,186MiB / 512MiB
1790500563,payflow-prometheus-1,0.91%,89.43MiB / 1GiB
1790500563,k3d-tiny-url-serverlb,0.00%,5.703MiB / 10.7GiB
1790500563,k3d-tiny-url-server-0,7.18%,914.7MiB / 10.7GiB
1790500570,payflow-payflow-1,203.18%,1.046GiB / 1.5GiB
1790500570,payflow-postgres-exporter-1,0.00%,12.3MiB / 128MiB
1790500570,payflow-mongo-1,0.47%,258.3MiB / 1GiB
1790500570,payflow-postgres-1,132.48%,614MiB / 1GiB
1790500570,payflow-kafka-1,41.95%,730.5MiB / 1.5GiB
1790500570,payflow-keycloak-1,0.19%,2.87GiB / 10.7GiB
1790500570,payflow-settlement-rail-1,3.16%,54.34MiB / 256MiB
1790500570,payflow-grafana-1,0.79%,186.1MiB / 512MiB
1790500570,payflow-prometheus-1,0.66%,89.43MiB / 1GiB
1790500570,k3d-tiny-url-serverlb,0.00%,5.703MiB / 10.7GiB
1790500570,k3d-tiny-url-server-0,6.96%,915.1MiB / 10.7GiB
1790500577,payflow-payflow-1,204.70%,1.046GiB / 1.5GiB
1790500577,payflow-postgres-exporter-1,1.81%,12.2MiB / 128MiB
1790500577,payflow-mongo-1,0.45%,258.3MiB / 1GiB
1790500577,payflow-postgres-1,133.22%,613.4MiB / 1GiB
1790500577,payflow-kafka-1,45.10%,735.1MiB / 1.5GiB
1790500577,payflow-keycloak-1,0.17%,2.87GiB / 10.7GiB
1790500577,payflow-settlement-rail-1,1.49%,54.71MiB / 256MiB
1790500577,payflow-grafana-1,0.83%,186.1MiB / 512MiB
1790500577,payflow-prometheus-1,0.35%,89.44MiB / 1GiB
1790500577,k3d-tiny-url-serverlb,0.00%,5.703MiB / 10.7GiB
1790500577,k3d-tiny-url-server-0,7.48%,915.4MiB / 10.7GiB
1790500584,payflow-payflow-1,157.45%,1.046GiB / 1.5GiB
1790500584,payflow-postgres-exporter-1,0.00%,12.2MiB / 128MiB
1790500584,payflow-mongo-1,0.56%,258.3MiB / 1GiB
1790500584,payflow-postgres-1,163.66%,609MiB / 1GiB
1790500584,payflow-kafka-1,28.34%,735.7MiB / 1.5GiB
1790500584,payflow-keycloak-1,0.31%,2.869GiB / 10.7GiB
1790500584,payflow-settlement-rail-1,3.97%,54.75MiB / 256MiB
1790500584,payflow-grafana-1,4.34%,186MiB / 512MiB
1790500584,payflow-prometheus-1,1.84%,89.44MiB / 1GiB
1790500584,k3d-tiny-url-serverlb,0.00%,5.703MiB / 10.7GiB
1790500584,k3d-tiny-url-server-0,11.65%,915.4MiB / 10.7GiB
1790500592,payflow-payflow-1,107.95%,1.046GiB / 1.5GiB
1790500592,payflow-postgres-exporter-1,0.00%,12.97MiB / 128MiB
1790500592,payflow-mongo-1,11.80%,347MiB / 1GiB
1790500592,payflow-postgres-1,87.01%,556.7MiB / 1GiB
1790500592,payflow-kafka-1,38.28%,736.5MiB / 1.5GiB
1790500592,payflow-keycloak-1,0.20%,2.869GiB / 10.7GiB
1790500592,payflow-settlement-rail-1,2.70%,54.81MiB / 256MiB
1790500592,payflow-grafana-1,1.40%,186.1MiB / 512MiB
1790500592,payflow-prometheus-1,0.23%,89.44MiB / 1GiB
1790500592,k3d-tiny-url-serverlb,0.00%,5.703MiB / 10.7GiB
1790500592,k3d-tiny-url-server-0,11.82%,914.8MiB / 10.7GiB
1790500599,payflow-payflow-1,87.75%,992.7MiB / 1.5GiB
1790500599,payflow-postgres-exporter-1,0.00%,12.87MiB / 128MiB
1790500599,payflow-mongo-1,0.92%,258.4MiB / 1GiB
1790500599,payflow-postgres-1,95.50%,521.3MiB / 1GiB
1790500599,payflow-kafka-1,20.63%,739MiB / 1.5GiB
1790500599,payflow-keycloak-1,0.30%,2.869GiB / 10.7GiB
1790500599,payflow-settlement-rail-1,2.54%,54.86MiB / 256MiB
1790500599,payflow-grafana-1,1.57%,186.1MiB / 512MiB
1790500599,payflow-prometheus-1,0.32%,89.44MiB / 1GiB
1790500599,k3d-tiny-url-serverlb,0.00%,5.703MiB / 10.7GiB
1790500599,k3d-tiny-url-server-0,12.06%,915.1MiB / 10.7GiB
1790500606,payflow-payflow-1,3.02%,992.7MiB / 1.5GiB
1790500606,payflow-postgres-exporter-1,1.63%,12.23MiB / 128MiB
1790500606,payflow-mongo-1,0.88%,257.9MiB / 1GiB
1790500606,payflow-postgres-1,177.39%,511.7MiB / 1GiB
1790500606,payflow-kafka-1,193.39%,840.2MiB / 1.5GiB
1790500606,payflow-keycloak-1,0.23%,2.87GiB / 10.7GiB
1790500606,payflow-settlement-rail-1,0.02%,54.91MiB / 256MiB
1790500606,payflow-grafana-1,1.04%,186.3MiB / 512MiB
1790500606,payflow-prometheus-1,0.51%,89.44MiB / 1GiB
1790500606,k3d-tiny-url-serverlb,0.00%,5.703MiB / 10.7GiB
1790500606,k3d-tiny-url-server-0,10.32%,915.5MiB / 10.7GiB
1790500613,payflow-payflow-1,105.79%,993.3MiB / 1.5GiB
1790500613,payflow-postgres-exporter-1,0.00%,12.94MiB / 128MiB
1790500613,payflow-mongo-1,48.29%,419.1MiB / 1GiB
1790500613,payflow-postgres-1,77.71%,501.1MiB / 1GiB
1790500613,payflow-kafka-1,153.93%,843.1MiB / 1.5GiB
1790500613,payflow-keycloak-1,0.18%,2.87GiB / 10.7GiB
1790500613,payflow-settlement-rail-1,2.30%,55MiB / 256MiB
1790500613,payflow-grafana-1,0.67%,186.3MiB / 512MiB
1790500613,payflow-prometheus-1,0.24%,89.45MiB / 1GiB
1790500613,k3d-tiny-url-serverlb,0.00%,5.703MiB / 10.7GiB
1790500613,k3d-tiny-url-server-0,6.57%,915.5MiB / 10.7GiB
1790500621,payflow-payflow-1,93.17%,993MiB / 1.5GiB
1790500621,payflow-postgres-exporter-1,1.97%,12.93MiB / 128MiB
1790500621,payflow-mongo-1,0.75%,258MiB / 1GiB
1790500621,payflow-postgres-1,93.79%,491.3MiB / 1GiB
1790500621,payflow-kafka-1,153.64%,844.2MiB / 1.5GiB
1790500621,payflow-keycloak-1,0.21%,2.87GiB / 10.7GiB
1790500621,payflow-settlement-rail-1,2.97%,55.08MiB / 256MiB
1790500621,payflow-grafana-1,0.97%,186.6MiB / 512MiB
1790500621,payflow-prometheus-1,0.49%,89.46MiB / 1GiB
1790500621,k3d-tiny-url-serverlb,0.01%,5.703MiB / 10.7GiB
1790500621,k3d-tiny-url-server-0,19.74%,914.9MiB / 10.7GiB
1790500628,payflow-payflow-1,109.51%,993.2MiB / 1.5GiB
1790500628,payflow-postgres-exporter-1,0.00%,13.32MiB / 128MiB
1790500628,payflow-mongo-1,2.42%,257.8MiB / 1GiB
1790500628,payflow-postgres-1,78.77%,554MiB / 1GiB
1790500628,payflow-kafka-1,178.97%,814.9MiB / 1.5GiB
1790500628,payflow-keycloak-1,0.21%,2.87GiB / 10.7GiB
1790500628,payflow-settlement-rail-1,3.85%,55.17MiB / 256MiB
1790500628,payflow-grafana-1,1.20%,186.5MiB / 512MiB
1790500628,payflow-prometheus-1,2.10%,89.48MiB / 1GiB
1790500628,k3d-tiny-url-serverlb,0.00%,5.703MiB / 10.7GiB
1790500628,k3d-tiny-url-server-0,59.33%,914.8MiB / 10.7GiB
1790500635,payflow-payflow-1,88.93%,992.9MiB / 1.5GiB
1790500635,payflow-postgres-exporter-1,2.01%,13.27MiB / 128MiB
1790500635,payflow-mongo-1,0.39%,258MiB / 1GiB
1790500635,payflow-postgres-1,60.77%,525.8MiB / 1GiB
1790500635,payflow-kafka-1,191.04%,841.4MiB / 1.5GiB
1790500635,payflow-keycloak-1,0.18%,2.87GiB / 10.7GiB
1790500635,payflow-settlement-rail-1,2.33%,55.27MiB / 256MiB
1790500635,payflow-grafana-1,0.82%,186.5MiB / 512MiB
1790500635,payflow-prometheus-1,0.88%,89.47MiB / 1GiB
1790500635,k3d-tiny-url-serverlb,0.00%,5.703MiB / 10.7GiB
1790500635,k3d-tiny-url-server-0,6.60%,914.8MiB / 10.7GiB
1790500642,payflow-payflow-1,70.30%,992.9MiB / 1.5GiB
1790500642,payflow-postgres-exporter-1,0.02%,13.04MiB / 128MiB
1790500642,payflow-mongo-1,51.81%,258.5MiB / 1GiB
1790500642,payflow-postgres-1,93.02%,513.7MiB / 1GiB
1790500642,payflow-kafka-1,143.40%,840.1MiB / 1.5GiB
1790500642,payflow-keycloak-1,0.17%,2.87GiB / 10.7GiB
1790500642,payflow-settlement-rail-1,1.83%,55.34MiB / 256MiB
1790500642,payflow-grafana-1,0.84%,186.4MiB / 512MiB
1790500642,payflow-prometheus-1,0.65%,89.48MiB / 1GiB
1790500642,k3d-tiny-url-serverlb,0.00%,5.703MiB / 10.7GiB
1790500642,k3d-tiny-url-server-0,7.66%,915.2MiB / 10.7GiB
1790500650,payflow-payflow-1,77.27%,993.1MiB / 1.5GiB
1790500650,payflow-postgres-exporter-1,0.00%,12.78MiB / 128MiB
1790500650,payflow-mongo-1,0.50%,258.5MiB / 1GiB
1790500650,payflow-postgres-1,50.01%,482.8MiB / 1GiB
1790500650,payflow-kafka-1,80.07%,733.7MiB / 1.5GiB
1790500650,payflow-keycloak-1,0.24%,2.87GiB / 10.7GiB
1790500650,payflow-settlement-rail-1,1.91%,55.43MiB / 256MiB
1790500650,payflow-grafana-1,0.91%,186.4MiB / 512MiB
1790500650,payflow-prometheus-1,1.52%,89.5MiB / 1GiB
1790500650,k3d-tiny-url-serverlb,0.02%,5.703MiB / 10.7GiB
1790500650,k3d-tiny-url-server-0,9.11%,914.5MiB / 10.7GiB
1790500657,payflow-payflow-1,153.00%,993.6MiB / 1.5GiB
1790500657,payflow-postgres-exporter-1,0.00%,12.45MiB / 128MiB
1790500657,payflow-mongo-1,0.83%,257.7MiB / 1GiB
1790500657,payflow-postgres-1,95.32%,484.2MiB / 1GiB
1790500657,payflow-kafka-1,60.42%,736MiB / 1.5GiB
1790500657,payflow-keycloak-1,0.21%,2.87GiB / 10.7GiB
1790500657,payflow-settlement-rail-1,5.54%,55.48MiB / 256MiB
1790500657,payflow-grafana-1,1.20%,186.4MiB / 512MiB
1790500657,payflow-prometheus-1,0.24%,89.51MiB / 1GiB
1790500657,k3d-tiny-url-serverlb,0.06%,5.703MiB / 10.7GiB
1790500657,k3d-tiny-url-server-0,7.02%,914.7MiB / 10.7GiB
1790500664,payflow-payflow-1,129.15%,992.9MiB / 1.5GiB
1790500664,payflow-postgres-exporter-1,0.00%,12.59MiB / 128MiB
1790500664,payflow-mongo-1,19.59%,401MiB / 1GiB
1790500664,payflow-postgres-1,88.16%,479.1MiB / 1GiB
1790500664,payflow-kafka-1,51.09%,736.2MiB / 1.5GiB
1790500664,payflow-keycloak-1,0.34%,2.87GiB / 10.7GiB
1790500664,payflow-settlement-rail-1,2.30%,55.55MiB / 256MiB
1790500664,payflow-grafana-1,1.22%,186.4MiB / 512MiB
1790500664,payflow-prometheus-1,0.89%,89.52MiB / 1GiB
1790500664,k3d-tiny-url-serverlb,0.05%,5.703MiB / 10.7GiB
1790500664,k3d-tiny-url-server-0,18.28%,914.7MiB / 10.7GiB
1790500672,payflow-payflow-1,108.17%,993.1MiB / 1.5GiB
1790500672,payflow-postgres-exporter-1,0.00%,12.73MiB / 128MiB
1790500672,payflow-mongo-1,0.97%,258.3MiB / 1GiB
1790500672,payflow-postgres-1,97.75%,481.5MiB / 1GiB
1790500672,payflow-kafka-1,36.78%,740.9MiB / 1.5GiB
1790500672,payflow-keycloak-1,0.30%,2.87GiB / 10.7GiB
1790500672,payflow-settlement-rail-1,0.24%,55.55MiB / 256MiB
1790500672,payflow-grafana-1,1.44%,186.5MiB / 512MiB
1790500672,payflow-prometheus-1,0.40%,89.52MiB / 1GiB
1790500672,k3d-tiny-url-serverlb,0.01%,5.703MiB / 10.7GiB
1790500672,k3d-tiny-url-server-0,19.03%,914.9MiB / 10.7GiB
1790500679,payflow-payflow-1,137.52%,993.2MiB / 1.5GiB
1790500679,payflow-postgres-exporter-1,0.00%,12.55MiB / 128MiB
1790500679,payflow-mongo-1,2.92%,258.3MiB / 1GiB
1790500679,payflow-postgres-1,106.64%,484.6MiB / 1GiB
1790500679,payflow-kafka-1,37.69%,742.4MiB / 1.5GiB
1790500679,payflow-keycloak-1,0.23%,2.87GiB / 10.7GiB
1790500679,payflow-settlement-rail-1,2.00%,55.64MiB / 256MiB
1790500679,payflow-grafana-1,1.13%,186.5MiB / 512MiB
1790500679,payflow-prometheus-1,0.28%,89.52MiB / 1GiB
1790500679,k3d-tiny-url-serverlb,0.00%,5.703MiB / 10.7GiB
1790500679,k3d-tiny-url-server-0,12.14%,914.5MiB / 10.7GiB
1790500686,payflow-payflow-1,139.01%,993.2MiB / 1.5GiB
1790500686,payflow-postgres-exporter-1,0.96%,12.36MiB / 128MiB
1790500686,payflow-mongo-1,0.52%,258.3MiB / 1GiB
1790500686,payflow-postgres-1,100.48%,483.6MiB / 1GiB
1790500686,payflow-kafka-1,32.87%,742.5MiB / 1.5GiB
1790500686,payflow-keycloak-1,0.20%,2.87GiB / 10.7GiB
1790500686,payflow-settlement-rail-1,0.02%,55.64MiB / 256MiB
1790500686,payflow-grafana-1,1.23%,186.5MiB / 512MiB
1790500686,payflow-prometheus-1,0.80%,89.52MiB / 1GiB
1790500686,k3d-tiny-url-serverlb,0.00%,5.703MiB / 10.7GiB
1790500686,k3d-tiny-url-server-0,10.66%,914.7MiB / 10.7GiB
1790500693,payflow-payflow-1,109.70%,993MiB / 1.5GiB
1790500693,payflow-postgres-exporter-1,0.00%,12.99MiB / 128MiB
1790500693,payflow-mongo-1,35.75%,258.3MiB / 1GiB
1790500693,payflow-postgres-1,65.72%,480.2MiB / 1GiB
1790500693,payflow-kafka-1,20.63%,743.2MiB / 1.5GiB
1790500693,payflow-keycloak-1,0.20%,2.87GiB / 10.7GiB
1790500693,payflow-settlement-rail-1,4.55%,55.76MiB / 256MiB
1790500693,payflow-grafana-1,1.04%,186.5MiB / 512MiB
1790500693,payflow-prometheus-1,0.41%,89.52MiB / 1GiB
1790500693,k3d-tiny-url-serverlb,0.06%,5.703MiB / 10.7GiB
1790500693,k3d-tiny-url-server-0,10.33%,914.5MiB / 10.7GiB
1790500701,payflow-payflow-1,165.12%,993.2MiB / 1.5GiB
1790500701,payflow-postgres-exporter-1,2.44%,12.53MiB / 128MiB
1790500701,payflow-mongo-1,0.54%,258.3MiB / 1GiB
1790500701,payflow-postgres-1,95.67%,483.5MiB / 1GiB
1790500701,payflow-kafka-1,26.25%,743.7MiB / 1.5GiB
1790500701,payflow-keycloak-1,0.22%,2.87GiB / 10.7GiB
1790500701,payflow-settlement-rail-1,6.09%,56MiB / 256MiB
1790500701,payflow-grafana-1,1.56%,186.5MiB / 512MiB
1790500701,payflow-prometheus-1,0.57%,89.52MiB / 1GiB
1790500701,k3d-tiny-url-serverlb,0.00%,5.703MiB / 10.7GiB
1790500701,k3d-tiny-url-server-0,16.54%,915.2MiB / 10.7GiB
1790500708,payflow-payflow-1,161.68%,993.2MiB / 1.5GiB
1790500708,payflow-postgres-exporter-1,0.00%,13.23MiB / 128MiB
1790500708,payflow-mongo-1,0.60%,258.3MiB / 1GiB
1790500708,payflow-postgres-1,100.35%,497.7MiB / 1GiB
1790500708,payflow-kafka-1,32.48%,746MiB / 1.5GiB
1790500708,payflow-keycloak-1,0.28%,2.87GiB / 10.7GiB
1790500708,payflow-settlement-rail-1,5.82%,56.19MiB / 256MiB
1790500708,payflow-grafana-1,1.32%,186.5MiB / 512MiB
1790500708,payflow-prometheus-1,0.93%,89.53MiB / 1GiB
1790500708,k3d-tiny-url-serverlb,0.00%,5.703MiB / 10.7GiB
1790500708,k3d-tiny-url-server-0,13.29%,914.3MiB / 10.7GiB
1790500715,payflow-payflow-1,142.34%,992.9MiB / 1.5GiB
1790500715,payflow-postgres-exporter-1,1.69%,12.02MiB / 128MiB
1790500715,payflow-mongo-1,49.94%,258.6MiB / 1GiB
1790500715,payflow-postgres-1,80.92%,501.6MiB / 1GiB
1790500715,payflow-kafka-1,22.21%,746.6MiB / 1.5GiB
1790500715,payflow-keycloak-1,0.22%,2.87GiB / 10.7GiB
1790500715,payflow-settlement-rail-1,3.62%,56.36MiB / 256MiB
1790500715,payflow-grafana-1,0.92%,186.5MiB / 512MiB
1790500715,payflow-prometheus-1,1.44%,89.53MiB / 1GiB
1790500715,k3d-tiny-url-serverlb,0.00%,5.703MiB / 10.7GiB
1790500715,k3d-tiny-url-server-0,10.09%,914.6MiB / 10.7GiB
1790500722,payflow-payflow-1,207.08%,993.2MiB / 1.5GiB
1790500722,payflow-postgres-exporter-1,0.00%,12.39MiB / 128MiB
1790500722,payflow-mongo-1,0.92%,258.6MiB / 1GiB
1790500722,payflow-postgres-1,139.36%,505.6MiB / 1GiB
1790500722,payflow-kafka-1,41.07%,751.5MiB / 1.5GiB
1790500722,payflow-keycloak-1,0.25%,2.87GiB / 10.7GiB
1790500722,payflow-settlement-rail-1,4.79%,56.55MiB / 256MiB
1790500722,payflow-grafana-1,1.35%,186.4MiB / 512MiB
1790500722,payflow-prometheus-1,2.08%,89.54MiB / 1GiB
1790500722,k3d-tiny-url-serverlb,0.01%,5.703MiB / 10.7GiB
1790500722,k3d-tiny-url-server-0,11.31%,914.5MiB / 10.7GiB
1790500730,payflow-payflow-1,205.32%,993MiB / 1.5GiB
1790500730,payflow-postgres-exporter-1,0.00%,12.97MiB / 128MiB
1790500730,payflow-mongo-1,2.92%,258.4MiB / 1GiB
1790500730,payflow-postgres-1,126.63%,506.3MiB / 1GiB
1790500730,payflow-kafka-1,38.95%,752.5MiB / 1.5GiB
1790500730,payflow-keycloak-1,0.17%,2.87GiB / 10.7GiB
1790500730,payflow-settlement-rail-1,5.82%,56.89MiB / 256MiB
1790500730,payflow-grafana-1,0.91%,186.4MiB / 512MiB
1790500730,payflow-prometheus-1,0.80%,89.54MiB / 1GiB
1790500730,k3d-tiny-url-serverlb,0.02%,5.703MiB / 10.7GiB
1790500730,k3d-tiny-url-server-0,6.68%,915.2MiB / 10.7GiB
1790500737,payflow-payflow-1,170.02%,993.2MiB / 1.5GiB
1790500737,payflow-postgres-exporter-1,0.00%,13.18MiB / 128MiB
1790500737,payflow-mongo-1,0.38%,258.5MiB / 1GiB
1790500737,payflow-postgres-1,86.13%,503.7MiB / 1GiB
1790500737,payflow-kafka-1,29.86%,755MiB / 1.5GiB
1790500737,payflow-keycloak-1,0.20%,2.87GiB / 10.7GiB
1790500737,payflow-settlement-rail-1,3.82%,57.2MiB / 256MiB
1790500737,payflow-grafana-1,0.71%,186.5MiB / 512MiB
1790500737,payflow-prometheus-1,0.15%,89.55MiB / 1GiB
1790500737,k3d-tiny-url-serverlb,0.00%,5.703MiB / 10.7GiB
1790500737,k3d-tiny-url-server-0,7.33%,915.2MiB / 10.7GiB
1790500744,payflow-payflow-1,194.62%,993.2MiB / 1.5GiB
1790500744,payflow-postgres-exporter-1,0.00%,12.34MiB / 128MiB
1790500744,payflow-mongo-1,12.94%,258.4MiB / 1GiB
1790500744,payflow-postgres-1,135.03%,503.8MiB / 1GiB
1790500744,payflow-kafka-1,41.59%,756MiB / 1.5GiB
1790500744,payflow-keycloak-1,0.16%,2.87GiB / 10.7GiB
1790500744,payflow-settlement-rail-1,3.07%,57.36MiB / 256MiB
1790500744,payflow-grafana-1,0.76%,186.5MiB / 512MiB
1790500744,payflow-prometheus-1,0.41%,89.54MiB / 1GiB
1790500744,k3d-tiny-url-serverlb,0.00%,5.703MiB / 10.7GiB
1790500744,k3d-tiny-url-server-0,6.88%,914.5MiB / 10.7GiB
1790500751,payflow-payflow-1,204.28%,993MiB / 1.5GiB
1790500751,payflow-postgres-exporter-1,1.97%,13.02MiB / 128MiB
1790500751,payflow-mongo-1,0.44%,257.9MiB / 1GiB
1790500751,payflow-postgres-1,133.04%,503.7MiB / 1GiB
1790500751,payflow-kafka-1,43.26%,760.3MiB / 1.5GiB
1790500751,payflow-keycloak-1,0.18%,2.87GiB / 10.7GiB
1790500751,payflow-settlement-rail-1,3.14%,57.5MiB / 256MiB
1790500751,payflow-grafana-1,0.83%,186.5MiB / 512MiB
1790500751,payflow-prometheus-1,1.01%,89.54MiB / 1GiB
1790500751,k3d-tiny-url-serverlb,0.00%,5.703MiB / 10.7GiB
1790500751,k3d-tiny-url-server-0,7.34%,914.5MiB / 10.7GiB
1790500758,payflow-payflow-1,208.22%,993.1MiB / 1.5GiB
1790500758,payflow-postgres-exporter-1,0.00%,13.01MiB / 128MiB
1790500758,payflow-mongo-1,0.48%,258.2MiB / 1GiB
1790500758,payflow-postgres-1,147.00%,509MiB / 1GiB
1790500758,payflow-kafka-1,40.31%,761.8MiB / 1.5GiB
1790500758,payflow-keycloak-1,0.19%,2.87GiB / 10.7GiB
1790500758,payflow-settlement-rail-1,6.74%,57.73MiB / 256MiB
1790500758,payflow-grafana-1,1.13%,186.5MiB / 512MiB
1790500758,payflow-prometheus-1,0.38%,89.55MiB / 1GiB
1790500758,k3d-tiny-url-serverlb,0.01%,5.703MiB / 10.7GiB
1790500758,k3d-tiny-url-server-0,8.65%,915.8MiB / 10.7GiB
1790500766,payflow-payflow-1,183.15%,994.1MiB / 1.5GiB
1790500766,payflow-postgres-exporter-1,2.00%,12.34MiB / 128MiB
1790500766,payflow-mongo-1,56.36%,258.4MiB / 1GiB
1790500766,payflow-postgres-1,156.50%,496.5MiB / 1GiB
1790500766,payflow-kafka-1,34.16%,763.3MiB / 1.5GiB
1790500766,payflow-keycloak-1,0.22%,2.87GiB / 10.7GiB
1790500766,payflow-settlement-rail-1,5.35%,58.14MiB / 256MiB
1790500766,payflow-grafana-1,0.90%,186.5MiB / 512MiB
1790500766,payflow-prometheus-1,0.46%,89.69MiB / 1GiB
1790500766,k3d-tiny-url-serverlb,0.00%,5.703MiB / 10.7GiB
1790500766,k3d-tiny-url-server-0,8.77%,915.8MiB / 10.7GiB
1790500773,payflow-payflow-1,205.85%,993.8MiB / 1.5GiB
1790500773,payflow-postgres-exporter-1,0.00%,12.99MiB / 128MiB
1790500773,payflow-mongo-1,0.43%,258MiB / 1GiB
1790500773,payflow-postgres-1,167.93%,561.6MiB / 1GiB
1790500773,payflow-kafka-1,38.44%,763.4MiB / 1.5GiB
1790500773,payflow-keycloak-1,0.18%,2.87GiB / 10.7GiB
1790500773,payflow-settlement-rail-1,5.97%,58.54MiB / 256MiB
1790500773,payflow-grafana-1,0.75%,186.5MiB / 512MiB
1790500773,payflow-prometheus-1,0.95%,89.8MiB / 1GiB
1790500773,k3d-tiny-url-serverlb,0.00%,5.703MiB / 10.7GiB
1790500773,k3d-tiny-url-server-0,7.25%,915.1MiB / 10.7GiB
1790500780,payflow-payflow-1,173.68%,993.3MiB / 1.5GiB
1790500780,payflow-postgres-exporter-1,0.00%,12.34MiB / 128MiB
1790500780,payflow-mongo-1,0.45%,258.2MiB / 1GiB
1790500780,payflow-postgres-1,106.92%,580.9MiB / 1GiB
1790500780,payflow-kafka-1,40.09%,766MiB / 1.5GiB
1790500780,payflow-keycloak-1,0.16%,2.87GiB / 10.7GiB
1790500780,payflow-settlement-rail-1,1.09%,58.6MiB / 256MiB
1790500780,payflow-grafana-1,0.96%,186.6MiB / 512MiB
1790500780,payflow-prometheus-1,0.98%,89.86MiB / 1GiB
1790500780,k3d-tiny-url-serverlb,0.01%,5.703MiB / 10.7GiB
1790500780,k3d-tiny-url-server-0,8.27%,915.4MiB / 10.7GiB
1790500787,payflow-payflow-1,202.27%,993.7MiB / 1.5GiB
1790500787,payflow-postgres-exporter-1,0.00%,12.53MiB / 128MiB
1790500787,payflow-mongo-1,0.45%,258MiB / 1GiB
1790500787,payflow-postgres-1,127.45%,580.5MiB / 1GiB
1790500787,payflow-kafka-1,37.95%,768.4MiB / 1.5GiB
1790500787,payflow-keycloak-1,8.27%,2.87GiB / 10.7GiB
1790500787,payflow-settlement-rail-1,4.48%,58.8MiB / 256MiB
1790500787,payflow-grafana-1,1.08%,186.6MiB / 512MiB
1790500787,payflow-prometheus-1,1.32%,89.91MiB / 1GiB
1790500787,k3d-tiny-url-serverlb,0.00%,5.703MiB / 10.7GiB
1790500787,k3d-tiny-url-server-0,9.13%,915.8MiB / 10.7GiB
1790500795,payflow-payflow-1,202.51%,993.3MiB / 1.5GiB
1790500795,payflow-postgres-exporter-1,0.00%,12.07MiB / 128MiB
1790500795,payflow-mongo-1,27.95%,258.5MiB / 1GiB
1790500795,payflow-postgres-1,123.22%,587.9MiB / 1GiB
1790500795,payflow-kafka-1,37.65%,771.1MiB / 1.5GiB
1790500795,payflow-keycloak-1,0.24%,2.871GiB / 10.7GiB
1790500795,payflow-settlement-rail-1,6.13%,59.02MiB / 256MiB
1790500795,payflow-grafana-1,1.46%,186.6MiB / 512MiB
1790500795,payflow-prometheus-1,1.04%,89.91MiB / 1GiB
1790500795,k3d-tiny-url-serverlb,0.00%,5.703MiB / 10.7GiB
1790500795,k3d-tiny-url-server-0,6.80%,915.9MiB / 10.7GiB
1790500802,payflow-payflow-1,200.88%,993.6MiB / 1.5GiB
1790500802,payflow-postgres-exporter-1,2.20%,13MiB / 128MiB
1790500802,payflow-mongo-1,0.66%,258.8MiB / 1GiB
1790500802,payflow-postgres-1,130.06%,587.5MiB / 1GiB
1790500802,payflow-kafka-1,38.22%,774.4MiB / 1.5GiB
1790500802,payflow-keycloak-1,0.21%,2.871GiB / 10.7GiB
1790500802,payflow-settlement-rail-1,4.55%,59.24MiB / 256MiB
1790500802,payflow-grafana-1,1.09%,186.6MiB / 512MiB
1790500802,payflow-prometheus-1,0.23%,89.91MiB / 1GiB
1790500802,k3d-tiny-url-serverlb,0.01%,5.703MiB / 10.7GiB
1790500802,k3d-tiny-url-server-0,10.87%,915.3MiB / 10.7GiB
1790500809,payflow-payflow-1,140.15%,993.2MiB / 1.5GiB
1790500809,payflow-postgres-exporter-1,0.00%,13.03MiB / 128MiB
1790500809,payflow-mongo-1,0.93%,258.8MiB / 1GiB
1790500809,payflow-postgres-1,92.74%,587.4MiB / 1GiB
1790500809,payflow-kafka-1,29.15%,774.5MiB / 1.5GiB
1790500809,payflow-keycloak-1,0.20%,2.871GiB / 10.7GiB
1790500809,payflow-settlement-rail-1,2.12%,59.31MiB / 256MiB
1790500809,payflow-grafana-1,0.99%,186.6MiB / 512MiB
1790500809,payflow-prometheus-1,0.20%,89.91MiB / 1GiB
1790500809,k3d-tiny-url-serverlb,0.00%,5.703MiB / 10.7GiB
1790500809,k3d-tiny-url-server-0,16.99%,915.7MiB / 10.7GiB
1790500816,payflow-payflow-1,126.33%,993.3MiB / 1.5GiB
1790500816,payflow-postgres-exporter-1,2.23%,12.66MiB / 128MiB
1790500816,payflow-mongo-1,29.24%,406.1MiB / 1GiB
1790500816,payflow-postgres-1,78.34%,587.3MiB / 1GiB
1790500816,payflow-kafka-1,30.05%,774.9MiB / 1.5GiB
1790500816,payflow-keycloak-1,0.22%,2.871GiB / 10.7GiB
1790500816,payflow-settlement-rail-1,2.37%,59.35MiB / 256MiB
1790500816,payflow-grafana-1,1.24%,186.6MiB / 512MiB
1790500816,payflow-prometheus-1,0.24%,89.92MiB / 1GiB
1790500816,k3d-tiny-url-serverlb,0.10%,5.703MiB / 10.7GiB
1790500816,k3d-tiny-url-server-0,10.39%,915.6MiB / 10.7GiB
1790500824,payflow-payflow-1,98.97%,926.2MiB / 1.5GiB
1790500824,payflow-postgres-exporter-1,0.00%,12.82MiB / 128MiB
1790500824,payflow-mongo-1,1.17%,258.8MiB / 1GiB
1790500824,payflow-postgres-1,92.13%,599.7MiB / 1GiB
1790500824,payflow-kafka-1,18.87%,776.7MiB / 1.5GiB
1790500824,payflow-keycloak-1,0.24%,2.871GiB / 10.7GiB
1790500824,payflow-settlement-rail-1,1.95%,59.44MiB / 256MiB
1790500824,payflow-grafana-1,1.03%,186.6MiB / 512MiB
1790500824,payflow-prometheus-1,0.18%,89.93MiB / 1GiB
1790500824,k3d-tiny-url-serverlb,0.00%,5.703MiB / 10.7GiB
1790500824,k3d-tiny-url-server-0,10.35%,916.2MiB / 10.7GiB
1790500831,payflow-payflow-1,142.41%,925.9MiB / 1.5GiB
1790500831,payflow-postgres-exporter-1,1.54%,12.29MiB / 128MiB
1790500831,payflow-mongo-1,0.47%,258.5MiB / 1GiB
1790500831,payflow-postgres-1,134.09%,583.7MiB / 1GiB
1790500831,payflow-kafka-1,27.18%,778.9MiB / 1.5GiB
1790500831,payflow-keycloak-1,0.23%,2.871GiB / 10.7GiB
1790500831,payflow-settlement-rail-1,3.78%,59.54MiB / 256MiB
1790500831,payflow-grafana-1,1.57%,186.6MiB / 512MiB
1790500831,payflow-prometheus-1,0.62%,89.93MiB / 1GiB
1790500831,k3d-tiny-url-serverlb,0.03%,5.703MiB / 10.7GiB
1790500831,k3d-tiny-url-server-0,16.08%,915.4MiB / 10.7GiB
1790500838,payflow-payflow-1,127.31%,925.9MiB / 1.5GiB
1790500838,payflow-postgres-exporter-1,0.00%,12.84MiB / 128MiB
1790500838,payflow-mongo-1,0.70%,258.2MiB / 1GiB
1790500838,payflow-postgres-1,86.91%,566.1MiB / 1GiB
1790500838,payflow-kafka-1,25.53%,778.5MiB / 1.5GiB
1790500838,payflow-keycloak-1,0.28%,2.871GiB / 10.7GiB
1790500838,payflow-settlement-rail-1,2.10%,59.64MiB / 256MiB
1790500838,payflow-grafana-1,1.55%,186.6MiB / 512MiB
1790500838,payflow-prometheus-1,1.18%,89.92MiB / 1GiB
1790500838,k3d-tiny-url-serverlb,0.00%,5.703MiB / 10.7GiB
1790500838,k3d-tiny-url-server-0,9.83%,915.7MiB / 10.7GiB
1790500845,payflow-payflow-1,96.33%,925.8MiB / 1.5GiB
1790500845,payflow-postgres-exporter-1,0.00%,12.26MiB / 128MiB
1790500845,payflow-mongo-1,37.04%,258.5MiB / 1GiB
1790500845,payflow-postgres-1,61.14%,566MiB / 1GiB
1790500845,payflow-kafka-1,21.36%,779.9MiB / 1.5GiB
1790500845,payflow-keycloak-1,0.24%,2.871GiB / 10.7GiB
1790500845,payflow-settlement-rail-1,0.02%,59.68MiB / 256MiB
1790500845,payflow-grafana-1,1.09%,186.5MiB / 512MiB
1790500845,payflow-prometheus-1,0.46%,89.91MiB / 1GiB
1790500845,k3d-tiny-url-serverlb,0.00%,5.703MiB / 10.7GiB
1790500845,k3d-tiny-url-server-0,10.83%,915.7MiB / 10.7GiB
1790500853,payflow-payflow-1,55.20%,925.7MiB / 1.5GiB
1790500853,payflow-postgres-exporter-1,0.00%,12.36MiB / 128MiB
1790500853,payflow-mongo-1,0.59%,258.2MiB / 1GiB
1790500853,payflow-postgres-1,100.16%,620.6MiB / 1GiB
1790500853,payflow-kafka-1,12.20%,781MiB / 1.5GiB
1790500853,payflow-keycloak-1,0.28%,2.871GiB / 10.7GiB
1790500853,payflow-settlement-rail-1,0.03%,59.69MiB / 256MiB
1790500853,payflow-grafana-1,1.46%,186.5MiB / 512MiB
1790500853,payflow-prometheus-1,1.21%,89.91MiB / 1GiB
1790500853,k3d-tiny-url-serverlb,0.00%,5.703MiB / 10.7GiB
1790500853,k3d-tiny-url-server-0,13.35%,916.2MiB / 10.7GiB
1790500860,payflow-payflow-1,88.68%,925.8MiB / 1.5GiB
1790500860,payflow-postgres-exporter-1,0.00%,12.28MiB / 128MiB
1790500860,payflow-mongo-1,0.40%,258.3MiB / 1GiB
1790500860,payflow-postgres-1,52.51%,628.6MiB / 1GiB
1790500860,payflow-kafka-1,85.97%,826.6MiB / 1.5GiB
1790500860,payflow-keycloak-1,0.19%,2.871GiB / 10.7GiB
1790500860,payflow-settlement-rail-1,0.02%,59.69MiB / 256MiB
1790500860,payflow-grafana-1,0.76%,186.5MiB / 512MiB
1790500860,payflow-prometheus-1,2.42%,89.91MiB / 1GiB
1790500860,k3d-tiny-url-serverlb,0.01%,5.703MiB / 10.7GiB
1790500860,k3d-tiny-url-server-0,22.41%,915.7MiB / 10.7GiB
1790500867,payflow-payflow-1,86.63%,925.8MiB / 1.5GiB
1790500867,payflow-postgres-exporter-1,2.77%,13.08MiB / 128MiB
1790500867,payflow-mongo-1,53.88%,258.5MiB / 1GiB
1790500867,payflow-postgres-1,52.86%,615.6MiB / 1GiB
1790500867,payflow-kafka-1,158.76%,857.4MiB / 1.5GiB
1790500867,payflow-keycloak-1,0.19%,2.871GiB / 10.7GiB
1790500867,payflow-settlement-rail-1,0.01%,59.73MiB / 256MiB
1790500867,payflow-grafana-1,0.81%,186.4MiB / 512MiB
1790500867,payflow-prometheus-1,0.15%,89.93MiB / 1GiB
1790500867,k3d-tiny-url-serverlb,0.00%,5.703MiB / 10.7GiB
1790500867,k3d-tiny-url-server-0,10.71%,916MiB / 10.7GiB
1790500874,payflow-payflow-1,103.64%,925.8MiB / 1.5GiB
1790500874,payflow-postgres-exporter-1,0.00%,12.96MiB / 128MiB
1790500874,payflow-mongo-1,1.23%,258.5MiB / 1GiB
1790500874,payflow-postgres-1,54.04%,610.8MiB / 1GiB
1790500874,payflow-kafka-1,194.89%,872.1MiB / 1.5GiB
1790500874,payflow-keycloak-1,0.18%,2.871GiB / 10.7GiB
1790500874,payflow-settlement-rail-1,0.01%,59.73MiB / 256MiB
1790500874,payflow-grafana-1,0.82%,186.4MiB / 512MiB
1790500874,payflow-prometheus-1,0.82%,89.93MiB / 1GiB
1790500874,k3d-tiny-url-serverlb,0.01%,5.703MiB / 10.7GiB
1790500874,k3d-tiny-url-server-0,12.07%,915.7MiB / 10.7GiB
1790500882,payflow-payflow-1,98.95%,925.8MiB / 1.5GiB
1790500882,payflow-postgres-exporter-1,0.00%,12.08MiB / 128MiB
1790500882,payflow-mongo-1,0.47%,258MiB / 1GiB
1790500882,payflow-postgres-1,61.71%,613.9MiB / 1GiB
1790500882,payflow-kafka-1,166.84%,891.2MiB / 1.5GiB
1790500882,payflow-keycloak-1,0.21%,2.871GiB / 10.7GiB
1790500882,payflow-settlement-rail-1,0.01%,59.73MiB / 256MiB
1790500882,payflow-grafana-1,0.91%,186.3MiB / 512MiB
1790500882,payflow-prometheus-1,0.16%,89.93MiB / 1GiB
1790500882,k3d-tiny-url-serverlb,0.00%,5.703MiB / 10.7GiB
1790500882,k3d-tiny-url-server-0,9.95%,916.1MiB / 10.7GiB
1790500889,payflow-payflow-1,90.02%,925.8MiB / 1.5GiB
1790500889,payflow-postgres-exporter-1,0.00%,12.06MiB / 128MiB
1790500889,payflow-mongo-1,0.52%,258.6MiB / 1GiB
1790500889,payflow-postgres-1,47.01%,611MiB / 1GiB
1790500889,payflow-kafka-1,91.90%,783MiB / 1.5GiB
1790500889,payflow-keycloak-1,0.26%,2.871GiB / 10.7GiB
1790500889,payflow-settlement-rail-1,0.01%,59.73MiB / 256MiB
1790500889,payflow-grafana-1,0.82%,186.4MiB / 512MiB
1790500889,payflow-prometheus-1,0.23%,89.94MiB / 1GiB
1790500889,k3d-tiny-url-serverlb,0.01%,5.703MiB / 10.7GiB
1790500889,k3d-tiny-url-server-0,10.53%,915.4MiB / 10.7GiB
1790500896,payflow-payflow-1,96.93%,925.6MiB / 1.5GiB
1790500896,payflow-postgres-exporter-1,1.63%,12.88MiB / 128MiB
1790500896,payflow-mongo-1,0.46%,258.8MiB / 1GiB
1790500896,payflow-postgres-1,64.96%,609.9MiB / 1GiB
1790500896,payflow-kafka-1,58.30%,784.5MiB / 1.5GiB
1790500896,payflow-keycloak-1,0.25%,2.871GiB / 10.7GiB
1790500896,payflow-settlement-rail-1,2.58%,59.75MiB / 256MiB
1790500896,payflow-grafana-1,1.06%,186.4MiB / 512MiB
1790500896,payflow-prometheus-1,0.49%,89.94MiB / 1GiB
1790500896,k3d-tiny-url-serverlb,0.00%,5.703MiB / 10.7GiB
1790500896,k3d-tiny-url-server-0,9.12%,915.4MiB / 10.7GiB
1790500903,payflow-payflow-1,113.75%,925.6MiB / 1.5GiB
1790500903,payflow-postgres-exporter-1,0.00%,12.78MiB / 128MiB
1790500903,payflow-mongo-1,1.34%,258.2MiB / 1GiB
1790500903,payflow-postgres-1,64.74%,605.8MiB / 1GiB
1790500903,payflow-kafka-1,21.59%,785.1MiB / 1.5GiB
1790500903,payflow-keycloak-1,0.19%,2.871GiB / 10.7GiB
1790500903,payflow-settlement-rail-1,2.73%,59.86MiB / 256MiB
1790500903,payflow-grafana-1,0.94%,186.3MiB / 512MiB
1790500903,payflow-prometheus-1,0.23%,89.94MiB / 1GiB
1790500903,k3d-tiny-url-serverlb,0.02%,5.707MiB / 10.7GiB
1790500903,k3d-tiny-url-server-0,9.53%,916.9MiB / 10.7GiB
1790500911,payflow-payflow-1,137.09%,925.6MiB / 1.5GiB
1790500911,payflow-postgres-exporter-1,0.00%,12.3MiB / 128MiB
1790500911,payflow-mongo-1,0.92%,258.6MiB / 1GiB
1790500911,payflow-postgres-1,80.38%,604.3MiB / 1GiB
1790500911,payflow-kafka-1,29.08%,786.6MiB / 1.5GiB
1790500911,payflow-keycloak-1,0.25%,2.871GiB / 10.7GiB
1790500911,payflow-settlement-rail-1,2.64%,59.97MiB / 256MiB
1790500911,payflow-grafana-1,1.40%,186.4MiB / 512MiB
1790500911,payflow-prometheus-1,0.63%,89.94MiB / 1GiB
1790500911,k3d-tiny-url-serverlb,0.02%,5.707MiB / 10.7GiB
1790500911,k3d-tiny-url-server-0,16.02%,917.6MiB / 10.7GiB
1790500918,payflow-payflow-1,89.40%,925.6MiB / 1.5GiB
1790500918,payflow-postgres-exporter-1,0.00%,12.31MiB / 128MiB
1790500918,payflow-mongo-1,0.66%,258.4MiB / 1GiB
1790500918,payflow-postgres-1,52.69%,602MiB / 1GiB
1790500918,payflow-kafka-1,16.84%,787.4MiB / 1.5GiB
1790500918,payflow-keycloak-1,0.17%,2.871GiB / 10.7GiB
1790500918,payflow-settlement-rail-1,0.01%,59.96MiB / 256MiB
1790500918,payflow-grafana-1,1.60%,186.3MiB / 512MiB
1790500918,payflow-prometheus-1,0.85%,89.95MiB / 1GiB
1790500918,k3d-tiny-url-serverlb,0.01%,5.707MiB / 10.7GiB
1790500918,k3d-tiny-url-server-0,9.82%,916.6MiB / 10.7GiB
1790500925,payflow-payflow-1,116.27%,925.6MiB / 1.5GiB
1790500925,payflow-postgres-exporter-1,0.00%,13.06MiB / 128MiB
1790500925,payflow-mongo-1,0.80%,258.6MiB / 1GiB
1790500925,payflow-postgres-1,71.75%,601MiB / 1GiB
1790500925,payflow-kafka-1,24.55%,789.3MiB / 1.5GiB
1790500925,payflow-keycloak-1,0.21%,2.871GiB / 10.7GiB
1790500925,payflow-settlement-rail-1,0.02%,59.98MiB / 256MiB
1790500925,payflow-grafana-1,0.93%,186.3MiB / 512MiB
1790500925,payflow-prometheus-1,1.27%,89.95MiB / 1GiB
1790500925,k3d-tiny-url-serverlb,0.02%,5.707MiB / 10.7GiB
1790500925,k3d-tiny-url-server-0,11.06%,916.9MiB / 10.7GiB
1790500932,payflow-payflow-1,112.14%,925.7MiB / 1.5GiB
1790500932,payflow-postgres-exporter-1,0.00%,12.47MiB / 128MiB
1790500932,payflow-mongo-1,0.82%,258.6MiB / 1GiB
1790500932,payflow-postgres-1,70.49%,596.8MiB / 1GiB
1790500932,payflow-kafka-1,27.29%,790.4MiB / 1.5GiB
1790500932,payflow-keycloak-1,0.24%,2.871GiB / 10.7GiB
1790500932,payflow-settlement-rail-1,0.01%,59.98MiB / 256MiB
1790500932,payflow-grafana-1,1.29%,186.3MiB / 512MiB
1790500932,payflow-prometheus-1,0.24%,89.95MiB / 1GiB
1790500932,k3d-tiny-url-serverlb,0.00%,5.707MiB / 10.7GiB
1790500932,k3d-tiny-url-server-0,16.59%,916.9MiB / 10.7GiB
1790500939,payflow-payflow-1,138.80%,925.7MiB / 1.5GiB
1790500939,payflow-postgres-exporter-1,0.00%,12.35MiB / 128MiB
1790500939,payflow-mongo-1,42.14%,413.2MiB / 1GiB
1790500939,payflow-postgres-1,82.56%,595MiB / 1GiB
1790500939,payflow-kafka-1,26.05%,791.5MiB / 1.5GiB
1790500939,payflow-keycloak-1,0.16%,2.871GiB / 10.7GiB
1790500939,payflow-settlement-rail-1,0.01%,59.98MiB / 256MiB
1790500939,payflow-grafana-1,0.79%,186.3MiB / 512MiB
1790500939,payflow-prometheus-1,0.77%,89.96MiB / 1GiB
1790500939,k3d-tiny-url-serverlb,0.00%,5.707MiB / 10.7GiB
1790500939,k3d-tiny-url-server-0,6.95%,917.6MiB / 10.7GiB
1790500947,payflow-payflow-1,124.13%,925.7MiB / 1.5GiB
1790500947,payflow-postgres-exporter-1,0.00%,12.31MiB / 128MiB
1790500947,payflow-mongo-1,0.38%,258.6MiB / 1GiB
1790500947,payflow-postgres-1,67.21%,577.5MiB / 1GiB
1790500947,payflow-kafka-1,23.43%,794.7MiB / 1.5GiB
1790500947,payflow-keycloak-1,0.20%,2.871GiB / 10.7GiB
1790500947,payflow-settlement-rail-1,0.01%,59.98MiB / 256MiB
1790500947,payflow-grafana-1,0.67%,186.3MiB / 512MiB
1790500947,payflow-prometheus-1,0.15%,89.96MiB / 1GiB
1790500947,k3d-tiny-url-serverlb,0.00%,5.707MiB / 10.7GiB
1790500947,k3d-tiny-url-server-0,6.82%,917.7MiB / 10.7GiB
1790500954,payflow-payflow-1,60.03%,925.7MiB / 1.5GiB
1790500954,payflow-postgres-exporter-1,0.00%,13MiB / 128MiB
1790500954,payflow-mongo-1,0.82%,258.4MiB / 1GiB
1790500954,payflow-postgres-1,37.49%,576.1MiB / 1GiB
1790500954,payflow-kafka-1,11.41%,794.1MiB / 1.5GiB
1790500954,payflow-keycloak-1,0.15%,2.871GiB / 10.7GiB
1790500954,payflow-settlement-rail-1,0.01%,59.98MiB / 256MiB
1790500954,payflow-grafana-1,0.70%,186.3MiB / 512MiB
1790500954,payflow-prometheus-1,0.16%,89.96MiB / 1GiB
1790500954,k3d-tiny-url-serverlb,0.00%,5.707MiB / 10.7GiB
1790500954,k3d-tiny-url-server-0,6.11%,917.1MiB / 10.7GiB
1790500961,payflow-payflow-1,57.57%,925.7MiB / 1.5GiB
1790500961,payflow-postgres-exporter-1,0.00%,13.36MiB / 128MiB
1790500961,payflow-mongo-1,0.34%,258.3MiB / 1GiB
1790500961,payflow-postgres-1,30.71%,575.6MiB / 1GiB
1790500961,payflow-kafka-1,10.30%,794.6MiB / 1.5GiB
1790500961,payflow-keycloak-1,0.16%,2.871GiB / 10.7GiB
1790500961,payflow-settlement-rail-1,0.01%,59.98MiB / 256MiB
1790500961,payflow-grafana-1,0.59%,186.3MiB / 512MiB
1790500961,payflow-prometheus-1,0.35%,89.95MiB / 1GiB
1790500961,k3d-tiny-url-serverlb,0.02%,5.711MiB / 10.7GiB
1790500961,k3d-tiny-url-server-0,8.42%,916.9MiB / 10.7GiB
1790500968,payflow-payflow-1,8.93%,925.7MiB / 1.5GiB
1790500968,payflow-postgres-exporter-1,0.00%,12.1MiB / 128MiB
1790500968,payflow-mongo-1,7.38%,258.6MiB / 1GiB
1790500968,payflow-postgres-1,2.20%,574.8MiB / 1GiB
1790500968,payflow-kafka-1,4.62%,794.9MiB / 1.5GiB
1790500968,payflow-keycloak-1,0.25%,2.871GiB / 10.7GiB
1790500968,payflow-settlement-rail-1,0.02%,59.98MiB / 256MiB
1790500968,payflow-grafana-1,1.63%,186.3MiB / 512MiB
1790500968,payflow-prometheus-1,1.06%,89.96MiB / 1GiB
1790500968,k3d-tiny-url-serverlb,0.00%,5.707MiB / 10.7GiB
1790500968,k3d-tiny-url-server-0,12.37%,917.6MiB / 10.7GiB
1790500975,payflow-payflow-1,4.42%,925.7MiB / 1.5GiB
1790500975,payflow-postgres-exporter-1,0.00%,12.64MiB / 128MiB
1790500975,payflow-mongo-1,0.49%,258.6MiB / 1GiB
1790500975,payflow-postgres-1,5.62%,574.1MiB / 1GiB
1790500975,payflow-kafka-1,2.87%,794.6MiB / 1.5GiB
1790500975,payflow-keycloak-1,0.20%,2.871GiB / 10.7GiB
1790500975,payflow-settlement-rail-1,0.02%,59.98MiB / 256MiB
1790500975,payflow-grafana-1,0.94%,186.3MiB / 512MiB
1790500975,payflow-prometheus-1,0.46%,89.96MiB / 1GiB
1790500975,k3d-tiny-url-serverlb,0.00%,5.707MiB / 10.7GiB
1790500975,k3d-tiny-url-server-0,7.50%,917.6MiB / 10.7GiB
1790500983,payflow-payflow-1,5.52%,925.7MiB / 1.5GiB
1790500983,payflow-postgres-exporter-1,0.00%,12.21MiB / 128MiB
1790500983,payflow-mongo-1,0.41%,258.8MiB / 1GiB
1790500983,payflow-postgres-1,2.96%,574.1MiB / 1GiB
1790500983,payflow-kafka-1,4.67%,794.5MiB / 1.5GiB
1790500983,payflow-keycloak-1,29.03%,2.871GiB / 10.7GiB
1790500983,payflow-settlement-rail-1,0.01%,59.98MiB / 256MiB
1790500983,payflow-grafana-1,0.86%,186.3MiB / 512MiB
1790500983,payflow-prometheus-1,0.68%,90.25MiB / 1GiB
1790500983,k3d-tiny-url-serverlb,0.00%,5.707MiB / 10.7GiB
1790500983,k3d-tiny-url-server-0,8.96%,917.2MiB / 10.7GiB
1790500990,payflow-payflow-1,3.69%,925.9MiB / 1.5GiB
1790500990,payflow-postgres-exporter-1,0.00%,12.22MiB / 128MiB
1790500990,payflow-mongo-1,49.19%,258.8MiB / 1GiB
1790500990,payflow-postgres-1,4.01%,574MiB / 1GiB
1790500990,payflow-kafka-1,161.36%,902.5MiB / 1.5GiB
1790500990,payflow-keycloak-1,0.21%,2.871GiB / 10.7GiB
1790500990,payflow-settlement-rail-1,0.02%,59.98MiB / 256MiB
1790500990,payflow-grafana-1,0.85%,186.4MiB / 512MiB
1790500990,payflow-prometheus-1,0.56%,90.56MiB / 1GiB
1790500990,k3d-tiny-url-serverlb,0.00%,5.707MiB / 10.7GiB
1790500990,k3d-tiny-url-server-0,10.91%,917.3MiB / 10.7GiB
