1790497183,payflow-payflow-1,48.95%,626.2MiB / 1.5GiB
1790497183,payflow-postgres-exporter-1,0.00%,15.5MiB / 128MiB
1790497183,payflow-mongo-1,0.41%,230.7MiB / 1GiB
1790497183,payflow-postgres-1,20.67%,623.3MiB / 1GiB
1790497183,payflow-kafka-1,7.84%,771.7MiB / 1.5GiB
1790497183,payflow-keycloak-1,66.34%,2.454GiB / 10.7GiB
1790497183,payflow-settlement-rail-1,0.01%,44.96MiB / 256MiB
1790497183,payflow-grafana-1,0.78%,254.7MiB / 512MiB
1790497183,payflow-prometheus-1,0.52%,88.51MiB / 1GiB
1790497183,payflow-tempo-1,0.27%,110MiB / 1GiB
1790497183,k3d-tiny-url-serverlb,0.02%,22.03MiB / 10.7GiB
1790497183,k3d-tiny-url-server-0,11.39%,1.028GiB / 10.7GiB
1790497183,silly_newton,8.00%,35.05MiB / 10.7GiB
1790497190,silly_newton,4.64%,40.76MiB / 10.7GiB
1790497190,payflow-payflow-1,43.18%,626.9MiB / 1.5GiB
1790497190,payflow-postgres-exporter-1,1.42%,15.2MiB / 128MiB
1790497190,payflow-mongo-1,7.48%,249.5MiB / 1GiB
1790497190,payflow-postgres-1,21.48%,615.1MiB / 1GiB
1790497190,payflow-kafka-1,9.51%,769.5MiB / 1.5GiB
1790497190,payflow-keycloak-1,57.41%,2.684GiB / 10.7GiB
1790497190,payflow-settlement-rail-1,0.34%,45.08MiB / 256MiB
1790497190,payflow-grafana-1,1.05%,253MiB / 512MiB
1790497190,payflow-prometheus-1,0.58%,88.78MiB / 1GiB
1790497190,payflow-tempo-1,0.24%,109.8MiB / 1GiB
1790497190,k3d-tiny-url-serverlb,0.00%,21.86MiB / 10.7GiB
1790497190,k3d-tiny-url-server-0,11.98%,1.026GiB / 10.7GiB
1790497198,silly_newton,3.46%,52.47MiB / 10.7GiB
1790497198,payflow-payflow-1,59.59%,627.6MiB / 1.5GiB
1790497198,payflow-postgres-exporter-1,0.00%,15.41MiB / 128MiB
1790497198,payflow-mongo-1,68.56%,378.6MiB / 1GiB
1790497198,payflow-postgres-1,30.60%,600MiB / 1GiB
1790497198,payflow-kafka-1,18.57%,763.6MiB / 1.5GiB
1790497198,payflow-keycloak-1,0.16%,2.683GiB / 10.7GiB
1790497198,payflow-settlement-rail-1,0.72%,45.18MiB / 256MiB
1790497198,payflow-grafana-1,1.08%,250.1MiB / 512MiB
1790497198,payflow-prometheus-1,0.56%,89.25MiB / 1GiB
1790497198,payflow-tempo-1,0.27%,109.4MiB / 1GiB
1790497198,k3d-tiny-url-serverlb,0.00%,21.48MiB / 10.7GiB
1790497198,k3d-tiny-url-server-0,8.62%,1.021GiB / 10.7GiB
1790497205,silly_newton,5.24%,56.82MiB / 10.7GiB
1790497205,payflow-payflow-1,79.31%,629.1MiB / 1.5GiB
1790497205,payflow-postgres-exporter-1,0.00%,15.28MiB / 128MiB
1790497205,payflow-mongo-1,5.36%,224.7MiB / 1GiB
1790497205,payflow-postgres-1,43.16%,592.5MiB / 1GiB
1790497205,payflow-kafka-1,16.98%,761.3MiB / 1.5GiB
1790497205,payflow-keycloak-1,0.19%,2.683GiB / 10.7GiB
1790497205,payflow-settlement-rail-1,0.87%,45.2MiB / 256MiB
1790497205,payflow-grafana-1,1.10%,248.9MiB / 512MiB
1790497205,payflow-prometheus-1,0.67%,89.37MiB / 1GiB
1790497205,payflow-tempo-1,2.20%,109.6MiB / 1GiB
1790497205,k3d-tiny-url-serverlb,0.00%,21.31MiB / 10.7GiB
1790497205,k3d-tiny-url-server-0,9.56%,1.018GiB / 10.7GiB
1790497212,silly_newton,5.93%,63.14MiB / 10.7GiB
1790497212,payflow-payflow-1,91.37%,629.2MiB / 1.5GiB
1790497212,payflow-postgres-exporter-1,0.00%,15.12MiB / 128MiB
1790497212,payflow-mongo-1,6.71%,223.8MiB / 1GiB
1790497212,payflow-postgres-1,48.41%,589.2MiB / 1GiB
1790497212,payflow-kafka-1,20.01%,760.5MiB / 1.5GiB
1790497212,payflow-keycloak-1,0.27%,2.682GiB / 10.7GiB
1790497212,payflow-settlement-rail-1,1.13%,45.29MiB / 256MiB
1790497212,payflow-grafana-1,1.13%,248.4MiB / 512MiB
1790497212,payflow-prometheus-1,0.19%,89.25MiB / 1GiB
1790497212,payflow-tempo-1,0.29%,109.6MiB / 1GiB
1790497212,k3d-tiny-url-serverlb,0.01%,21.22MiB / 10.7GiB
1790497212,k3d-tiny-url-server-0,9.61%,1.016GiB / 10.7GiB
1790497219,silly_newton,6.57%,69.58MiB / 10.7GiB
1790497219,payflow-payflow-1,98.15%,629.3MiB / 1.5GiB
1790497219,payflow-postgres-exporter-1,0.00%,15.79MiB / 128MiB
1790497219,payflow-mongo-1,7.51%,223MiB / 1GiB
1790497219,payflow-postgres-1,59.32%,585.1MiB / 1GiB
1790497219,payflow-kafka-1,25.62%,761.3MiB / 1.5GiB
1790497219,payflow-keycloak-1,0.26%,2.682GiB / 10.7GiB
1790497219,payflow-settlement-rail-1,1.21%,45.29MiB / 256MiB
1790497219,payflow-grafana-1,1.20%,247.8MiB / 512MiB
1790497219,payflow-prometheus-1,0.69%,89.24MiB / 1GiB
1790497219,payflow-tempo-1,0.32%,110.3MiB / 1GiB
1790497219,k3d-tiny-url-serverlb,0.00%,21.12MiB / 10.7GiB
1790497219,k3d-tiny-url-server-0,11.42%,1.016GiB / 10.7GiB
1790497227,silly_newton,6.38%,72.48MiB / 10.7GiB
1790497227,payflow-payflow-1,104.12%,629.4MiB / 1.5GiB
1790497227,payflow-postgres-exporter-1,2.12%,15.43MiB / 128MiB
1790497227,payflow-mongo-1,7.22%,218.1MiB / 1GiB
1790497227,payflow-postgres-1,57.62%,645.8MiB / 1GiB
1790497227,payflow-kafka-1,22.51%,750.4MiB / 1.5GiB
1790497227,payflow-keycloak-1,0.19%,2.68GiB / 10.7GiB
1790497227,payflow-settlement-rail-1,1.44%,45.36MiB / 256MiB
1790497227,payflow-grafana-1,1.31%,244.6MiB / 512MiB
1790497227,payflow-prometheus-1,3.01%,88.89MiB / 1GiB
1790497227,payflow-tempo-1,0.32%,110.1MiB / 1GiB
1790497227,k3d-tiny-url-serverlb,0.03%,20.6MiB / 10.7GiB
1790497227,k3d-tiny-url-server-0,9.69%,1.005GiB / 10.7GiB
1790497234,silly_newton,6.18%,75.02MiB / 10.7GiB
1790497234,payflow-payflow-1,109.57%,630.2MiB / 1.5GiB
1790497234,payflow-postgres-exporter-1,0.00%,15.11MiB / 128MiB
1790497234,payflow-mongo-1,53.95%,218.8MiB / 1GiB
1790497234,payflow-postgres-1,59.90%,644.9MiB / 1GiB
1790497234,payflow-kafka-1,21.98%,754.2MiB / 1.5GiB
1790497234,payflow-keycloak-1,0.15%,2.68GiB / 10.7GiB
1790497234,payflow-settlement-rail-1,1.15%,45.39MiB / 256MiB
1790497234,payflow-grafana-1,0.84%,244.5MiB / 512MiB
1790497234,payflow-prometheus-1,0.16%,88.91MiB / 1GiB
1790497234,payflow-tempo-1,0.84%,108.1MiB / 1GiB
1790497234,k3d-tiny-url-serverlb,0.01%,20.6MiB / 10.7GiB
1790497234,k3d-tiny-url-server-0,9.50%,1.004GiB / 10.7GiB
1790497241,silly_newton,6.44%,75.69MiB / 10.7GiB
1790497241,payflow-payflow-1,118.75%,629.8MiB / 1.5GiB
1790497241,payflow-postgres-exporter-1,1.45%,15.26MiB / 128MiB
1790497241,payflow-mongo-1,7.11%,218.7MiB / 1GiB
1790497241,payflow-postgres-1,67.90%,644.6MiB / 1GiB
1790497241,payflow-kafka-1,75.14%,791.1MiB / 1.5GiB
1790497241,payflow-keycloak-1,0.30%,2.68GiB / 10.7GiB
1790497241,payflow-settlement-rail-1,1.32%,45.5MiB / 256MiB
1790497241,payflow-grafana-1,0.90%,244.5MiB / 512MiB
1790497241,payflow-prometheus-1,0.42%,88.89MiB / 1GiB
1790497241,payflow-tempo-1,0.86%,110.7MiB / 1GiB
1790497241,k3d-tiny-url-serverlb,0.02%,20.59MiB / 10.7GiB
1790497241,k3d-tiny-url-server-0,9.62%,1.003GiB / 10.7GiB
1790497248,silly_newton,6.85%,76.47MiB / 10.7GiB
1790497248,payflow-payflow-1,120.08%,629.9MiB / 1.5GiB
1790497248,payflow-postgres-exporter-1,0.00%,14.81MiB / 128MiB
1790497248,payflow-mongo-1,9.19%,218.3MiB / 1GiB
1790497248,payflow-postgres-1,66.89%,628.3MiB / 1GiB
1790497248,payflow-kafka-1,144.76%,823MiB / 1.5GiB
1790497248,payflow-keycloak-1,0.17%,2.68GiB / 10.7GiB
1790497248,payflow-settlement-rail-1,1.32%,46.2MiB / 256MiB
1790497248,payflow-grafana-1,1.10%,244.4MiB / 512MiB
1790497248,payflow-prometheus-1,0.34%,89.05MiB / 1GiB
1790497248,payflow-tempo-1,5.21%,110.1MiB / 1GiB
1790497248,k3d-tiny-url-serverlb,0.00%,20.58MiB / 10.7GiB
1790497248,k3d-tiny-url-server-0,7.05%,1.004GiB / 10.7GiB
1790497256,silly_newton,7.45%,76.73MiB / 10.7GiB
1790497256,payflow-payflow-1,126.68%,630MiB / 1.5GiB
1790497256,payflow-postgres-exporter-1,1.85%,15.4MiB / 128MiB
1790497256,payflow-mongo-1,8.56%,218.6MiB / 1GiB
1790497256,payflow-postgres-1,78.93%,622.8MiB / 1GiB
1790497256,payflow-kafka-1,186.23%,843.8MiB / 1.5GiB
1790497256,payflow-keycloak-1,0.23%,2.68GiB / 10.7GiB
1790497256,payflow-settlement-rail-1,1.72%,45.68MiB / 256MiB
1790497256,payflow-grafana-1,1.05%,244.3MiB / 512MiB
1790497256,payflow-prometheus-1,0.45%,89MiB / 1GiB
1790497256,payflow-tempo-1,0.95%,110MiB / 1GiB
1790497256,k3d-tiny-url-serverlb,0.00%,20.58MiB / 10.7GiB
1790497256,k3d-tiny-url-server-0,7.18%,1.004GiB / 10.7GiB
1790497263,silly_newton,10.00%,77.88MiB / 10.7GiB
1790497263,payflow-payflow-1,142.08%,630.5MiB / 1.5GiB
1790497263,payflow-postgres-exporter-1,0.00%,16.23MiB / 128MiB
1790497263,payflow-mongo-1,26.46%,220.7MiB / 1GiB
1790497263,payflow-postgres-1,76.29%,611.6MiB / 1GiB
1790497263,payflow-kafka-1,186.81%,841.2MiB / 1.5GiB
1790497263,payflow-keycloak-1,0.17%,2.68GiB / 10.7GiB
1790497263,payflow-settlement-rail-1,2.61%,46.14MiB / 256MiB
1790497263,payflow-grafana-1,0.81%,242.8MiB / 512MiB
1790497263,payflow-prometheus-1,0.63%,88.76MiB / 1GiB
1790497263,payflow-tempo-1,1.54%,111.3MiB / 1GiB
1790497263,k3d-tiny-url-serverlb,0.01%,20.56MiB / 10.7GiB
1790497263,k3d-tiny-url-server-0,9.27%,1024MiB / 10.7GiB
1790497270,silly_newton,12.68%,79.44MiB / 10.7GiB
1790497270,payflow-payflow-1,145.92%,630.3MiB / 1.5GiB
1790497270,payflow-postgres-exporter-1,0.00%,15.38MiB / 128MiB
1790497270,payflow-mongo-1,9.50%,220MiB / 1GiB
1790497270,payflow-postgres-1,83.93%,607.4MiB / 1GiB
1790497270,payflow-kafka-1,194.63%,845.4MiB / 1.5GiB
1790497270,payflow-keycloak-1,0.16%,2.68GiB / 10.7GiB
1790497270,payflow-settlement-rail-1,1.85%,45.98MiB / 256MiB
1790497270,payflow-grafana-1,0.82%,242.4MiB / 512MiB
1790497270,payflow-prometheus-1,0.52%,88.66MiB / 1GiB
1790497270,payflow-tempo-1,2.23%,114.9MiB / 1GiB
1790497270,k3d-tiny-url-serverlb,0.00%,20.56MiB / 10.7GiB
1790497270,k3d-tiny-url-server-0,6.78%,1023MiB / 10.7GiB
1790497277,silly_newton,8.21%,81.63MiB / 10.7GiB
1790497277,payflow-payflow-1,149.27%,630.7MiB / 1.5GiB
1790497277,payflow-postgres-exporter-1,0.00%,14.8MiB / 128MiB
1790497277,payflow-mongo-1,9.50%,220.5MiB / 1GiB
1790497277,payflow-postgres-1,82.22%,602.8MiB / 1GiB
1790497277,payflow-kafka-1,197.93%,856.6MiB / 1.5GiB
1790497277,payflow-keycloak-1,0.19%,2.679GiB / 10.7GiB
1790497277,payflow-settlement-rail-1,2.87%,47.32MiB / 256MiB
1790497277,payflow-grafana-1,0.80%,242.1MiB / 512MiB
1790497277,payflow-prometheus-1,0.32%,88.57MiB / 1GiB
1790497277,payflow-tempo-1,0.74%,113.9MiB / 1GiB
1790497277,k3d-tiny-url-serverlb,0.00%,20.56MiB / 10.7GiB
1790497277,k3d-tiny-url-server-0,9.33%,1023MiB / 10.7GiB
1790497284,silly_newton,9.19%,82.62MiB / 10.7GiB
1790497284,payflow-payflow-1,154.78%,630.6MiB / 1.5GiB
1790497284,payflow-postgres-exporter-1,0.00%,14.54MiB / 128MiB
1790497284,payflow-mongo-1,73.56%,380MiB / 1GiB
1790497284,payflow-postgres-1,159.97%,629.9MiB / 1GiB
1790497284,payflow-kafka-1,189.18%,849.5MiB / 1.5GiB
1790497284,payflow-keycloak-1,0.18%,2.679GiB / 10.7GiB
1790497284,payflow-settlement-rail-1,2.15%,46.39MiB / 256MiB
1790497284,payflow-grafana-1,1.97%,241.3MiB / 512MiB
1790497284,payflow-prometheus-1,0.81%,88.35MiB / 1GiB
1790497284,payflow-tempo-1,1.12%,108.4MiB / 1GiB
1790497284,k3d-tiny-url-serverlb,0.00%,20.53MiB / 10.7GiB
1790497284,k3d-tiny-url-server-0,7.41%,1020MiB / 10.7GiB
1790497292,silly_newton,9.29%,83.07MiB / 10.7GiB
1790497292,payflow-payflow-1,161.96%,630.7MiB / 1.5GiB
1790497292,payflow-postgres-exporter-1,2.12%,15.11MiB / 128MiB
1790497292,payflow-mongo-1,11.68%,221.7MiB / 1GiB
1790497292,payflow-postgres-1,91.74%,650MiB / 1GiB
1790497292,payflow-kafka-1,198.44%,861.5MiB / 1.5GiB
1790497292,payflow-keycloak-1,0.17%,2.679GiB / 10.7GiB
1790497292,payflow-settlement-rail-1,2.40%,46.33MiB / 256MiB
1790497292,payflow-grafana-1,0.79%,241.3MiB / 512MiB
1790497292,payflow-prometheus-1,0.15%,88.35MiB / 1GiB
1790497292,payflow-tempo-1,1.18%,113.3MiB / 1GiB
1790497292,k3d-tiny-url-serverlb,0.00%,20.53MiB / 10.7GiB
1790497292,k3d-tiny-url-server-0,7.94%,1019MiB / 10.7GiB
1790497299,silly_newton,9.61%,83.09MiB / 10.7GiB
1790497299,payflow-payflow-1,162.59%,630.8MiB / 1.5GiB
1790497299,payflow-postgres-exporter-1,0.00%,14.86MiB / 128MiB
1790497299,payflow-mongo-1,11.02%,222MiB / 1GiB
1790497299,payflow-postgres-1,90.01%,623.2MiB / 1GiB
1790497299,payflow-kafka-1,193.54%,879.2MiB / 1.5GiB
1790497299,payflow-keycloak-1,0.18%,2.679GiB / 10.7GiB
1790497299,payflow-settlement-rail-1,2.19%,46.44MiB / 256MiB
1790497299,payflow-grafana-1,0.76%,241.3MiB / 512MiB
1790497299,payflow-prometheus-1,0.18%,88.36MiB / 1GiB
1790497299,payflow-tempo-1,1.07%,111.1MiB / 1GiB
1790497299,k3d-tiny-url-serverlb,0.00%,20.53MiB / 10.7GiB
1790497299,k3d-tiny-url-server-0,7.11%,1020MiB / 10.7GiB
1790497306,silly_newton,13.45%,83.16MiB / 10.7GiB
1790497306,payflow-payflow-1,173.47%,631.1MiB / 1.5GiB
1790497306,payflow-postgres-exporter-1,0.00%,15.26MiB / 128MiB
1790497306,payflow-mongo-1,12.21%,222.3MiB / 1GiB
1790497306,payflow-postgres-1,100.31%,620MiB / 1GiB
1790497306,payflow-kafka-1,186.53%,885.7MiB / 1.5GiB
1790497306,payflow-keycloak-1,0.16%,2.679GiB / 10.7GiB
1790497306,payflow-settlement-rail-1,2.33%,46.57MiB / 256MiB
1790497306,payflow-grafana-1,0.81%,241.3MiB / 512MiB
1790497306,payflow-prometheus-1,0.15%,88.36MiB / 1GiB
1790497306,payflow-tempo-1,0.91%,114.3MiB / 1GiB
1790497306,k3d-tiny-url-serverlb,0.01%,20.53MiB / 10.7GiB
1790497306,k3d-tiny-url-server-0,7.84%,1020MiB / 10.7GiB
1790497313,silly_newton,10.22%,83.2MiB / 10.7GiB
1790497313,payflow-payflow-1,182.89%,631.3MiB / 1.5GiB
1790497313,payflow-postgres-exporter-1,0.00%,14.91MiB / 128MiB
1790497313,payflow-mongo-1,50.28%,222.3MiB / 1GiB
1790497313,payflow-postgres-1,103.46%,618.4MiB / 1GiB
1790497313,payflow-kafka-1,166.05%,886.1MiB / 1.5GiB
1790497313,payflow-keycloak-1,0.16%,2.679GiB / 10.7GiB
1790497313,payflow-settlement-rail-1,2.56%,46.71MiB / 256MiB
1790497313,payflow-grafana-1,0.77%,241.3MiB / 512MiB
1790497313,payflow-prometheus-1,0.19%,88.65MiB / 1GiB
1790497313,payflow-tempo-1,1.72%,115.9MiB / 1GiB
1790497313,k3d-tiny-url-serverlb,0.00%,20.53MiB / 10.7GiB
1790497313,k3d-tiny-url-server-0,8.99%,1021MiB / 10.7GiB
1790497321,silly_newton,12.57%,83.4MiB / 10.7GiB
1790497321,payflow-payflow-1,198.61%,632.1MiB / 1.5GiB
1790497321,payflow-postgres-exporter-1,2.28%,15.41MiB / 128MiB
1790497321,payflow-mongo-1,13.91%,222.3MiB / 1GiB
1790497321,payflow-postgres-1,119.61%,618.1MiB / 1GiB
1790497321,payflow-kafka-1,144.97%,817.9MiB / 1.5GiB
1790497321,payflow-keycloak-1,0.18%,2.679GiB / 10.7GiB
1790497321,payflow-settlement-rail-1,2.57%,46.83MiB / 256MiB
1790497321,payflow-grafana-1,0.89%,241.3MiB / 512MiB
1790497321,payflow-prometheus-1,0.60%,88.65MiB / 1GiB
1790497321,payflow-tempo-1,3.05%,114.6MiB / 1GiB
1790497321,k3d-tiny-url-serverlb,0.01%,20.53MiB / 10.7GiB
1790497321,k3d-tiny-url-server-0,7.42%,1020MiB / 10.7GiB
1790497328,silly_newton,10.92%,83.58MiB / 10.7GiB
1790497328,payflow-payflow-1,199.61%,633.2MiB / 1.5GiB
1790497328,payflow-postgres-exporter-1,0.00%,15.88MiB / 128MiB
1790497328,payflow-mongo-1,12.83%,222.3MiB / 1GiB
1790497328,payflow-postgres-1,117.25%,618.6MiB / 1GiB
1790497328,payflow-kafka-1,134.66%,789.3MiB / 1.5GiB
1790497328,payflow-keycloak-1,0.16%,2.679GiB / 10.7GiB
1790497328,payflow-settlement-rail-1,3.30%,46.96MiB / 256MiB
1790497328,payflow-grafana-1,1.08%,241.3MiB / 512MiB
1790497328,payflow-prometheus-1,0.70%,88.65MiB / 1GiB
1790497328,payflow-tempo-1,9.58%,110.8MiB / 1GiB
1790497328,k3d-tiny-url-serverlb,0.01%,20.53MiB / 10.7GiB
1790497328,k3d-tiny-url-server-0,7.43%,1020MiB / 10.7GiB
1790497335,silly_newton,11.50%,83.99MiB / 10.7GiB
1790497335,payflow-payflow-1,187.65%,633.6MiB / 1.5GiB
1790497335,payflow-postgres-exporter-1,1.12%,14.71MiB / 128MiB
1790497335,payflow-mongo-1,37.77%,317.7MiB / 1GiB
1790497335,payflow-postgres-1,127.86%,625.6MiB / 1GiB
1790497335,payflow-kafka-1,129.68%,792.1MiB / 1.5GiB
1790497335,payflow-keycloak-1,0.16%,2.679GiB / 10.7GiB
1790497335,payflow-settlement-rail-1,19.89%,57.95MiB / 256MiB
1790497335,payflow-grafana-1,0.91%,241.4MiB / 512MiB
1790497335,payflow-prometheus-1,0.77%,88.64MiB / 1GiB
1790497335,payflow-tempo-1,0.91%,117.6MiB / 1GiB
1790497335,k3d-tiny-url-serverlb,0.00%,20.53MiB / 10.7GiB
1790497335,k3d-tiny-url-server-0,6.78%,1021MiB / 10.7GiB
1790497343,silly_newton,12.13%,84.2MiB / 10.7GiB
1790497343,payflow-payflow-1,145.22%,633.7MiB / 1.5GiB
1790497343,payflow-postgres-exporter-1,0.00%,15.32MiB / 128MiB
1790497343,payflow-mongo-1,78.65%,221.3MiB / 1GiB
1790497343,payflow-postgres-1,176.59%,620.6MiB / 1GiB
1790497343,payflow-kafka-1,184.51%,879.1MiB / 1.5GiB
1790497343,payflow-keycloak-1,0.20%,2.678GiB / 10.7GiB
1790497343,payflow-settlement-rail-1,0.99%,47.24MiB / 256MiB
1790497343,payflow-grafana-1,1.20%,239.9MiB / 512MiB
1790497343,payflow-prometheus-1,1.64%,88.22MiB / 1GiB
1790497343,payflow-tempo-1,0.91%,116.7MiB / 1GiB
1790497343,k3d-tiny-url-serverlb,0.01%,20.23MiB / 10.7GiB
1790497343,k3d-tiny-url-server-0,13.31%,1015MiB / 10.7GiB
1790497350,silly_newton,12.73%,86.67MiB / 10.7GiB
1790497350,payflow-payflow-1,113.34%,641.2MiB / 1.5GiB
1790497350,payflow-postgres-exporter-1,2.15%,15.61MiB / 128MiB
1790497350,payflow-mongo-1,22.09%,223.6MiB / 1GiB
1790497350,payflow-postgres-1,60.85%,587.9MiB / 1GiB
1790497350,payflow-kafka-1,128.65%,840.7MiB / 1.5GiB
1790497350,payflow-keycloak-1,0.22%,2.679GiB / 10.7GiB
1790497350,payflow-settlement-rail-1,0.41%,47.28MiB / 256MiB
1790497350,payflow-grafana-1,0.86%,239.6MiB / 512MiB
1790497350,payflow-prometheus-1,0.65%,88.14MiB / 1GiB
1790497350,payflow-tempo-1,0.89%,112.8MiB / 1GiB
1790497350,k3d-tiny-url-serverlb,0.00%,20.18MiB / 10.7GiB
1790497350,k3d-tiny-url-server-0,34.03%,1014MiB / 10.7GiB
1790497358,silly_newton,12.32%,88.2MiB / 10.7GiB
1790497358,payflow-payflow-1,69.87%,642.7MiB / 1.5GiB
1790497358,payflow-postgres-exporter-1,0.00%,14.53MiB / 128MiB
1790497358,payflow-mongo-1,11.19%,224.5MiB / 1GiB
1790497358,payflow-postgres-1,28.43%,615.2MiB / 1GiB
1790497358,payflow-kafka-1,110.85%,796.1MiB / 1.5GiB
1790497358,payflow-keycloak-1,0.21%,2.678GiB / 10.7GiB
1790497358,payflow-settlement-rail-1,0.14%,47.36MiB / 256MiB
1790497358,payflow-grafana-1,1.33%,239MiB / 512MiB
1790497358,payflow-prometheus-1,0.79%,88.04MiB / 1GiB
1790497358,payflow-tempo-1,5.90%,112.1MiB / 1GiB
1790497358,k3d-tiny-url-serverlb,0.00%,20.09MiB / 10.7GiB
1790497358,k3d-tiny-url-server-0,12.49%,1013MiB / 10.7GiB
1790497365,silly_newton,36.93%,103.3MiB / 10.7GiB
1790497365,payflow-payflow-1,191.48%,654.3MiB / 1.5GiB
1790497365,payflow-postgres-exporter-1,2.35%,14.09MiB / 128MiB
1790497365,payflow-mongo-1,0.57%,211.2MiB / 1GiB
1790497365,payflow-postgres-1,85.75%,567.3MiB / 1GiB
1790497365,payflow-kafka-1,119.54%,860.8MiB / 1.5GiB
1790497365,payflow-keycloak-1,422.76%,3.051GiB / 10.7GiB
1790497365,payflow-settlement-rail-1,0.02%,47.36MiB / 256MiB
1790497365,payflow-grafana-1,0.89%,230.7MiB / 512MiB
1790497365,payflow-prometheus-1,1.51%,87.91MiB / 1GiB
1790497365,payflow-tempo-1,0.29%,107.6MiB / 1GiB
1790497365,k3d-tiny-url-serverlb,0.04%,18.62MiB / 10.7GiB
1790497365,k3d-tiny-url-server-0,10.10%,991.8MiB / 10.7GiB
1790497373,silly_newton,31.43%,149.3MiB / 10.7GiB
1790497373,payflow-payflow-1,235.13%,688.5MiB / 1.5GiB
1790497373,payflow-postgres-exporter-1,0.00%,14.16MiB / 128MiB
1790497373,payflow-mongo-1,153.49%,313.6MiB / 1GiB
1790497373,payflow-postgres-1,396.16%,627.7MiB / 1GiB
1790497373,payflow-kafka-1,144.79%,746.5MiB / 1.5GiB
1790497373,payflow-keycloak-1,6.15%,3.042GiB / 10.7GiB
1790497373,payflow-settlement-rail-1,0.12%,47.36MiB / 256MiB
1790497373,payflow-grafana-1,1.67%,229.9MiB / 512MiB
1790497373,payflow-prometheus-1,1.13%,87.62MiB / 1GiB
1790497373,payflow-tempo-1,6.60%,109MiB / 1GiB
1790497373,k3d-tiny-url-serverlb,0.00%,18.31MiB / 10.7GiB
1790497373,k3d-tiny-url-server-0,135.95%,989.7MiB / 10.7GiB
1790497381,silly_newton,58.28%,189.4MiB / 10.7GiB
1790497381,payflow-payflow-1,252.76%,758.9MiB / 1.5GiB
1790497381,payflow-postgres-exporter-1,1.44%,12.74MiB / 128MiB
1790497381,payflow-mongo-1,147.80%,308.5MiB / 1GiB
1790497381,payflow-postgres-1,307.23%,574.7MiB / 1GiB
1790497381,payflow-kafka-1,156.27%,708.8MiB / 1.5GiB
1790497381,payflow-keycloak-1,205.43%,3.327GiB / 10.7GiB
1790497381,payflow-settlement-rail-1,0.03%,47.36MiB / 256MiB
1790497381,payflow-grafana-1,2.52%,223.3MiB / 512MiB
1790497381,payflow-prometheus-1,22.33%,85.82MiB / 1GiB
1790497381,payflow-tempo-1,0.67%,104.7MiB / 1GiB
1790497381,k3d-tiny-url-serverlb,0.03%,16.88MiB / 10.7GiB
1790497381,k3d-tiny-url-server-0,124.86%,973.1MiB / 10.7GiB
1790497395,silly_newton,119.72%,216.4MiB / 10.7GiB
1790497395,payflow-payflow-1,91.47%,824MiB / 1.5GiB
1790497395,payflow-postgres-exporter-1,0.00%,13.2MiB / 128MiB
1790497395,payflow-mongo-1,119.60%,294.2MiB / 1GiB
1790497395,payflow-postgres-1,89.61%,499MiB / 1GiB
1790497395,payflow-kafka-1,92.37%,691.5MiB / 1.5GiB
1790497395,payflow-keycloak-1,21.26%,3.611GiB / 10.7GiB
1790497395,payflow-settlement-rail-1,0.03%,47.33MiB / 256MiB
1790497395,payflow-grafana-1,1.07%,216MiB / 512MiB
1790497395,payflow-prometheus-1,32.27%,84.25MiB / 1GiB
1790497395,payflow-tempo-1,0.36%,102.6MiB / 1GiB
1790497395,k3d-tiny-url-serverlb,0.01%,15.63MiB / 10.7GiB
1790497395,k3d-tiny-url-server-0,47.74%,954.5MiB / 10.7GiB
1790497404,silly_newton,118.87%,263.5MiB / 10.7GiB
1790497404,payflow-payflow-1,342.89%,876.5MiB / 1.5GiB
1790497404,payflow-postgres-exporter-1,0.00%,13.9MiB / 128MiB
1790497404,payflow-mongo-1,18.25%,160.1MiB / 1GiB
1790497404,payflow-postgres-1,74.29%,445.5MiB / 1GiB
1790497404,payflow-kafka-1,90.58%,645.2MiB / 1.5GiB
1790497404,payflow-keycloak-1,696.57%,3.937GiB / 10.7GiB
1790497404,payflow-settlement-rail-1,0.08%,46.12MiB / 256MiB
1790497404,payflow-grafana-1,182.03%,208.2MiB / 512MiB
1790497404,payflow-prometheus-1,80.48%,82.66MiB / 1GiB
1790497404,payflow-tempo-1,1.20%,100.3MiB / 1GiB
1790497404,k3d-tiny-url-serverlb,0.11%,14.49MiB / 10.7GiB
1790497404,k3d-tiny-url-server-0,398.11%,938.1MiB / 10.7GiB
1790497414,silly_newton,89.69%,305.6MiB / 10.7GiB
1790497414,payflow-payflow-1,153.34%,916.3MiB / 1.5GiB
1790497414,payflow-postgres-exporter-1,0.00%,13.16MiB / 128MiB
1790497414,payflow-mongo-1,1.71%,147.9MiB / 1GiB
1790497414,payflow-postgres-1,153.77%,402.8MiB / 1GiB
1790497414,payflow-kafka-1,50.24%,652.8MiB / 1.5GiB
1790497414,payflow-keycloak-1,382.72%,4.344GiB / 10.7GiB
1790497414,payflow-settlement-rail-1,0.02%,45.93MiB / 256MiB
1790497414,payflow-grafana-1,1.61%,196.8MiB / 512MiB
1790497414,payflow-prometheus-1,0.87%,81.41MiB / 1GiB
1790497414,payflow-tempo-1,0.35%,86.58MiB / 1GiB
1790497414,k3d-tiny-url-serverlb,0.00%,13.5MiB / 10.7GiB
1790497414,k3d-tiny-url-server-0,44.41%,925.7MiB / 10.7GiB
1790497422,silly_newton,37.52%,336.7MiB / 10.7GiB
1790497422,payflow-payflow-1,208.79%,988.6MiB / 1.5GiB
1790497422,payflow-postgres-exporter-1,0.00%,13.19MiB / 128MiB
1790497422,payflow-mongo-1,18.57%,149.9MiB / 1GiB
1790497422,payflow-postgres-1,68.69%,357.7MiB / 1GiB
1790497422,payflow-kafka-1,123.33%,676MiB / 1.5GiB
1790497422,payflow-keycloak-1,4.08%,4.659GiB / 10.7GiB
1790497422,payflow-settlement-rail-1,0.02%,45.12MiB / 256MiB
1790497422,payflow-grafana-1,1.22%,189.2MiB / 512MiB
1790497422,payflow-prometheus-1,0.77%,88.57MiB / 1GiB
1790497422,payflow-tempo-1,5.29%,88.15MiB / 1GiB
1790497422,k3d-tiny-url-serverlb,0.01%,12.7MiB / 10.7GiB
1790497422,k3d-tiny-url-server-0,19.11%,913.4MiB / 10.7GiB
1790497432,silly_newton,22.21%,420.2MiB / 10.7GiB
1790497432,payflow-payflow-1,9.27%,1.061GiB / 1.5GiB
1790497432,payflow-postgres-exporter-1,0.00%,12.93MiB / 128MiB
1790497432,payflow-mongo-1,2.36%,154MiB / 1GiB
1790497432,payflow-postgres-1,5.05%,310.7MiB / 1GiB
1790497432,payflow-kafka-1,12.70%,632.9MiB / 1.5GiB
1790497432,payflow-keycloak-1,50.35%,4.473GiB / 10.7GiB
1790497432,payflow-settlement-rail-1,0.02%,43.4MiB / 256MiB
1790497432,payflow-grafana-1,1.21%,179.6MiB / 512MiB
1790497432,payflow-prometheus-1,0.24%,88.99MiB / 1GiB
1790497432,payflow-tempo-1,0.41%,89.08MiB / 1GiB
1790497432,k3d-tiny-url-serverlb,0.00%,12.21MiB / 10.7GiB
1790497432,k3d-tiny-url-server-0,29.92%,909MiB / 10.7GiB
1790497441,silly_newton,30.70%,434.6MiB / 10.7GiB
1790497441,payflow-payflow-1,51.56%,1.123GiB / 1.5GiB
1790497441,payflow-postgres-exporter-1,0.00%,13.44MiB / 128MiB
1790497441,payflow-mongo-1,33.61%,148.8MiB / 1GiB
1790497441,payflow-postgres-1,5.77%,296MiB / 1GiB
1790497441,payflow-kafka-1,138.93%,709.3MiB / 1.5GiB
1790497441,payflow-keycloak-1,478.03%,4.467GiB / 10.7GiB
1790497441,payflow-settlement-rail-1,0.02%,42.79MiB / 256MiB
1790497441,payflow-grafana-1,1.06%,178.1MiB / 512MiB
1790497441,payflow-prometheus-1,0.27%,89.67MiB / 1GiB
1790497441,payflow-tempo-1,0.35%,85.9MiB / 1GiB
1790497441,k3d-tiny-url-serverlb,0.03%,12.07MiB / 10.7GiB
1790497441,k3d-tiny-url-server-0,9.69%,917MiB / 10.7GiB
1790497449,silly_newton,18.78%,544.2MiB / 10.7GiB
1790497449,payflow-payflow-1,2.52%,1.132GiB / 1.5GiB
1790497449,payflow-postgres-exporter-1,0.00%,12.67MiB / 128MiB
1790497449,payflow-mongo-1,2.08%,148.1MiB / 1GiB
1790497449,payflow-postgres-1,25.74%,252.7MiB / 1GiB
1790497449,payflow-kafka-1,12.94%,620.8MiB / 1.5GiB
1790497449,payflow-keycloak-1,164.21%,4.674GiB / 10.7GiB
1790497449,payflow-settlement-rail-1,0.03%,42.5MiB / 256MiB
1790497449,payflow-grafana-1,3.35%,172.1MiB / 512MiB
1790497449,payflow-prometheus-1,0.87%,84.42MiB / 1GiB
1790497449,payflow-tempo-1,0.41%,83.61MiB / 1GiB
1790497449,k3d-tiny-url-serverlb,0.01%,10.9MiB / 10.7GiB
1790497449,k3d-tiny-url-server-0,15.32%,895.9MiB / 10.7GiB
1790497463,silly_newton,4.21%,556.8MiB / 10.7GiB
1790497463,payflow-payflow-1,122.08%,1.189GiB / 1.5GiB
1790497463,payflow-postgres-exporter-1,0.00%,12.91MiB / 128MiB
1790497463,payflow-mongo-1,51.52%,307.9MiB / 1GiB
1790497463,payflow-postgres-1,40.56%,248.2MiB / 1GiB
1790497463,payflow-kafka-1,6.19%,584.2MiB / 1.5GiB
1790497463,payflow-keycloak-1,0.47%,4.543GiB / 10.7GiB
1790497463,payflow-settlement-rail-1,0.02%,41.89MiB / 256MiB
1790497463,payflow-grafana-1,10.09%,169.3MiB / 512MiB
1790497463,payflow-prometheus-1,0.77%,84.31MiB / 1GiB
1790497463,payflow-tempo-1,0.63%,86.71MiB / 1GiB
1790497463,k3d-tiny-url-serverlb,0.00%,10.77MiB / 10.7GiB
1790497463,k3d-tiny-url-server-0,33.87%,924.4MiB / 10.7GiB
1790497470,silly_newton,1.37%,564MiB / 10.7GiB
1790497470,payflow-payflow-1,78.86%,1.445GiB / 1.5GiB
1790497470,payflow-postgres-exporter-1,0.00%,13.14MiB / 128MiB
1790497470,payflow-mongo-1,29.03%,140.7MiB / 1GiB
1790497470,payflow-postgres-1,39.97%,231.3MiB / 1GiB
1790497470,payflow-kafka-1,9.29%,564.3MiB / 1.5GiB
1790497470,payflow-keycloak-1,53.77%,4.493GiB / 10.7GiB
1790497470,payflow-settlement-rail-1,109.75%,41.9MiB / 256MiB
1790497470,payflow-grafana-1,37.77%,176.6MiB / 512MiB
1790497470,payflow-prometheus-1,28.41%,82.65MiB / 1GiB
1790497470,payflow-tempo-1,10.37%,87.16MiB / 1GiB
1790497470,k3d-tiny-url-serverlb,0.00%,10.3MiB / 10.7GiB
1790497470,k3d-tiny-url-server-0,18.56%,909.5MiB / 10.7GiB
1790497481,silly_newton,44.24%,633.3MiB / 10.7GiB
1790497481,payflow-payflow-1,208.60%,1.492GiB / 1.5GiB
1790497481,payflow-postgres-exporter-1,0.00%,11.9MiB / 128MiB
1790497481,payflow-mongo-1,0.76%,166.1MiB / 1GiB
1790497481,payflow-postgres-1,41.44%,225.8MiB / 1GiB
1790497481,payflow-kafka-1,24.96%,534.1MiB / 1.5GiB
1790497481,payflow-keycloak-1,2.66%,4.291GiB / 10.7GiB
1790497481,payflow-settlement-rail-1,0.02%,41.87MiB / 256MiB
1790497481,payflow-grafana-1,8.38%,185.3MiB / 512MiB
1790497481,payflow-prometheus-1,0.33%,81.29MiB / 1GiB
1790497481,payflow-tempo-1,3.12%,88.56MiB / 1GiB
1790497481,k3d-tiny-url-serverlb,0.01%,9.57MiB / 10.7GiB
1790497481,k3d-tiny-url-server-0,15.34%,904MiB / 10.7GiB
1790497489,silly_newton,45.38%,729.8MiB / 10.7GiB
1790497489,payflow-payflow-1,208.27%,1.485GiB / 1.5GiB
1790497489,payflow-postgres-exporter-1,0.00%,12.43MiB / 128MiB
1790497489,payflow-mongo-1,15.38%,190.7MiB / 1GiB
1790497489,payflow-postgres-1,88.79%,227.8MiB / 1GiB
1790497489,payflow-kafka-1,7.01%,572.2MiB / 1.5GiB
1790497489,payflow-keycloak-1,0.29%,4.092GiB / 10.7GiB
1790497489,payflow-settlement-rail-1,0.03%,40.78MiB / 256MiB
1790497489,payflow-grafana-1,1.53%,187.9MiB / 512MiB
1790497489,payflow-prometheus-1,0.29%,80.03MiB / 1GiB
1790497489,payflow-tempo-1,1.16%,89.91MiB / 1GiB
1790497489,k3d-tiny-url-serverlb,0.00%,9.375MiB / 10.7GiB
1790497489,k3d-tiny-url-server-0,8.06%,894.3MiB / 10.7GiB
1790497497,silly_newton,48.80%,734.1MiB / 10.7GiB
1790497497,payflow-payflow-1,74.87%,1.479GiB / 1.5GiB
1790497497,payflow-postgres-exporter-1,0.00%,13.64MiB / 128MiB
1790497497,payflow-mongo-1,10.18%,184.8MiB / 1GiB
1790497497,payflow-postgres-1,186.74%,275.5MiB / 1GiB
1790497497,payflow-kafka-1,76.34%,562.3MiB / 1.5GiB
1790497497,payflow-keycloak-1,0.41%,4.039GiB / 10.7GiB
1790497497,payflow-settlement-rail-1,0.22%,40.37MiB / 256MiB
1790497497,payflow-grafana-1,6.96%,189.3MiB / 512MiB
1790497497,payflow-prometheus-1,64.44%,81.89MiB / 1GiB
1790497497,payflow-tempo-1,21.81%,95.01MiB / 1GiB
1790497497,k3d-tiny-url-serverlb,0.02%,9.059MiB / 10.7GiB
1790497497,k3d-tiny-url-server-0,266.78%,910.3MiB / 10.7GiB
1790497507,silly_newton,31.64%,786.4MiB / 10.7GiB
1790497507,payflow-payflow-1,1.09%,1.484GiB / 1.5GiB
1790497507,payflow-postgres-exporter-1,0.00%,12.32MiB / 128MiB
1790497507,payflow-mongo-1,0.22%,290.1MiB / 1GiB
1790497507,payflow-postgres-1,0.02%,265MiB / 1GiB
1790497507,payflow-kafka-1,2.00%,515.8MiB / 1.5GiB
1790497507,payflow-keycloak-1,0.34%,3.936GiB / 10.7GiB
1790497507,payflow-settlement-rail-1,0.03%,39.04MiB / 256MiB
1790497507,payflow-grafana-1,1.61%,179.7MiB / 512MiB
1790497507,payflow-prometheus-1,0.39%,79.02MiB / 1GiB
1790497507,payflow-tempo-1,0.44%,93.08MiB / 1GiB
1790497507,k3d-tiny-url-serverlb,0.00%,8.844MiB / 10.7GiB
1790497507,k3d-tiny-url-server-0,15.98%,897.9MiB / 10.7GiB
1790497515,silly_newton,50.73%,829.2MiB / 10.7GiB
1790497515,payflow-payflow-1,200.60%,1.494GiB / 1.5GiB
1790497515,payflow-postgres-exporter-1,0.00%,11.62MiB / 128MiB
1790497515,payflow-mongo-1,0.82%,199.1MiB / 1GiB
1790497515,payflow-postgres-1,33.75%,274.2MiB / 1GiB
1790497515,payflow-kafka-1,2.25%,512.4MiB / 1.5GiB
1790497515,payflow-keycloak-1,0.30%,3.917GiB / 10.7GiB
1790497515,payflow-settlement-rail-1,0.02%,39MiB / 256MiB
1790497515,payflow-grafana-1,2.40%,177MiB / 512MiB
1790497515,payflow-prometheus-1,1.92%,79.31MiB / 1GiB
1790497515,payflow-tempo-1,0.35%,93.82MiB / 1GiB
1790497515,k3d-tiny-url-serverlb,0.00%,8.836MiB / 10.7GiB
1790497515,k3d-tiny-url-server-0,11.22%,907.3MiB / 10.7GiB
1790497522,silly_newton,38.43%,831MiB / 10.7GiB
1790497522,payflow-payflow-1,199.75%,1.497GiB / 1.5GiB
1790497522,payflow-postgres-exporter-1,0.00%,12.39MiB / 128MiB
1790497522,payflow-mongo-1,4.73%,178.9MiB / 1GiB
1790497522,payflow-postgres-1,94.31%,273MiB / 1GiB
1790497522,payflow-kafka-1,6.16%,498.2MiB / 1.5GiB
1790497522,payflow-keycloak-1,0.21%,3.826GiB / 10.7GiB
1790497522,payflow-settlement-rail-1,0.06%,37.7MiB / 256MiB
1790497522,payflow-grafana-1,1.47%,191.7MiB / 512MiB
1790497522,payflow-prometheus-1,1.98%,83.16MiB / 1GiB
1790497522,payflow-tempo-1,9.95%,96.48MiB / 1GiB
1790497522,k3d-tiny-url-serverlb,0.00%,8.629MiB / 10.7GiB
1790497522,k3d-tiny-url-server-0,53.66%,931.8MiB / 10.7GiB
1790497535,silly_newton,29.17%,843.4MiB / 10.7GiB
1790497535,payflow-payflow-1,126.16%,1.491GiB / 1.5GiB
1790497535,payflow-postgres-exporter-1,1.50%,11.72MiB / 128MiB
1790497535,payflow-mongo-1,25.08%,193.7MiB / 1GiB
1790497535,payflow-postgres-1,77.93%,298.2MiB / 1GiB
1790497535,payflow-kafka-1,41.50%,509.1MiB / 1.5GiB
1790497535,payflow-keycloak-1,0.27%,3.827GiB / 10.7GiB
1790497535,payflow-settlement-rail-1,0.13%,37.8MiB / 256MiB
1790497535,payflow-grafana-1,1.09%,191.7MiB / 512MiB
1790497535,payflow-prometheus-1,0.54%,83.24MiB / 1GiB
1790497535,payflow-tempo-1,1.08%,90.95MiB / 1GiB
1790497535,k3d-tiny-url-serverlb,0.00%,8.633MiB / 10.7GiB
1790497535,k3d-tiny-url-server-0,17.67%,933.5MiB / 10.7GiB
1790497543,silly_newton,29.12%,843.3MiB / 10.7GiB
1790497543,payflow-payflow-1,201.46%,1.486GiB / 1.5GiB
1790497543,payflow-postgres-exporter-1,0.00%,12.52MiB / 128MiB
1790497543,payflow-mongo-1,74.44%,189.2MiB / 1GiB
1790497543,payflow-postgres-1,107.96%,326.5MiB / 1GiB
1790497543,payflow-kafka-1,20.85%,501.5MiB / 1.5GiB
1790497543,payflow-keycloak-1,10.39%,3.785GiB / 10.7GiB
1790497543,payflow-settlement-rail-1,0.02%,37.66MiB / 256MiB
1790497543,payflow-grafana-1,1.14%,193.4MiB / 512MiB
1790497543,payflow-prometheus-1,1.54%,84.2MiB / 1GiB
1790497543,payflow-tempo-1,2.63%,89.73MiB / 1GiB
1790497543,k3d-tiny-url-serverlb,0.00%,8.578MiB / 10.7GiB
1790497543,k3d-tiny-url-server-0,14.78%,931MiB / 10.7GiB
1790497550,silly_newton,31.13%,868.5MiB / 10.7GiB
1790497550,payflow-payflow-1,162.60%,1.488GiB / 1.5GiB
1790497550,payflow-postgres-exporter-1,0.00%,12.16MiB / 128MiB
1790497550,payflow-mongo-1,7.36%,170.2MiB / 1GiB
1790497550,payflow-postgres-1,69.10%,323.5MiB / 1GiB
1790497550,payflow-kafka-1,10.85%,490.6MiB / 1.5GiB
1790497550,payflow-keycloak-1,12.89%,3.761GiB / 10.7GiB
1790497550,payflow-settlement-rail-1,0.01%,37.09MiB / 256MiB
1790497550,payflow-grafana-1,0.84%,186.4MiB / 512MiB
1790497550,payflow-prometheus-1,1.24%,86.82MiB / 1GiB
1790497550,payflow-tempo-1,0.88%,98.62MiB / 1GiB
1790497550,k3d-tiny-url-serverlb,0.00%,8.352MiB / 10.7GiB
1790497550,k3d-tiny-url-server-0,7.49%,924.3MiB / 10.7GiB
1790497561,silly_newton,35.40%,868.8MiB / 10.7GiB
1790497561,payflow-payflow-1,206.44%,1.488GiB / 1.5GiB
1790497561,payflow-postgres-exporter-1,1.84%,11.8MiB / 128MiB
1790497561,payflow-mongo-1,21.21%,181.5MiB / 1GiB
1790497561,payflow-postgres-1,123.32%,327.4MiB / 1GiB
1790497561,payflow-kafka-1,32.88%,487.7MiB / 1.5GiB
1790497561,payflow-keycloak-1,0.26%,3.741GiB / 10.7GiB
1790497561,payflow-settlement-rail-1,8.36%,38.76MiB / 256MiB
1790497561,payflow-grafana-1,1.10%,187.5MiB / 512MiB
1790497561,payflow-prometheus-1,0.96%,86.61MiB / 1GiB
1790497561,payflow-tempo-1,1.96%,100.3MiB / 1GiB
1790497561,k3d-tiny-url-serverlb,0.02%,8.344MiB / 10.7GiB
1790497561,k3d-tiny-url-server-0,10.32%,925.8MiB / 10.7GiB
1790497568,silly_newton,109.06%,864.9MiB / 10.7GiB
1790497568,payflow-payflow-1,204.24%,1.485GiB / 1.5GiB
1790497568,payflow-postgres-exporter-1,0.00%,12.62MiB / 128MiB
1790497568,payflow-mongo-1,11.36%,181.8MiB / 1GiB
1790497568,payflow-postgres-1,83.91%,333.1MiB / 1GiB
1790497568,payflow-kafka-1,8.52%,490MiB / 1.5GiB
1790497568,payflow-keycloak-1,0.29%,3.733GiB / 10.7GiB
1790497568,payflow-settlement-rail-1,0.07%,37.18MiB / 256MiB
1790497568,payflow-grafana-1,1.61%,189.2MiB / 512MiB
1790497568,payflow-prometheus-1,0.29%,86.59MiB / 1GiB
1790497568,payflow-tempo-1,18.51%,100.7MiB / 1GiB
1790497568,k3d-tiny-url-serverlb,0.03%,8.344MiB / 10.7GiB
1790497568,k3d-tiny-url-server-0,13.92%,927.1MiB / 10.7GiB
1790497576,silly_newton,29.38%,834.6MiB / 10.7GiB
1790497576,payflow-payflow-1,149.02%,1.477GiB / 1.5GiB
1790497576,payflow-postgres-exporter-1,2.12%,13.26MiB / 128MiB
1790497576,payflow-mongo-1,88.30%,180MiB / 1GiB
1790497576,payflow-postgres-1,72.34%,343.3MiB / 1GiB
1790497576,payflow-kafka-1,13.66%,483.8MiB / 1.5GiB
1790497576,payflow-keycloak-1,0.29%,3.706GiB / 10.7GiB
1790497576,payflow-settlement-rail-1,0.13%,37.07MiB / 256MiB
1790497576,payflow-grafana-1,1.11%,187.2MiB / 512MiB
1790497576,payflow-prometheus-1,0.55%,86.47MiB / 1GiB
1790497576,payflow-tempo-1,1.18%,92.59MiB / 1GiB
1790497576,k3d-tiny-url-serverlb,0.00%,8.305MiB / 10.7GiB
1790497576,k3d-tiny-url-server-0,18.16%,930.1MiB / 10.7GiB
1790497583,silly_newton,40.86%,834.4MiB / 10.7GiB
1790497583,payflow-payflow-1,189.58%,1.474GiB / 1.5GiB
1790497583,payflow-postgres-exporter-1,0.00%,11.88MiB / 128MiB
1790497583,payflow-mongo-1,22.01%,174.8MiB / 1GiB
1790497583,payflow-postgres-1,131.86%,378.7MiB / 1GiB
1790497583,payflow-kafka-1,13.60%,474.3MiB / 1.5GiB
1790497583,payflow-keycloak-1,0.24%,3.68GiB / 10.7GiB
1790497583,payflow-settlement-rail-1,0.06%,36.38MiB / 256MiB
1790497583,payflow-grafana-1,0.97%,185.6MiB / 512MiB
1790497583,payflow-prometheus-1,0.23%,86.43MiB / 1GiB
1790497583,payflow-tempo-1,1.84%,99.64MiB / 1GiB
1790497583,k3d-tiny-url-serverlb,0.00%,8.207MiB / 10.7GiB
1790497583,k3d-tiny-url-server-0,8.75%,925.7MiB / 10.7GiB
1790497591,silly_newton,38.74%,833.3MiB / 10.7GiB
1790497591,payflow-payflow-1,204.73%,1.464GiB / 1.5GiB
1790497591,payflow-postgres-exporter-1,1.73%,11.64MiB / 128MiB
1790497591,payflow-mongo-1,23.56%,168.9MiB / 1GiB
1790497591,payflow-postgres-1,195.21%,397.8MiB / 1GiB
1790497591,payflow-kafka-1,16.13%,461.4MiB / 1.5GiB
1790497591,payflow-keycloak-1,0.24%,3.624GiB / 10.7GiB
1790497591,payflow-settlement-rail-1,0.40%,35.71MiB / 256MiB
1790497591,payflow-grafana-1,0.93%,182.6MiB / 512MiB
1790497591,payflow-prometheus-1,0.59%,85.56MiB / 1GiB
1790497591,payflow-tempo-1,1.83%,95.92MiB / 1GiB
1790497591,k3d-tiny-url-serverlb,0.00%,8.102MiB / 10.7GiB
1790497591,k3d-tiny-url-server-0,10.10%,916.3MiB / 10.7GiB
1790497599,silly_newton,33.38%,805.9MiB / 10.7GiB
1790497599,payflow-payflow-1,218.22%,1.46GiB / 1.5GiB
1790497599,payflow-postgres-exporter-1,0.00%,12.81MiB / 128MiB
1790497599,payflow-mongo-1,19.89%,174.5MiB / 1GiB
1790497599,payflow-postgres-1,150.04%,406.7MiB / 1GiB
1790497599,payflow-kafka-1,25.61%,463.3MiB / 1.5GiB
1790497599,payflow-keycloak-1,59.92%,1008MiB / 10.7GiB
1790497599,payflow-settlement-rail-1,0.56%,35.78MiB / 256MiB
1790497599,payflow-grafana-1,0.94%,182MiB / 512MiB
1790497599,payflow-prometheus-1,0.27%,85.11MiB / 1GiB
1790497599,payflow-tempo-1,1.94%,101.3MiB / 1GiB
1790497599,k3d-tiny-url-serverlb,0.00%,8.082MiB / 10.7GiB
1790497599,k3d-tiny-url-server-0,9.75%,915.7MiB / 10.7GiB
1790497606,silly_newton,154.77%,805.6MiB / 10.7GiB
1790497606,payflow-payflow-1,162.09%,1.459GiB / 1.5GiB
1790497606,payflow-postgres-exporter-1,0.00%,12.49MiB / 128MiB
1790497606,payflow-mongo-1,6.49%,180MiB / 1GiB
1790497606,payflow-postgres-1,46.60%,409.6MiB / 1GiB
1790497606,payflow-kafka-1,5.81%,465MiB / 1.5GiB
1790497606,payflow-keycloak-1,519.22%,1.119GiB / 10.7GiB
1790497606,payflow-settlement-rail-1,0.03%,35.85MiB / 256MiB
1790497606,payflow-grafana-1,1.28%,214.4MiB / 512MiB
1790497606,payflow-prometheus-1,0.33%,85.3MiB / 1GiB
1790497606,payflow-tempo-1,1.05%,104.7MiB / 1GiB
1790497606,k3d-tiny-url-serverlb,0.02%,8.082MiB / 10.7GiB
1790497606,k3d-tiny-url-server-0,53.69%,919.6MiB / 10.7GiB
1790497614,silly_newton,46.97%,809MiB / 10.7GiB
1790497614,payflow-payflow-1,160.75%,1.46GiB / 1.5GiB
1790497614,payflow-postgres-exporter-1,0.00%,12.82MiB / 128MiB
1790497614,payflow-mongo-1,0.63%,181.3MiB / 1GiB
1790497614,payflow-postgres-1,63.58%,409.7MiB / 1GiB
1790497614,payflow-kafka-1,104.70%,573.1MiB / 1.5GiB
1790497614,payflow-keycloak-1,376.33%,1.539GiB / 10.7GiB
1790497614,payflow-settlement-rail-1,0.02%,35.86MiB / 256MiB
1790497614,payflow-grafana-1,1.27%,214.8MiB / 512MiB
1790497614,payflow-prometheus-1,1.58%,85.33MiB / 1GiB
1790497614,payflow-tempo-1,3.20%,108.3MiB / 1GiB
1790497614,k3d-tiny-url-serverlb,0.00%,8.082MiB / 10.7GiB
1790497614,k3d-tiny-url-server-0,151.07%,923.2MiB / 10.7GiB
1790497622,silly_newton,34.33%,814.6MiB / 10.7GiB
1790497622,payflow-payflow-1,176.71%,1.46GiB / 1.5GiB
1790497622,payflow-postgres-exporter-1,0.00%,13.16MiB / 128MiB
1790497622,payflow-mongo-1,24.40%,181.4MiB / 1GiB
1790497622,payflow-postgres-1,107.84%,415.4MiB / 1GiB
1790497622,payflow-kafka-1,182.40%,556.6MiB / 1.5GiB
1790497622,payflow-keycloak-1,86.59%,1.896GiB / 10.7GiB
1790497622,payflow-settlement-rail-1,0.58%,35.86MiB / 256MiB
1790497622,payflow-grafana-1,0.94%,214.8MiB / 512MiB
1790497622,payflow-prometheus-1,0.79%,85.36MiB / 1GiB
1790497622,payflow-tempo-1,1.98%,101.5MiB / 1GiB
1790497622,k3d-tiny-url-serverlb,0.01%,8.082MiB / 10.7GiB
1790497622,k3d-tiny-url-server-0,6.53%,926.5MiB / 10.7GiB
1790497631,silly_newton,38.07%,814.9MiB / 10.7GiB
1790497631,payflow-payflow-1,192.86%,1.461GiB / 1.5GiB
1790497631,payflow-postgres-exporter-1,2.02%,13.2MiB / 128MiB
1790497631,payflow-mongo-1,104.43%,182.8MiB / 1GiB
1790497631,payflow-postgres-1,121.30%,420.1MiB / 1GiB
1790497631,payflow-kafka-1,156.64%,553MiB / 1.5GiB
1790497631,payflow-keycloak-1,36.31%,1.898GiB / 10.7GiB
1790497631,payflow-settlement-rail-1,1.21%,35.97MiB / 256MiB
1790497631,payflow-grafana-1,0.96%,214.8MiB / 512MiB
1790497631,payflow-prometheus-1,0.74%,85.39MiB / 1GiB
1790497631,payflow-tempo-1,16.12%,101.3MiB / 1GiB
1790497631,k3d-tiny-url-serverlb,0.00%,8.082MiB / 10.7GiB
1790497631,k3d-tiny-url-server-0,15.67%,926.7MiB / 10.7GiB
1790497638,silly_newton,43.60%,860.9MiB / 10.7GiB
1790497638,payflow-payflow-1,203.55%,1.46GiB / 1.5GiB
1790497638,payflow-postgres-exporter-1,0.00%,13.23MiB / 128MiB
1790497638,payflow-mongo-1,14.96%,182.3MiB / 1GiB
1790497638,payflow-postgres-1,109.49%,420.4MiB / 1GiB
1790497638,payflow-kafka-1,170.10%,553.3MiB / 1.5GiB
1790497638,payflow-keycloak-1,28.62%,2.125GiB / 10.7GiB
1790497638,payflow-settlement-rail-1,0.02%,35.95MiB / 256MiB
1790497638,payflow-grafana-1,1.28%,214.8MiB / 512MiB
1790497638,payflow-prometheus-1,1.51%,85.45MiB / 1GiB
1790497638,payflow-tempo-1,20.86%,106.9MiB / 1GiB
1790497638,k3d-tiny-url-serverlb,0.00%,8.082MiB / 10.7GiB
1790497638,k3d-tiny-url-server-0,15.98%,929.4MiB / 10.7GiB
1790497646,silly_newton,39.96%,861.9MiB / 10.7GiB
1790497646,payflow-payflow-1,90.41%,1.461GiB / 1.5GiB
1790497646,payflow-postgres-exporter-1,0.00%,13.41MiB / 128MiB
1790497646,payflow-mongo-1,11.12%,183.2MiB / 1GiB
1790497646,payflow-postgres-1,38.10%,425.4MiB / 1GiB
1790497646,payflow-kafka-1,195.79%,566.1MiB / 1.5GiB
1790497646,payflow-keycloak-1,82.03%,2.431GiB / 10.7GiB
1790497646,payflow-settlement-rail-1,3.47%,35.97MiB / 256MiB
1790497646,payflow-grafana-1,0.88%,214.9MiB / 512MiB
1790497646,payflow-prometheus-1,0.22%,85.51MiB / 1GiB
1790497646,payflow-tempo-1,0.85%,97.91MiB / 1GiB
1790497646,k3d-tiny-url-serverlb,0.00%,8.082MiB / 10.7GiB
1790497646,k3d-tiny-url-server-0,7.07%,931.8MiB / 10.7GiB
1790497654,silly_newton,39.53%,862.8MiB / 10.7GiB
1790497654,payflow-payflow-1,184.19%,1.46GiB / 1.5GiB
1790497654,payflow-postgres-exporter-1,0.00%,12.38MiB / 128MiB
1790497654,payflow-mongo-1,64.74%,330.1MiB / 1GiB
1790497654,payflow-postgres-1,71.04%,426.1MiB / 1GiB
1790497654,payflow-kafka-1,164.33%,558.1MiB / 1.5GiB
1790497654,payflow-keycloak-1,88.51%,2.836GiB / 10.7GiB
1790497654,payflow-settlement-rail-1,0.01%,35.98MiB / 256MiB
1790497654,payflow-grafana-1,0.85%,215MiB / 512MiB
1790497654,payflow-prometheus-1,1.07%,85.57MiB / 1GiB
1790497654,payflow-tempo-1,7.73%,105.3MiB / 1GiB
1790497654,k3d-tiny-url-serverlb,0.00%,8.082MiB / 10.7GiB
1790497654,k3d-tiny-url-server-0,8.65%,932MiB / 10.7GiB
1790497662,silly_newton,47.03%,868.6MiB / 10.7GiB
1790497662,payflow-payflow-1,116.52%,1.442GiB / 1.5GiB
1790497662,payflow-postgres-exporter-1,1.42%,12.75MiB / 128MiB
1790497662,payflow-mongo-1,1.07%,166.4MiB / 1GiB
1790497662,payflow-postgres-1,258.66%,381.1MiB / 1GiB
1790497662,payflow-kafka-1,261.16%,485.3MiB / 1.5GiB
1790497662,payflow-keycloak-1,593.78%,3.67GiB / 10.7GiB
1790497662,payflow-settlement-rail-1,0.03%,34.66MiB / 256MiB
1790497662,payflow-grafana-1,1.28%,200.5MiB / 512MiB
1790497662,payflow-prometheus-1,0.57%,83.12MiB / 1GiB
1790497662,payflow-tempo-1,8.35%,102.2MiB / 1GiB
1790497662,k3d-tiny-url-serverlb,0.02%,7.859MiB / 10.7GiB
1790497662,k3d-tiny-url-server-0,169.25%,916.7MiB / 10.7GiB
1790497679,silly_newton,125.41%,884.5MiB / 10.7GiB
1790497679,payflow-payflow-1,210.98%,1.445GiB / 1.5GiB
1790497679,payflow-postgres-exporter-1,0.00%,12.23MiB / 128MiB
1790497679,payflow-mongo-1,30.97%,177MiB / 1GiB
1790497679,payflow-postgres-1,90.50%,353.8MiB / 1GiB
1790497679,payflow-kafka-1,11.30%,448.3MiB / 1.5GiB
1790497679,payflow-keycloak-1,165.62%,3.656GiB / 10.7GiB
1790497679,payflow-settlement-rail-1,0.02%,34.11MiB / 256MiB
1790497679,payflow-grafana-1,0.96%,196.9MiB / 512MiB
1790497679,payflow-prometheus-1,0.64%,82.86MiB / 1GiB
1790497679,payflow-tempo-1,1.74%,102MiB / 1GiB
1790497679,k3d-tiny-url-serverlb,0.00%,7.75MiB / 10.7GiB
1790497679,k3d-tiny-url-server-0,11.69%,912.1MiB / 10.7GiB
1790497687,silly_newton,134.77%,885.6MiB / 10.7GiB
1790497687,payflow-payflow-1,148.02%,1.446GiB / 1.5GiB
1790497687,payflow-postgres-exporter-1,0.00%,12.09MiB / 128MiB
1790497687,payflow-mongo-1,61.15%,167.5MiB / 1GiB
1790497687,payflow-postgres-1,119.18%,331.8MiB / 1GiB
1790497687,payflow-kafka-1,26.77%,450.5MiB / 1.5GiB
1790497687,payflow-keycloak-1,548.82%,3.924GiB / 10.7GiB
1790497687,payflow-settlement-rail-1,0.05%,33.7MiB / 256MiB
1790497687,payflow-grafana-1,31.07%,188.6MiB / 512MiB
1790497687,payflow-prometheus-1,20.37%,81.47MiB / 1GiB
1790497687,payflow-tempo-1,10.73%,96.55MiB / 1GiB
1790497687,k3d-tiny-url-serverlb,0.07%,7.664MiB / 10.7GiB
1790497687,k3d-tiny-url-server-0,17.33%,909.3MiB / 10.7GiB
1790497695,silly_newton,16.20%,909.7MiB / 10.7GiB
1790497695,payflow-payflow-1,57.15%,1.444GiB / 1.5GiB
1790497695,payflow-postgres-exporter-1,0.00%,11.77MiB / 128MiB
1790497695,payflow-mongo-1,24.90%,152.8MiB / 1GiB
1790497695,payflow-postgres-1,16.11%,262.7MiB / 1GiB
1790497695,payflow-kafka-1,53.89%,501.3MiB / 1.5GiB
1790497695,payflow-keycloak-1,462.52%,4.218GiB / 10.7GiB
1790497695,payflow-settlement-rail-1,0.03%,30.36MiB / 256MiB
1790497695,payflow-grafana-1,2.62%,159.1MiB / 512MiB
1790497695,payflow-prometheus-1,0.99%,75.7MiB / 1GiB
1790497695,payflow-tempo-1,5.74%,101.1MiB / 1GiB
1790497695,k3d-tiny-url-serverlb,0.01%,7.129MiB / 10.7GiB
1790497695,k3d-tiny-url-server-0,17.78%,882.4MiB / 10.7GiB
1790497705,silly_newton,12.71%,906.3MiB / 10.7GiB
1790497705,payflow-payflow-1,37.02%,1.424GiB / 1.5GiB
1790497705,payflow-postgres-exporter-1,8.11%,10.95MiB / 128MiB
1790497705,payflow-mongo-1,34.78%,241.8MiB / 1GiB
1790497705,payflow-postgres-1,64.52%,267.4MiB / 1GiB
1790497705,payflow-kafka-1,27.05%,397MiB / 1.5GiB
1790497705,payflow-keycloak-1,0.30%,4.457GiB / 10.7GiB
1790497705,payflow-settlement-rail-1,0.02%,25.9MiB / 256MiB
1790497705,payflow-grafana-1,8.46%,162.5MiB / 512MiB
1790497705,payflow-prometheus-1,0.65%,76.2MiB / 1GiB
1790497705,payflow-tempo-1,0.60%,97.52MiB / 1GiB
1790497705,k3d-tiny-url-serverlb,0.00%,6.391MiB / 10.7GiB
1790497705,k3d-tiny-url-server-0,57.22%,859.4MiB / 10.7GiB
1790497716,silly_newton,1.93%,905.6MiB / 10.7GiB
1790497716,payflow-payflow-1,29.15%,1.42GiB / 1.5GiB
1790497716,payflow-postgres-exporter-1,1.53%,11.99MiB / 128MiB
1790497716,payflow-mongo-1,19.72%,268.9MiB / 1GiB
1790497716,payflow-postgres-1,23.53%,305.6MiB / 1GiB
1790497716,payflow-kafka-1,7.74%,381.3MiB / 1.5GiB
1790497716,payflow-keycloak-1,0.25%,4.337GiB / 10.7GiB
1790497716,payflow-settlement-rail-1,0.03%,24.43MiB / 256MiB
1790497716,payflow-grafana-1,1.43%,160.9MiB / 512MiB
1790497716,payflow-prometheus-1,3.51%,77.68MiB / 1GiB
1790497716,payflow-tempo-1,0.27%,97.35MiB / 1GiB
1790497716,k3d-tiny-url-serverlb,0.00%,6.129MiB / 10.7GiB
1790497716,k3d-tiny-url-server-0,45.47%,882.1MiB / 10.7GiB
1790497735,silly_newton,18.07%,894.9MiB / 10.7GiB
1790497735,payflow-payflow-1,120.67%,1.45GiB / 1.5GiB
1790497735,payflow-postgres-exporter-1,1.91%,12.27MiB / 128MiB
1790497735,payflow-mongo-1,31.17%,296.6MiB / 1GiB
1790497735,payflow-postgres-1,19.08%,284MiB / 1GiB
1790497735,payflow-kafka-1,86.20%,363.3MiB / 1.5GiB
1790497735,payflow-keycloak-1,137.55%,4.161GiB / 10.7GiB
1790497735,payflow-settlement-rail-1,9.61%,24.03MiB / 256MiB
1790497735,payflow-grafana-1,32.46%,194.5MiB / 512MiB
1790497735,payflow-prometheus-1,4.11%,74.25MiB / 1GiB
1790497735,payflow-tempo-1,4.45%,106MiB / 1GiB
1790497735,k3d-tiny-url-serverlb,0.00%,5.934MiB / 10.7GiB
1790497735,k3d-tiny-url-server-0,71.70%,872.6MiB / 10.7GiB
1790497745,silly_newton,45.42%,901.7MiB / 10.7GiB
1790497745,payflow-payflow-1,5.96%,1.452GiB / 1.5GiB
1790497745,payflow-postgres-exporter-1,3.05%,12.12MiB / 128MiB
1790497745,payflow-mongo-1,82.41%,173.3MiB / 1GiB
1790497745,payflow-postgres-1,53.33%,280MiB / 1GiB
1790497745,payflow-kafka-1,102.36%,431.9MiB / 1.5GiB
1790497745,payflow-keycloak-1,89.46%,4.123GiB / 10.7GiB
1790497745,payflow-settlement-rail-1,0.02%,24.31MiB / 256MiB
1790497745,payflow-grafana-1,0.95%,189.3MiB / 512MiB
1790497745,payflow-prometheus-1,14.25%,74.92MiB / 1GiB
1790497745,payflow-tempo-1,4.23%,87.64MiB / 1GiB
1790497745,k3d-tiny-url-serverlb,0.05%,5.922MiB / 10.7GiB
1790497745,k3d-tiny-url-server-0,54.90%,895.4MiB / 10.7GiB
1790497754,silly_newton,38.15%,918.4MiB / 10.7GiB
1790497754,payflow-payflow-1,193.93%,1.454GiB / 1.5GiB
1790497754,payflow-postgres-exporter-1,0.00%,11.95MiB / 128MiB
1790497754,payflow-mongo-1,15.99%,164.7MiB / 1GiB
1790497754,payflow-postgres-1,127.07%,274.7MiB / 1GiB
1790497754,payflow-kafka-1,158.29%,513.7MiB / 1.5GiB
1790497754,payflow-keycloak-1,0.22%,4.08GiB / 10.7GiB
1790497754,payflow-settlement-rail-1,0.01%,24.54MiB / 256MiB
1790497754,payflow-grafana-1,0.78%,180.3MiB / 512MiB
1790497754,payflow-prometheus-1,1.67%,75.64MiB / 1GiB
1790497754,payflow-tempo-1,11.04%,94.73MiB / 1GiB
1790497754,k3d-tiny-url-serverlb,0.00%,5.895MiB / 10.7GiB
1790497754,k3d-tiny-url-server-0,15.01%,899.9MiB / 10.7GiB
1790497765,silly_newton,19.98%,918.2MiB / 10.7GiB
1790497765,payflow-payflow-1,188.90%,1.453GiB / 1.5GiB
1790497765,payflow-postgres-exporter-1,1.83%,11.88MiB / 128MiB
1790497765,payflow-mongo-1,30.54%,173.3MiB / 1GiB
1790497765,payflow-postgres-1,103.13%,301.4MiB / 1GiB
1790497765,payflow-kafka-1,153.03%,516.5MiB / 1.5GiB
1790497765,payflow-keycloak-1,0.21%,4.001GiB / 10.7GiB
1790497765,payflow-settlement-rail-1,5.75%,24.81MiB / 256MiB
1790497765,payflow-grafana-1,0.91%,186.2MiB / 512MiB
1790497765,payflow-prometheus-1,0.62%,75.77MiB / 1GiB
1790497765,payflow-tempo-1,0.90%,94.05MiB / 1GiB
1790497765,k3d-tiny-url-serverlb,0.00%,5.891MiB / 10.7GiB
1790497765,k3d-tiny-url-server-0,8.39%,894.9MiB / 10.7GiB
1790497773,silly_newton,11.04%,922MiB / 10.7GiB
1790497773,payflow-payflow-1,196.82%,1.447GiB / 1.5GiB
1790497773,payflow-postgres-exporter-1,5.26%,12.1MiB / 128MiB
1790497773,payflow-mongo-1,40.26%,172.5MiB / 1GiB
1790497773,payflow-postgres-1,101.51%,277.4MiB / 1GiB
1790497773,payflow-kafka-1,41.73%,397.3MiB / 1.5GiB
1790497773,payflow-keycloak-1,0.56%,3.911GiB / 10.7GiB
1790497773,payflow-settlement-rail-1,3.64%,25.49MiB / 256MiB
1790497773,payflow-grafana-1,1.07%,179MiB / 512MiB
1790497773,payflow-prometheus-1,0.23%,79.86MiB / 1GiB
1790497773,payflow-tempo-1,0.99%,101MiB / 1GiB
1790497773,k3d-tiny-url-serverlb,0.00%,5.934MiB / 10.7GiB
1790497773,k3d-tiny-url-server-0,17.51%,904.6MiB / 10.7GiB
1790497789,payflow-payflow-1,177.36%,1.445GiB / 1.5GiB
1790497789,payflow-postgres-exporter-1,0.00%,12.36MiB / 128MiB
1790497789,payflow-mongo-1,50.80%,185.5MiB / 1GiB
1790497789,payflow-postgres-1,82.73%,280.9MiB / 1GiB
1790497789,payflow-kafka-1,45.70%,414.9MiB / 1.5GiB
1790497789,payflow-keycloak-1,0.26%,3.911GiB / 10.7GiB
1790497789,payflow-settlement-rail-1,2.85%,26.11MiB / 256MiB
1790497789,payflow-grafana-1,1.50%,180.7MiB / 512MiB
1790497789,payflow-prometheus-1,0.86%,80.28MiB / 1GiB
1790497789,payflow-tempo-1,1.65%,99.97MiB / 1GiB
1790497789,k3d-tiny-url-serverlb,0.08%,5.977MiB / 10.7GiB
1790497789,k3d-tiny-url-server-0,13.05%,908.1MiB / 10.7GiB
1790497796,payflow-payflow-1,163.57%,1.445GiB / 1.5GiB
1790497796,payflow-postgres-exporter-1,2.53%,11.82MiB / 128MiB
1790497796,payflow-mongo-1,45.27%,188.3MiB / 1GiB
1790497796,payflow-postgres-1,81.12%,283.9MiB / 1GiB
1790497796,payflow-kafka-1,49.33%,423.8MiB / 1.5GiB
1790497796,payflow-keycloak-1,0.25%,3.911GiB / 10.7GiB
1790497796,payflow-settlement-rail-1,0.02%,26.32MiB / 256MiB
1790497796,payflow-grafana-1,1.01%,182.3MiB / 512MiB
1790497796,payflow-prometheus-1,0.29%,80.5MiB / 1GiB
1790497796,payflow-tempo-1,1.23%,100.2MiB / 1GiB
1790497796,k3d-tiny-url-serverlb,0.01%,5.977MiB / 10.7GiB
1790497796,k3d-tiny-url-server-0,14.91%,915.7MiB / 10.7GiB
1790497804,payflow-payflow-1,150.17%,1.446GiB / 1.5GiB
1790497804,payflow-postgres-exporter-1,0.00%,11.34MiB / 128MiB
1790497804,payflow-mongo-1,72.58%,345.9MiB / 1GiB
1790497804,payflow-postgres-1,63.21%,322.3MiB / 1GiB
1790497804,payflow-kafka-1,33.16%,433.7MiB / 1.5GiB
1790497804,payflow-keycloak-1,0.27%,3.911GiB / 10.7GiB
1790497804,payflow-settlement-rail-1,3.92%,26.38MiB / 256MiB
1790497804,payflow-grafana-1,1.10%,182.8MiB / 512MiB
1790497804,payflow-prometheus-1,0.26%,80.54MiB / 1GiB
1790497804,payflow-tempo-1,0.35%,95.07MiB / 1GiB
1790497804,k3d-tiny-url-serverlb,0.00%,5.977MiB / 10.7GiB
1790497804,k3d-tiny-url-server-0,21.32%,921.5MiB / 10.7GiB
1790497811,payflow-payflow-1,178.15%,1.446GiB / 1.5GiB
1790497811,payflow-postgres-exporter-1,1.48%,12.33MiB / 128MiB
1790497811,payflow-mongo-1,49.30%,198.4MiB / 1GiB
1790497811,payflow-postgres-1,93.91%,325.5MiB / 1GiB
1790497811,payflow-kafka-1,104.22%,435.1MiB / 1.5GiB
1790497811,payflow-keycloak-1,0.29%,3.912GiB / 10.7GiB
1790497811,payflow-settlement-rail-1,4.34%,27.11MiB / 256MiB
1790497811,payflow-grafana-1,4.57%,182.8MiB / 512MiB
1790497811,payflow-prometheus-1,0.74%,81.6MiB / 1GiB
1790497811,payflow-tempo-1,0.34%,91.82MiB / 1GiB
1790497811,k3d-tiny-url-serverlb,0.00%,5.98MiB / 10.7GiB
1790497811,k3d-tiny-url-server-0,20.68%,924.6MiB / 10.7GiB
1790497818,payflow-payflow-1,102.33%,1.446GiB / 1.5GiB
1790497818,payflow-postgres-exporter-1,0.00%,12.96MiB / 128MiB
1790497818,payflow-mongo-1,44.72%,198.9MiB / 1GiB
1790497818,payflow-postgres-1,66.09%,325.2MiB / 1GiB
1790497818,payflow-kafka-1,24.77%,443.9MiB / 1.5GiB
1790497818,payflow-keycloak-1,0.26%,3.912GiB / 10.7GiB
1790497818,payflow-settlement-rail-1,2.09%,27.71MiB / 256MiB
1790497818,payflow-grafana-1,0.99%,182.9MiB / 512MiB
1790497818,payflow-prometheus-1,0.25%,81.63MiB / 1GiB
1790497818,payflow-tempo-1,4.06%,97.04MiB / 1GiB
1790497818,k3d-tiny-url-serverlb,0.00%,6.008MiB / 10.7GiB
1790497818,k3d-tiny-url-server-0,14.48%,941.4MiB / 10.7GiB
1790497828,payflow-payflow-1,59.34%,1.446GiB / 1.5GiB
1790497828,payflow-postgres-exporter-1,0.00%,12.06MiB / 128MiB
1790497828,--,--,-- / --
1790497828,payflow-postgres-1,35.72%,334.6MiB / 1GiB
1790497828,payflow-kafka-1,181.73%,551.3MiB / 1.5GiB
1790497828,payflow-keycloak-1,0.46%,3.912GiB / 10.7GiB
1790497828,payflow-settlement-rail-1,37.93%,27.72MiB / 256MiB
1790497828,payflow-grafana-1,83.28%,183.4MiB / 512MiB
1790497828,payflow-prometheus-1,2.05%,81.75MiB / 1GiB
1790497828,payflow-tempo-1,15.25%,93.82MiB / 1GiB
1790497828,k3d-tiny-url-serverlb,0.00%,6.012MiB / 10.7GiB
1790497828,k3d-tiny-url-server-0,289.71%,947MiB / 10.7GiB
1790497838,payflow-payflow-1,136.79%,1.446GiB / 1.5GiB
1790497838,payflow-postgres-exporter-1,0.00%,11.89MiB / 128MiB
1790497838,payflow-mongo-1,102.39%,353.3MiB / 1GiB
1790497838,payflow-postgres-1,65.05%,366.1MiB / 1GiB
1790497838,payflow-kafka-1,169.62%,510.3MiB / 1.5GiB
1790497838,payflow-keycloak-1,5.05%,3.912GiB / 10.7GiB
1790497838,payflow-settlement-rail-1,4.55%,30MiB / 256MiB
1790497838,payflow-grafana-1,1.35%,184.5MiB / 512MiB
1790497838,payflow-prometheus-1,1.38%,85.35MiB / 1GiB
1790497838,payflow-tempo-1,2.80%,96.74MiB / 1GiB
1790497838,k3d-tiny-url-serverlb,0.01%,6.012MiB / 10.7GiB
1790497838,k3d-tiny-url-server-0,6.20%,952MiB / 10.7GiB
1790497845,payflow-payflow-1,138.52%,1.447GiB / 1.5GiB
1790497845,payflow-postgres-exporter-1,1.67%,12.16MiB / 128MiB
1790497845,payflow-mongo-1,35.36%,202MiB / 1GiB
1790497845,payflow-postgres-1,73.98%,369.2MiB / 1GiB
1790497845,payflow-kafka-1,195.57%,527MiB / 1.5GiB
1790497845,payflow-keycloak-1,0.23%,3.912GiB / 10.7GiB
1790497845,payflow-settlement-rail-1,3.50%,28.83MiB / 256MiB
1790497845,payflow-grafana-1,1.14%,184.5MiB / 512MiB
1790497845,payflow-prometheus-1,1.13%,85.37MiB / 1GiB
1790497845,payflow-tempo-1,3.28%,99.3MiB / 1GiB
1790497845,k3d-tiny-url-serverlb,0.00%,6.012MiB / 10.7GiB
1790497845,k3d-tiny-url-server-0,8.00%,953.1MiB / 10.7GiB
1790497853,payflow-payflow-1,148.66%,1.447GiB / 1.5GiB
1790497853,payflow-postgres-exporter-1,0.00%,11.88MiB / 128MiB
1790497853,payflow-mongo-1,36.81%,202.4MiB / 1GiB
1790497853,payflow-postgres-1,57.28%,371MiB / 1GiB
1790497853,payflow-kafka-1,196.48%,564MiB / 1.5GiB
1790497853,payflow-keycloak-1,0.23%,3.913GiB / 10.7GiB
1790497853,payflow-settlement-rail-1,1.88%,29.03MiB / 256MiB
1790497853,payflow-grafana-1,0.91%,194.9MiB / 512MiB
1790497853,payflow-prometheus-1,0.94%,85.5MiB / 1GiB
1790497853,payflow-tempo-1,0.88%,100.4MiB / 1GiB
1790497853,k3d-tiny-url-serverlb,0.03%,6.066MiB / 10.7GiB
1790497853,k3d-tiny-url-server-0,7.31%,957.9MiB / 10.7GiB
1790497860,payflow-payflow-1,124.01%,1.447GiB / 1.5GiB
1790497860,payflow-postgres-exporter-1,0.00%,12.03MiB / 128MiB
1790497860,payflow-mongo-1,35.09%,205.7MiB / 1GiB
1790497860,payflow-postgres-1,68.61%,374.4MiB / 1GiB
1790497860,payflow-kafka-1,174.08%,566.1MiB / 1.5GiB
1790497860,payflow-keycloak-1,0.24%,3.913GiB / 10.7GiB
1790497860,payflow-settlement-rail-1,1.39%,29.19MiB / 256MiB
1790497860,payflow-grafana-1,0.91%,197.7MiB / 512MiB
1790497860,payflow-prometheus-1,0.96%,85.73MiB / 1GiB
1790497860,payflow-tempo-1,1.06%,100.6MiB / 1GiB
1790497860,k3d-tiny-url-serverlb,0.00%,6.074MiB / 10.7GiB
1790497860,k3d-tiny-url-server-0,9.70%,970.5MiB / 10.7GiB
1790497868,payflow-payflow-1,111.89%,1.447GiB / 1.5GiB
1790497868,payflow-postgres-exporter-1,0.00%,12.17MiB / 128MiB
1790497868,payflow-mongo-1,100.92%,206.2MiB / 1GiB
1790497868,payflow-postgres-1,49.88%,377.5MiB / 1GiB
1790497868,payflow-kafka-1,170.39%,565.6MiB / 1.5GiB
1790497868,payflow-keycloak-1,0.20%,3.912GiB / 10.7GiB
1790497868,payflow-settlement-rail-1,1.30%,29.38MiB / 256MiB
1790497868,payflow-grafana-1,1.05%,197.7MiB / 512MiB
1790497868,payflow-prometheus-1,1.00%,85.77MiB / 1GiB
1790497868,payflow-tempo-1,1.04%,100.7MiB / 1GiB
1790497868,k3d-tiny-url-serverlb,0.03%,6.074MiB / 10.7GiB
1790497868,k3d-tiny-url-server-0,7.17%,971.6MiB / 10.7GiB
1790497875,payflow-payflow-1,62.24%,1.447GiB / 1.5GiB
1790497875,payflow-postgres-exporter-1,1.48%,11.98MiB / 128MiB
1790497875,payflow-mongo-1,42.07%,209MiB / 1GiB
1790497875,payflow-postgres-1,24.27%,380.5MiB / 1GiB
1790497875,payflow-kafka-1,92.78%,570.4MiB / 1.5GiB
1790497875,payflow-keycloak-1,0.26%,3.912GiB / 10.7GiB
1790497875,payflow-settlement-rail-1,0.17%,29.5MiB / 256MiB
1790497875,payflow-grafana-1,0.97%,197.8MiB / 512MiB
1790497875,payflow-prometheus-1,0.51%,85.78MiB / 1GiB
1790497875,payflow-tempo-1,1.06%,100.8MiB / 1GiB
1790497875,k3d-tiny-url-serverlb,0.00%,6.074MiB / 10.7GiB
1790497875,k3d-tiny-url-server-0,39.09%,972.3MiB / 10.7GiB
1790497883,payflow-payflow-1,117.58%,1.447GiB / 1.5GiB
1790497883,payflow-postgres-exporter-1,0.00%,12.7MiB / 128MiB
1790497883,payflow-mongo-1,42.12%,209.1MiB / 1GiB
1790497883,payflow-postgres-1,74.73%,432MiB / 1GiB
1790497883,payflow-kafka-1,193.31%,571.5MiB / 1.5GiB
1790497883,payflow-keycloak-1,0.22%,3.912GiB / 10.7GiB
1790497883,payflow-settlement-rail-1,1.98%,29.68MiB / 256MiB
1790497883,payflow-grafana-1,1.20%,198.3MiB / 512MiB
1790497883,payflow-prometheus-1,1.08%,85.82MiB / 1GiB
1790497883,payflow-tempo-1,0.97%,96.92MiB / 1GiB
1790497883,k3d-tiny-url-serverlb,0.00%,6.109MiB / 10.7GiB
1790497883,k3d-tiny-url-server-0,18.45%,962.6MiB / 10.7GiB
1790497890,payflow-payflow-1,120.67%,1.446GiB / 1.5GiB
1790497890,payflow-postgres-exporter-1,1.70%,12.39MiB / 128MiB
1790497890,payflow-mongo-1,40.91%,211.1MiB / 1GiB
1790497890,payflow-postgres-1,71.94%,508.9MiB / 1GiB
1790497890,payflow-kafka-1,150.36%,571.9MiB / 1.5GiB
1790497890,payflow-keycloak-1,0.21%,3.878GiB / 10.7GiB
1790497890,payflow-settlement-rail-1,2.30%,29.74MiB / 256MiB
1790497890,payflow-grafana-1,0.80%,199.9MiB / 512MiB
1790497890,payflow-prometheus-1,0.72%,85.95MiB / 1GiB
1790497890,payflow-tempo-1,1.16%,95.69MiB / 1GiB
1790497890,k3d-tiny-url-serverlb,0.00%,6.102MiB / 10.7GiB
1790497890,k3d-tiny-url-server-0,13.23%,961.9MiB / 10.7GiB
1790497898,payflow-payflow-1,79.28%,1.446GiB / 1.5GiB
1790497898,payflow-postgres-exporter-1,0.00%,11.94MiB / 128MiB
1790497898,payflow-mongo-1,83.41%,214.3MiB / 1GiB
1790497898,payflow-postgres-1,33.81%,532MiB / 1GiB
1790497898,payflow-kafka-1,164.01%,534MiB / 1.5GiB
1790497898,payflow-keycloak-1,0.25%,3.855GiB / 10.7GiB
1790497898,payflow-settlement-rail-1,0.78%,29.91MiB / 256MiB
1790497898,payflow-grafana-1,1.29%,199.8MiB / 512MiB
1790497898,payflow-prometheus-1,2.89%,86.14MiB / 1GiB
1790497898,payflow-tempo-1,0.24%,98.36MiB / 1GiB
1790497898,k3d-tiny-url-serverlb,0.01%,6.102MiB / 10.7GiB
1790497898,k3d-tiny-url-server-0,7.14%,964.9MiB / 10.7GiB
1790497905,payflow-payflow-1,121.28%,1.446GiB / 1.5GiB
1790497905,payflow-postgres-exporter-1,0.00%,12.13MiB / 128MiB
1790497905,payflow-mongo-1,0.52%,216MiB / 1GiB
1790497905,payflow-postgres-1,140.49%,585.7MiB / 1GiB
1790497905,payflow-kafka-1,149.94%,529.4MiB / 1.5GiB
1790497905,payflow-keycloak-1,0.23%,3.855GiB / 10.7GiB
1790497905,payflow-settlement-rail-1,2.16%,30.04MiB / 256MiB
1790497905,payflow-grafana-1,1.05%,199.8MiB / 512MiB
1790497905,payflow-prometheus-1,0.82%,86.15MiB / 1GiB
1790497905,payflow-tempo-1,0.89%,95.83MiB / 1GiB
1790497905,k3d-tiny-url-serverlb,0.02%,6.102MiB / 10.7GiB
1790497905,k3d-tiny-url-server-0,18.60%,965.5MiB / 10.7GiB
1790497912,payflow-payflow-1,119.43%,1.446GiB / 1.5GiB
1790497912,payflow-postgres-exporter-1,0.00%,12.93MiB / 128MiB
1790497912,payflow-mongo-1,0.69%,216.2MiB / 1GiB
1790497912,payflow-postgres-1,84.30%,595.8MiB / 1GiB
1790497912,payflow-kafka-1,192.83%,555.5MiB / 1.5GiB
1790497912,payflow-keycloak-1,0.20%,3.856GiB / 10.7GiB
1790497912,payflow-settlement-rail-1,0.09%,30.17MiB / 256MiB
1790497912,payflow-grafana-1,1.63%,199.8MiB / 512MiB
1790497912,payflow-prometheus-1,0.58%,86.15MiB / 1GiB
1790497912,payflow-tempo-1,0.85%,96.05MiB / 1GiB
1790497912,k3d-tiny-url-serverlb,0.01%,6.102MiB / 10.7GiB
1790497912,k3d-tiny-url-server-0,9.21%,965.7MiB / 10.7GiB
1790497920,payflow-payflow-1,12.20%,1.446GiB / 1.5GiB
1790497920,payflow-postgres-exporter-1,0.00%,12.86MiB / 128MiB
1790497920,payflow-mongo-1,30.98%,311.4MiB / 1GiB
1790497920,payflow-postgres-1,8.36%,594.5MiB / 1GiB
1790497920,payflow-kafka-1,187.64%,586.6MiB / 1.5GiB
1790497920,payflow-keycloak-1,53.59%,3.857GiB / 10.7GiB
1790497920,payflow-settlement-rail-1,0.08%,30.23MiB / 256MiB
1790497920,payflow-grafana-1,0.85%,199.8MiB / 512MiB
1790497920,payflow-prometheus-1,0.89%,86.16MiB / 1GiB
1790497920,payflow-tempo-1,0.30%,96.96MiB / 1GiB
1790497920,k3d-tiny-url-serverlb,0.00%,6.102MiB / 10.7GiB
1790497920,k3d-tiny-url-server-0,18.71%,965.5MiB / 10.7GiB
1790497927,payflow-payflow-1,108.64%,1.446GiB / 1.5GiB
1790497927,payflow-postgres-exporter-1,0.00%,12.88MiB / 128MiB
1790497927,payflow-mongo-1,47.18%,375.9MiB / 1GiB
1790497927,payflow-postgres-1,71.99%,597.1MiB / 1GiB
1790497927,payflow-kafka-1,153.31%,540.6MiB / 1.5GiB
1790497927,payflow-keycloak-1,0.24%,3.857GiB / 10.7GiB
1790497927,payflow-settlement-rail-1,1.44%,30.28MiB / 256MiB
1790497927,payflow-grafana-1,0.81%,199.8MiB / 512MiB
1790497927,payflow-prometheus-1,0.17%,86.19MiB / 1GiB
1790497927,payflow-tempo-1,1.25%,96.96MiB / 1GiB
1790497927,k3d-tiny-url-serverlb,0.00%,6.109MiB / 10.7GiB
1790497927,k3d-tiny-url-server-0,14.05%,965.7MiB / 10.7GiB
1790497934,payflow-payflow-1,109.56%,1.446GiB / 1.5GiB
1790497934,payflow-postgres-exporter-1,0.00%,12.73MiB / 128MiB
1790497934,payflow-mongo-1,0.38%,214.5MiB / 1GiB
1790497934,payflow-postgres-1,73.91%,598.9MiB / 1GiB
1790497934,payflow-kafka-1,188.83%,557.1MiB / 1.5GiB
1790497934,payflow-keycloak-1,0.27%,3.857GiB / 10.7GiB
1790497934,payflow-settlement-rail-1,1.72%,30.41MiB / 256MiB
1790497934,payflow-grafana-1,0.83%,199.8MiB / 512MiB
1790497934,payflow-prometheus-1,0.77%,86.19MiB / 1GiB
1790497934,payflow-tempo-1,0.90%,96.38MiB / 1GiB
1790497934,k3d-tiny-url-serverlb,0.00%,6.109MiB / 10.7GiB
1790497934,k3d-tiny-url-server-0,14.42%,966.3MiB / 10.7GiB
1790497942,payflow-payflow-1,118.60%,1.446GiB / 1.5GiB
1790497942,payflow-postgres-exporter-1,0.00%,12.99MiB / 128MiB
1790497942,payflow-mongo-1,0.87%,214.6MiB / 1GiB
1790497942,payflow-postgres-1,89.14%,613.8MiB / 1GiB
1790497942,payflow-kafka-1,197.72%,574.5MiB / 1.5GiB
1790497942,payflow-keycloak-1,0.19%,3.857GiB / 10.7GiB
1790497942,payflow-settlement-rail-1,4.01%,30.64MiB / 256MiB
1790497942,payflow-grafana-1,1.28%,199.8MiB / 512MiB
1790497942,payflow-prometheus-1,0.15%,86.2MiB / 1GiB
1790497942,payflow-tempo-1,3.54%,97.68MiB / 1GiB
1790497942,k3d-tiny-url-serverlb,0.00%,6.109MiB / 10.7GiB
1790497942,k3d-tiny-url-server-0,7.41%,966.4MiB / 10.7GiB
1790497949,payflow-payflow-1,116.68%,1.447GiB / 1.5GiB
1790497949,payflow-postgres-exporter-1,0.00%,12.27MiB / 128MiB
1790497949,payflow-mongo-1,17.47%,324.9MiB / 1GiB
1790497949,payflow-postgres-1,64.31%,565.1MiB / 1GiB
1790497949,payflow-kafka-1,166.63%,591.1MiB / 1.5GiB
1790497949,payflow-keycloak-1,0.23%,3.845GiB / 10.7GiB
1790497949,payflow-settlement-rail-1,3.82%,31.15MiB / 256MiB
1790497949,payflow-grafana-1,0.86%,199.9MiB / 512MiB
1790497949,payflow-prometheus-1,0.14%,86.19MiB / 1GiB
1790497949,payflow-tempo-1,0.78%,98.42MiB / 1GiB
1790497949,k3d-tiny-url-serverlb,0.00%,6.113MiB / 10.7GiB
1790497949,k3d-tiny-url-server-0,8.61%,965.5MiB / 10.7GiB
1790497956,payflow-payflow-1,105.61%,1.447GiB / 1.5GiB
1790497956,payflow-postgres-exporter-1,0.00%,12.85MiB / 128MiB
1790497956,payflow-mongo-1,0.45%,213.9MiB / 1GiB
1790497956,payflow-postgres-1,78.36%,579.1MiB / 1GiB
1790497956,payflow-kafka-1,82.87%,485.3MiB / 1.5GiB
1790497956,payflow-keycloak-1,0.27%,3.843GiB / 10.7GiB
1790497956,payflow-settlement-rail-1,5.68%,31.19MiB / 256MiB
1790497956,payflow-grafana-1,1.12%,199.9MiB / 512MiB
1790497956,payflow-prometheus-1,2.81%,86.68MiB / 1GiB
1790497956,payflow-tempo-1,0.92%,98.56MiB / 1GiB
1790497956,k3d-tiny-url-serverlb,0.00%,6.113MiB / 10.7GiB
1790497956,k3d-tiny-url-server-0,12.43%,966.7MiB / 10.7GiB
1790497964,payflow-payflow-1,153.53%,1.447GiB / 1.5GiB
1790497964,payflow-postgres-exporter-1,0.00%,13.99MiB / 128MiB
1790497964,payflow-mongo-1,0.71%,214.3MiB / 1GiB
1790497964,payflow-postgres-1,102.13%,584.2MiB / 1GiB
1790497964,payflow-kafka-1,45.06%,486.2MiB / 1.5GiB
1790497964,payflow-keycloak-1,0.28%,3.843GiB / 10.7GiB
1790497964,payflow-settlement-rail-1,4.75%,31.46MiB / 256MiB
1790497964,payflow-grafana-1,1.37%,199.9MiB / 512MiB
1790497964,payflow-prometheus-1,0.41%,87.41MiB / 1GiB
1790497964,payflow-tempo-1,0.36%,98.7MiB / 1GiB
1790497964,k3d-tiny-url-serverlb,0.00%,6.137MiB / 10.7GiB
1790497964,k3d-tiny-url-server-0,5.87%,966.4MiB / 10.7GiB
1790497971,payflow-payflow-1,123.83%,1.447GiB / 1.5GiB
1790497971,payflow-postgres-exporter-1,2.77%,12.85MiB / 128MiB
1790497971,payflow-mongo-1,0.96%,214.4MiB / 1GiB
1790497971,payflow-postgres-1,96.87%,588.4MiB / 1GiB
1790497971,payflow-kafka-1,30.91%,486.8MiB / 1.5GiB
1790497971,payflow-keycloak-1,0.41%,3.843GiB / 10.7GiB
1790497971,payflow-settlement-rail-1,4.89%,31.63MiB / 256MiB
1790497971,payflow-grafana-1,2.22%,200MiB / 512MiB
1790497971,payflow-prometheus-1,0.74%,89.01MiB / 1GiB
1790497971,payflow-tempo-1,0.84%,98.73MiB / 1GiB
1790497971,k3d-tiny-url-serverlb,0.00%,6.137MiB / 10.7GiB
1790497971,k3d-tiny-url-server-0,14.47%,967.5MiB / 10.7GiB
1790497978,payflow-payflow-1,78.90%,1.447GiB / 1.5GiB
1790497978,payflow-postgres-exporter-1,0.00%,12.14MiB / 128MiB
1790497978,payflow-mongo-1,35.88%,214.2MiB / 1GiB
1790497978,payflow-postgres-1,52.20%,589.5MiB / 1GiB
1790497978,payflow-kafka-1,17.34%,488.2MiB / 1.5GiB
1790497978,payflow-keycloak-1,0.29%,3.837GiB / 10.7GiB
1790497978,payflow-settlement-rail-1,1.49%,31.81MiB / 256MiB
1790497978,payflow-grafana-1,1.52%,199.8MiB / 512MiB
1790497978,payflow-prometheus-1,0.89%,89.08MiB / 1GiB
1790497978,payflow-tempo-1,5.16%,96.43MiB / 1GiB
1790497978,k3d-tiny-url-serverlb,0.00%,6.137MiB / 10.7GiB
1790497978,k3d-tiny-url-server-0,9.71%,967.6MiB / 10.7GiB
1790497986,payflow-payflow-1,128.85%,1.447GiB / 1.5GiB
1790497986,payflow-postgres-exporter-1,6.19%,13.05MiB / 128MiB
1790497986,payflow-mongo-1,0.88%,213.1MiB / 1GiB
1790497986,payflow-postgres-1,96.92%,597.6MiB / 1GiB
1790497986,payflow-kafka-1,37.14%,486.3MiB / 1.5GiB
1790497986,payflow-keycloak-1,0.22%,3.808GiB / 10.7GiB
1790497986,payflow-settlement-rail-1,0.02%,31.75MiB / 256MiB
1790497986,payflow-grafana-1,1.30%,199.1MiB / 512MiB
1790497986,payflow-prometheus-1,0.62%,89.66MiB / 1GiB
1790497986,payflow-tempo-1,1.16%,97.7MiB / 1GiB
1790497986,k3d-tiny-url-serverlb,0.01%,6.133MiB / 10.7GiB
1790497986,k3d-tiny-url-server-0,11.58%,966.2MiB / 10.7GiB
1790497993,payflow-payflow-1,146.35%,1.447GiB / 1.5GiB
1790497993,payflow-postgres-exporter-1,0.00%,14.02MiB / 128MiB
1790497993,payflow-mongo-1,0.54%,213.8MiB / 1GiB
1790497993,payflow-postgres-1,95.74%,600.1MiB / 1GiB
1790497993,payflow-kafka-1,34.83%,490.5MiB / 1.5GiB
1790497993,payflow-keycloak-1,0.27%,3.808GiB / 10.7GiB
1790497993,payflow-settlement-rail-1,0.02%,31.76MiB / 256MiB
1790497993,payflow-grafana-1,1.24%,199MiB / 512MiB
1790497993,payflow-prometheus-1,0.91%,89.76MiB / 1GiB
1790497993,payflow-tempo-1,0.36%,97.14MiB / 1GiB
1790497993,k3d-tiny-url-serverlb,0.00%,6.133MiB / 10.7GiB
1790497993,k3d-tiny-url-server-0,7.99%,965.9MiB / 10.7GiB
1790498000,payflow-payflow-1,132.66%,1.447GiB / 1.5GiB
1790498000,payflow-postgres-exporter-1,3.36%,12.9MiB / 128MiB
1790498000,payflow-mongo-1,29.31%,360.3MiB / 1GiB
1790498000,payflow-postgres-1,85.26%,599.6MiB / 1GiB
1790498000,payflow-kafka-1,34.35%,495.3MiB / 1.5GiB
1790498000,payflow-keycloak-1,0.24%,3.808GiB / 10.7GiB
1790498000,payflow-settlement-rail-1,0.02%,31.76MiB / 256MiB
1790498000,payflow-grafana-1,1.06%,199MiB / 512MiB
1790498000,payflow-prometheus-1,0.73%,89.78MiB / 1GiB
1790498000,payflow-tempo-1,2.00%,100.3MiB / 1GiB
1790498000,k3d-tiny-url-serverlb,0.00%,6.133MiB / 10.7GiB
1790498000,k3d-tiny-url-server-0,12.23%,967.1MiB / 10.7GiB
1790498008,payflow-payflow-1,105.54%,1.447GiB / 1.5GiB
1790498008,payflow-postgres-exporter-1,0.00%,12.85MiB / 128MiB
1790498008,payflow-mongo-1,0.51%,214.1MiB / 1GiB
1790498008,payflow-postgres-1,88.62%,612MiB / 1GiB
1790498008,payflow-kafka-1,33.88%,497.7MiB / 1.5GiB
1790498008,payflow-keycloak-1,0.38%,3.808GiB / 10.7GiB
1790498008,payflow-settlement-rail-1,0.01%,31.8MiB / 256MiB
1790498008,payflow-grafana-1,1.34%,200.6MiB / 512MiB
1790498008,payflow-prometheus-1,1.19%,90.31MiB / 1GiB
1790498008,payflow-tempo-1,1.21%,101MiB / 1GiB
1790498008,k3d-tiny-url-serverlb,0.00%,6.133MiB / 10.7GiB
1790498008,k3d-tiny-url-server-0,12.10%,968.9MiB / 10.7GiB
1790498015,payflow-payflow-1,33.77%,1.447GiB / 1.5GiB
1790498015,payflow-postgres-exporter-1,0.00%,12.86MiB / 128MiB
1790498015,payflow-mongo-1,0.85%,212.2MiB / 1GiB
1790498015,payflow-postgres-1,25.12%,612.9MiB / 1GiB
1790498015,payflow-kafka-1,8.75%,498.4MiB / 1.5GiB
1790498015,payflow-keycloak-1,0.29%,3.808GiB / 10.7GiB
1790498015,payflow-settlement-rail-1,0.05%,31.82MiB / 256MiB
1790498015,payflow-grafana-1,1.60%,200.5MiB / 512MiB
1790498015,payflow-prometheus-1,0.78%,90.42MiB / 1GiB
1790498015,payflow-tempo-1,0.56%,102MiB / 1GiB
1790498015,k3d-tiny-url-serverlb,0.01%,6.133MiB / 10.7GiB
1790498015,k3d-tiny-url-server-0,13.88%,970MiB / 10.7GiB
1790498023,payflow-payflow-1,65.87%,1.447GiB / 1.5GiB
1790498023,payflow-postgres-exporter-1,0.00%,13.36MiB / 128MiB
1790498023,payflow-mongo-1,13.61%,342.6MiB / 1GiB
1790498023,payflow-postgres-1,57.44%,611.3MiB / 1GiB
1790498023,payflow-kafka-1,34.48%,499.1MiB / 1.5GiB
1790498023,payflow-keycloak-1,0.27%,3.808GiB / 10.7GiB
1790498023,payflow-settlement-rail-1,2.41%,31.98MiB / 256MiB
1790498023,payflow-grafana-1,1.31%,200.2MiB / 512MiB
1790498023,payflow-prometheus-1,0.71%,90.43MiB / 1GiB
1790498023,payflow-tempo-1,1.57%,102MiB / 1GiB
1790498023,k3d-tiny-url-serverlb,0.02%,6.133MiB / 10.7GiB
1790498023,k3d-tiny-url-server-0,10.05%,969.8MiB / 10.7GiB
1790498030,payflow-payflow-1,136.34%,1.447GiB / 1.5GiB
1790498030,payflow-postgres-exporter-1,0.00%,13.26MiB / 128MiB
1790498030,payflow-mongo-1,1.88%,214.2MiB / 1GiB
1790498030,payflow-postgres-1,91.52%,614.4MiB / 1GiB
1790498030,payflow-kafka-1,28.26%,501.2MiB / 1.5GiB
1790498030,payflow-keycloak-1,0.26%,3.808GiB / 10.7GiB
1790498030,payflow-settlement-rail-1,2.11%,32.07MiB / 256MiB
1790498030,payflow-grafana-1,1.22%,200.2MiB / 512MiB
1790498030,payflow-prometheus-1,1.94%,90.44MiB / 1GiB
1790498030,payflow-tempo-1,0.36%,99.52MiB / 1GiB
1790498030,k3d-tiny-url-serverlb,0.00%,6.133MiB / 10.7GiB
1790498030,k3d-tiny-url-server-0,12.69%,970.5MiB / 10.7GiB
1790498037,payflow-payflow-1,164.07%,1.447GiB / 1.5GiB
1790498037,payflow-postgres-exporter-1,0.00%,13.15MiB / 128MiB
1790498037,payflow-mongo-1,0.81%,214.2MiB / 1GiB
1790498037,payflow-postgres-1,99.45%,614.2MiB / 1GiB
1790498037,payflow-kafka-1,30.59%,502.2MiB / 1.5GiB
1790498037,payflow-keycloak-1,0.28%,3.808GiB / 10.7GiB
1790498037,payflow-settlement-rail-1,5.37%,32.54MiB / 256MiB
1790498037,payflow-grafana-1,1.32%,200.3MiB / 512MiB
1790498037,payflow-prometheus-1,0.32%,90.6MiB / 1GiB
1790498037,payflow-tempo-1,4.81%,95.29MiB / 1GiB
1790498037,k3d-tiny-url-serverlb,0.02%,6.133MiB / 10.7GiB
1790498037,k3d-tiny-url-server-0,13.04%,971.2MiB / 10.7GiB
1790498044,payflow-payflow-1,189.03%,1.448GiB / 1.5GiB
1790498044,payflow-postgres-exporter-1,0.00%,13.5MiB / 128MiB
1790498044,payflow-mongo-1,0.89%,214.3MiB / 1GiB
1790498044,payflow-postgres-1,118.55%,616.6MiB / 1GiB
1790498044,payflow-kafka-1,34.09%,503.7MiB / 1.5GiB
1790498044,payflow-keycloak-1,0.30%,3.808GiB / 10.7GiB
1790498044,payflow-settlement-rail-1,7.39%,32.88MiB / 256MiB
1790498044,payflow-grafana-1,1.37%,200.3MiB / 512MiB
1790498044,payflow-prometheus-1,1.39%,90.61MiB / 1GiB
1790498044,payflow-tempo-1,2.16%,98.89MiB / 1GiB
1790498044,k3d-tiny-url-serverlb,0.02%,6.133MiB / 10.7GiB
1790498044,k3d-tiny-url-server-0,13.01%,970.6MiB / 10.7GiB
1790498052,payflow-payflow-1,95.49%,1.447GiB / 1.5GiB
1790498052,payflow-postgres-exporter-1,0.00%,13.35MiB / 128MiB
1790498052,payflow-mongo-1,43.02%,214.4MiB / 1GiB
1790498052,payflow-postgres-1,60.22%,616.4MiB / 1GiB
1790498052,payflow-kafka-1,19.73%,504.4MiB / 1.5GiB
1790498052,payflow-keycloak-1,0.26%,3.808GiB / 10.7GiB
1790498052,payflow-settlement-rail-1,2.46%,32.68MiB / 256MiB
1790498052,payflow-grafana-1,1.11%,200.3MiB / 512MiB
1790498052,payflow-prometheus-1,0.22%,90.61MiB / 1GiB
1790498052,payflow-tempo-1,0.34%,99.89MiB / 1GiB
1790498052,k3d-tiny-url-serverlb,0.00%,6.133MiB / 10.7GiB
1790498052,k3d-tiny-url-server-0,16.55%,969.9MiB / 10.7GiB
1790498059,payflow-payflow-1,152.46%,1.447GiB / 1.5GiB
1790498059,payflow-postgres-exporter-1,0.00%,13.31MiB / 128MiB
1790498059,payflow-mongo-1,1.55%,214.7MiB / 1GiB
1790498059,payflow-postgres-1,93.70%,616.3MiB / 1GiB
1790498059,payflow-kafka-1,44.40%,510.3MiB / 1.5GiB
1790498059,payflow-keycloak-1,0.30%,3.808GiB / 10.7GiB
1790498059,payflow-settlement-rail-1,2.14%,32.84MiB / 256MiB
1790498059,payflow-grafana-1,1.35%,200.4MiB / 512MiB
1790498059,payflow-prometheus-1,0.28%,90.61MiB / 1GiB
1790498059,payflow-tempo-1,0.92%,103.1MiB / 1GiB
1790498059,k3d-tiny-url-serverlb,0.00%,6.133MiB / 10.7GiB
1790498059,k3d-tiny-url-server-0,12.19%,970.8MiB / 10.7GiB
1790498066,payflow-payflow-1,132.15%,1.447GiB / 1.5GiB
1790498066,payflow-postgres-exporter-1,0.88%,13.32MiB / 128MiB
1790498066,payflow-mongo-1,0.92%,214.6MiB / 1GiB
1790498066,payflow-postgres-1,156.02%,592.2MiB / 1GiB
1790498066,payflow-kafka-1,43.20%,538.6MiB / 1.5GiB
1790498066,payflow-keycloak-1,0.31%,3.776GiB / 10.7GiB
1790498066,payflow-settlement-rail-1,0.02%,32.85MiB / 256MiB
1790498066,payflow-grafana-1,1.56%,204.1MiB / 512MiB
1790498066,payflow-prometheus-1,0.79%,90.48MiB / 1GiB
1790498066,payflow-tempo-1,0.38%,103.4MiB / 1GiB
1790498066,k3d-tiny-url-serverlb,0.00%,6.133MiB / 10.7GiB
1790498066,k3d-tiny-url-server-0,13.17%,969.9MiB / 10.7GiB
1790498073,payflow-payflow-1,71.63%,1.447GiB / 1.5GiB
1790498073,payflow-postgres-exporter-1,0.00%,13.44MiB / 128MiB
1790498073,payflow-mongo-1,15.73%,358.6MiB / 1GiB
1790498073,payflow-postgres-1,14.27%,592MiB / 1GiB
1790498073,payflow-kafka-1,13.47%,555.5MiB / 1.5GiB
1790498073,payflow-keycloak-1,0.31%,3.774GiB / 10.7GiB
1790498073,payflow-settlement-rail-1,0.01%,32.88MiB / 256MiB
1790498073,payflow-grafana-1,1.09%,204.2MiB / 512MiB
1790498073,payflow-prometheus-1,5.09%,90.64MiB / 1GiB
1790498073,payflow-tempo-1,0.70%,104MiB / 1GiB
1790498073,k3d-tiny-url-serverlb,0.03%,6.133MiB / 10.7GiB
1790498073,k3d-tiny-url-server-0,12.59%,968.8MiB / 10.7GiB
1790498081,payflow-payflow-1,174.88%,1.447GiB / 1.5GiB
1790498081,payflow-postgres-exporter-1,0.00%,13.53MiB / 128MiB
1790498081,payflow-mongo-1,28.08%,213.8MiB / 1GiB
1790498081,payflow-postgres-1,115.73%,584.8MiB / 1GiB
1790498081,payflow-kafka-1,136.04%,562.9MiB / 1.5GiB
1790498081,payflow-keycloak-1,0.65%,3.733GiB / 10.7GiB
1790498081,payflow-settlement-rail-1,0.01%,32.78MiB / 256MiB
1790498081,payflow-grafana-1,0.79%,202.7MiB / 512MiB
1790498081,payflow-prometheus-1,0.57%,90.6MiB / 1GiB
1790498081,payflow-tempo-1,1.74%,103.8MiB / 1GiB
1790498081,k3d-tiny-url-serverlb,0.00%,6.125MiB / 10.7GiB
1790498081,k3d-tiny-url-server-0,11.52%,969.1MiB / 10.7GiB
1790498088,payflow-payflow-1,175.66%,1.447GiB / 1.5GiB
1790498088,payflow-postgres-exporter-1,0.00%,13.41MiB / 128MiB
1790498088,payflow-mongo-1,0.47%,214.9MiB / 1GiB
1790498088,payflow-postgres-1,115.04%,587MiB / 1GiB
1790498088,payflow-kafka-1,158.70%,682.4MiB / 1.5GiB
1790498088,payflow-keycloak-1,7.50%,3.734GiB / 10.7GiB
1790498088,payflow-settlement-rail-1,2.94%,32.85MiB / 256MiB
1790498088,payflow-grafana-1,1.21%,202.6MiB / 512MiB
1790498088,payflow-prometheus-1,0.73%,90.61MiB / 1GiB
1790498088,payflow-tempo-1,12.48%,104.8MiB / 1GiB
1790498088,k3d-tiny-url-serverlb,0.00%,6.125MiB / 10.7GiB
1790498088,k3d-tiny-url-server-0,7.54%,969.9MiB / 10.7GiB
1790498095,payflow-payflow-1,195.74%,1.447GiB / 1.5GiB
1790498095,payflow-postgres-exporter-1,2.20%,13.15MiB / 128MiB
1790498095,payflow-mongo-1,0.45%,213.8MiB / 1GiB
1790498095,payflow-postgres-1,140.46%,585.8MiB / 1GiB
1790498095,payflow-kafka-1,162.78%,683.4MiB / 1.5GiB
1790498095,payflow-keycloak-1,0.19%,3.732GiB / 10.7GiB
1790498095,payflow-settlement-rail-1,5.07%,33.15MiB / 256MiB
1790498095,payflow-grafana-1,7.27%,202.3MiB / 512MiB
1790498095,payflow-prometheus-1,1.43%,90.69MiB / 1GiB
1790498095,payflow-tempo-1,1.68%,104.9MiB / 1GiB
1790498095,k3d-tiny-url-serverlb,0.00%,6.121MiB / 10.7GiB
1790498095,k3d-tiny-url-server-0,7.96%,969.5MiB / 10.7GiB
1790498102,payflow-payflow-1,179.36%,1.448GiB / 1.5GiB
1790498102,payflow-postgres-exporter-1,0.00%,12.62MiB / 128MiB
1790498102,payflow-mongo-1,43.45%,349.1MiB / 1GiB
1790498102,payflow-postgres-1,59.00%,542.8MiB / 1GiB
1790498102,payflow-kafka-1,140.74%,669.4MiB / 1.5GiB
1790498102,payflow-keycloak-1,0.20%,3.729GiB / 10.7GiB
1790498102,payflow-settlement-rail-1,2.80%,33.5MiB / 256MiB
1790498102,payflow-grafana-1,0.75%,199MiB / 512MiB
1790498102,payflow-prometheus-1,0.69%,90.14MiB / 1GiB
1790498102,payflow-tempo-1,1.33%,108.4MiB / 1GiB
1790498102,k3d-tiny-url-serverlb,0.01%,6.062MiB / 10.7GiB
1790498102,k3d-tiny-url-server-0,8.04%,960.3MiB / 10.7GiB
1790498110,payflow-payflow-1,130.62%,1.445GiB / 1.5GiB
1790498110,payflow-postgres-exporter-1,0.00%,13.2MiB / 128MiB
1790498110,payflow-mongo-1,29.32%,190.8MiB / 1GiB
1790498110,payflow-postgres-1,99.60%,470.5MiB / 1GiB
1790498110,payflow-kafka-1,155.62%,635.9MiB / 1.5GiB
1790498110,payflow-keycloak-1,0.21%,3.589GiB / 10.7GiB
1790498110,payflow-settlement-rail-1,2.41%,32.95MiB / 256MiB
1790498110,payflow-grafana-1,0.86%,186.9MiB / 512MiB
1790498110,payflow-prometheus-1,0.79%,86.89MiB / 1GiB
1790498110,payflow-tempo-1,65.76%,620.3MiB / 1GiB
1790498110,k3d-tiny-url-serverlb,0.00%,5.965MiB / 10.7GiB
1790498110,k3d-tiny-url-server-0,10.07%,935.8MiB / 10.7GiB
1790498117,payflow-payflow-1,176.42%,1.441GiB / 1.5GiB
1790498117,payflow-postgres-exporter-1,0.00%,11.85MiB / 128MiB
1790498117,payflow-mongo-1,0.53%,196.5MiB / 1GiB
1790498117,payflow-postgres-1,106.47%,385.4MiB / 1GiB
1790498117,payflow-kafka-1,192.39%,613.3MiB / 1.5GiB
1790498117,payflow-keycloak-1,0.19%,3.466GiB / 10.7GiB
1790498117,payflow-settlement-rail-1,2.67%,32.74MiB / 256MiB
1790498117,payflow-grafana-1,0.78%,177.9MiB / 512MiB
1790498117,payflow-prometheus-1,0.16%,85.1MiB / 1GiB
1790498117,payflow-tempo-1,85.26%,1006MiB / 1GiB
1790498117,k3d-tiny-url-serverlb,0.00%,5.91MiB / 10.7GiB
1790498117,k3d-tiny-url-server-0,10.61%,912.1MiB / 10.7GiB
1790498124,payflow-payflow-1,132.73%,1.437GiB / 1.5GiB
1790498124,payflow-postgres-exporter-1,0.00%,11.61MiB / 128MiB
1790498124,payflow-mongo-1,0.57%,193.5MiB / 1GiB
1790498124,payflow-postgres-1,100.57%,433.8MiB / 1GiB
1790498124,payflow-kafka-1,187.74%,611.1MiB / 1.5GiB
1790498124,payflow-keycloak-1,0.23%,3.41GiB / 10.7GiB
1790498124,payflow-settlement-rail-1,0.01%,32.57MiB / 256MiB
1790498124,payflow-grafana-1,3.73%,177.1MiB / 512MiB
1790498124,payflow-prometheus-1,1.24%,84.61MiB / 1GiB
1790498124,payflow-tempo-1,46.51%,1008MiB / 1GiB
1790498124,k3d-tiny-url-serverlb,0.02%,5.891MiB / 10.7GiB
1790498124,k3d-tiny-url-server-0,37.59%,904.2MiB / 10.7GiB
1790498132,payflow-payflow-1,127.62%,1.434GiB / 1.5GiB
1790498132,payflow-postgres-exporter-1,2.01%,12.52MiB / 128MiB
1790498132,payflow-mongo-1,19.66%,277.1MiB / 1GiB
1790498132,payflow-postgres-1,91.84%,529.8MiB / 1GiB
1790498132,payflow-kafka-1,164.08%,606.4MiB / 1.5GiB
1790498132,payflow-keycloak-1,0.23%,3.316GiB / 10.7GiB
1790498132,payflow-settlement-rail-1,2.00%,32.24MiB / 256MiB
1790498132,payflow-grafana-1,0.94%,174.5MiB / 512MiB
1790498132,payflow-prometheus-1,0.15%,84.01MiB / 1GiB
1790498132,payflow-tempo-1,49.94%,1010MiB / 1GiB
1790498132,k3d-tiny-url-serverlb,0.02%,5.809MiB / 10.7GiB
1790498132,k3d-tiny-url-server-0,9.30%,893MiB / 10.7GiB
1790498139,payflow-payflow-1,22.06%,1.435GiB / 1.5GiB
1790498139,payflow-postgres-exporter-1,0.00%,11.3MiB / 128MiB
1790498139,payflow-mongo-1,0.47%,196.8MiB / 1GiB
1790498139,payflow-postgres-1,12.37%,516.3MiB / 1GiB
1790498139,payflow-kafka-1,139.34%,616.5MiB / 1.5GiB
1790498139,payflow-keycloak-1,0.22%,3.29GiB / 10.7GiB
1790498139,payflow-settlement-rail-1,0.20%,32.38MiB / 256MiB
1790498139,payflow-grafana-1,0.93%,174.8MiB / 512MiB
1790498139,payflow-prometheus-1,1.59%,86.39MiB / 1GiB
1790498139,payflow-tempo-1,20.76%,992MiB / 1GiB
1790498139,k3d-tiny-url-serverlb,0.01%,5.812MiB / 10.7GiB
1790498139,k3d-tiny-url-server-0,7.33%,895.7MiB / 10.7GiB
1790498147,payflow-payflow-1,147.79%,1.436GiB / 1.5GiB
1790498147,payflow-postgres-exporter-1,0.00%,12.17MiB / 128MiB
1790498147,payflow-mongo-1,0.96%,198.9MiB / 1GiB
1790498147,payflow-postgres-1,109.01%,518.8MiB / 1GiB
1790498147,payflow-kafka-1,35.21%,504.2MiB / 1.5GiB
1790498147,payflow-keycloak-1,0.35%,3.294GiB / 10.7GiB
1790498147,payflow-settlement-rail-1,2.11%,32.53MiB / 256MiB
1790498147,payflow-grafana-1,1.87%,183.3MiB / 512MiB
1790498147,payflow-prometheus-1,0.28%,86.58MiB / 1GiB
1790498147,payflow-tempo-1,9.10%,995.5MiB / 1GiB
1790498147,k3d-tiny-url-serverlb,0.00%,5.812MiB / 10.7GiB
1790498147,k3d-tiny-url-server-0,6.58%,901.5MiB / 10.7GiB
1790498154,payflow-payflow-1,141.23%,1.438GiB / 1.5GiB
1790498154,payflow-postgres-exporter-1,0.00%,12.43MiB / 128MiB
1790498154,payflow-mongo-1,9.93%,287.5MiB / 1GiB
1790498154,payflow-postgres-1,99.81%,528.3MiB / 1GiB
1790498154,payflow-kafka-1,30.54%,505.7MiB / 1.5GiB
1790498154,payflow-keycloak-1,0.28%,3.296GiB / 10.7GiB
1790498154,payflow-settlement-rail-1,1.54%,38.74MiB / 256MiB
1790498154,payflow-grafana-1,1.91%,183.8MiB / 512MiB
1790498154,payflow-prometheus-1,0.24%,87.2MiB / 1GiB
1790498154,payflow-tempo-1,7.39%,977.1MiB / 1GiB
1790498154,k3d-tiny-url-serverlb,0.00%,5.875MiB / 10.7GiB
1790498154,k3d-tiny-url-server-0,13.11%,907.3MiB / 10.7GiB
1790498161,payflow-payflow-1,143.59%,1.438GiB / 1.5GiB
1790498161,payflow-postgres-exporter-1,0.00%,12.18MiB / 128MiB
1790498161,payflow-mongo-1,4.10%,199.4MiB / 1GiB
1790498161,payflow-postgres-1,90.64%,525.8MiB / 1GiB
1790498161,payflow-kafka-1,31.93%,509.4MiB / 1.5GiB
1790498161,payflow-keycloak-1,0.25%,3.296GiB / 10.7GiB
1790498161,payflow-settlement-rail-1,2.51%,33.17MiB / 256MiB
1790498161,payflow-grafana-1,1.13%,184.3MiB / 512MiB
1790498161,payflow-prometheus-1,0.25%,87.31MiB / 1GiB
1790498161,payflow-tempo-1,0.43%,802.1MiB / 1GiB
1790498161,k3d-tiny-url-serverlb,0.01%,5.895MiB / 10.7GiB
1790498161,k3d-tiny-url-server-0,8.93%,908.2MiB / 10.7GiB
1790498169,payflow-payflow-1,124.34%,1.438GiB / 1.5GiB
1790498169,payflow-postgres-exporter-1,0.00%,12.5MiB / 128MiB
1790498169,payflow-mongo-1,0.50%,199.5MiB / 1GiB
1790498169,payflow-postgres-1,84.76%,527.6MiB / 1GiB
1790498169,payflow-kafka-1,35.08%,510.1MiB / 1.5GiB
1790498169,payflow-keycloak-1,0.34%,3.297GiB / 10.7GiB
1790498169,payflow-settlement-rail-1,0.03%,33.46MiB / 256MiB
1790498169,payflow-grafana-1,1.39%,185.4MiB / 512MiB
1790498169,payflow-prometheus-1,0.24%,87.37MiB / 1GiB
1790498169,payflow-tempo-1,16.87%,818.3MiB / 1GiB
1790498169,k3d-tiny-url-serverlb,0.02%,5.953MiB / 10.7GiB
1790498169,k3d-tiny-url-server-0,16.53%,910.2MiB / 10.7GiB
1790498176,payflow-payflow-1,159.79%,1.438GiB / 1.5GiB
1790498176,payflow-postgres-exporter-1,0.46%,12.63MiB / 128MiB
1790498176,payflow-mongo-1,0.97%,199.5MiB / 1GiB
1790498176,payflow-postgres-1,105.86%,530.2MiB / 1GiB
1790498176,payflow-kafka-1,35.16%,511.1MiB / 1.5GiB
1790498176,payflow-keycloak-1,0.30%,3.297GiB / 10.7GiB
1790498176,payflow-settlement-rail-1,2.68%,33.6MiB / 256MiB
1790498176,payflow-grafana-1,1.44%,185.5MiB / 512MiB
1790498176,payflow-prometheus-1,0.54%,87.37MiB / 1GiB
1790498176,payflow-tempo-1,3.11%,829.7MiB / 1GiB
1790498176,k3d-tiny-url-serverlb,0.00%,5.961MiB / 10.7GiB
1790498176,k3d-tiny-url-server-0,13.78%,913.8MiB / 10.7GiB
1790498184,payflow-payflow-1,117.89%,1.441GiB / 1.5GiB
1790498184,payflow-postgres-exporter-1,0.00%,12.05MiB / 128MiB
1790498184,payflow-mongo-1,0.62%,198.8MiB / 1GiB
1790498184,payflow-postgres-1,121.73%,560.8MiB / 1GiB
1790498184,payflow-kafka-1,32.63%,511.7MiB / 1.5GiB
1790498184,payflow-keycloak-1,0.25%,3.292GiB / 10.7GiB
1790498184,payflow-settlement-rail-1,2.27%,33.64MiB / 256MiB
1790498184,payflow-grafana-1,1.53%,185.5MiB / 512MiB
1790498184,payflow-prometheus-1,0.24%,87.49MiB / 1GiB
1790498184,payflow-tempo-1,2.84%,836.7MiB / 1GiB
1790498184,k3d-tiny-url-serverlb,0.00%,5.961MiB / 10.7GiB
1790498184,k3d-tiny-url-server-0,15.99%,913.9MiB / 10.7GiB
1790498191,payflow-payflow-1,154.19%,1.441GiB / 1.5GiB
1790498191,payflow-postgres-exporter-1,0.00%,11.85MiB / 128MiB
1790498191,payflow-mongo-1,3.12%,197.4MiB / 1GiB
1790498191,payflow-postgres-1,93.83%,545.4MiB / 1GiB
1790498191,payflow-kafka-1,35.67%,512MiB / 1.5GiB
1790498191,payflow-keycloak-1,0.25%,3.282GiB / 10.7GiB
1790498191,payflow-settlement-rail-1,2.47%,33.7MiB / 256MiB
1790498191,payflow-grafana-1,1.00%,185.8MiB / 512MiB
1790498191,payflow-prometheus-1,0.90%,89.66MiB / 1GiB
1790498191,payflow-tempo-1,1.15%,838.9MiB / 1GiB
1790498191,k3d-tiny-url-serverlb,0.00%,5.953MiB / 10.7GiB
1790498191,k3d-tiny-url-server-0,14.84%,915.9MiB / 10.7GiB
1790498198,payflow-payflow-1,126.37%,1.441GiB / 1.5GiB
1790498198,payflow-postgres-exporter-1,0.00%,12.72MiB / 128MiB
1790498198,payflow-mongo-1,0.48%,194MiB / 1GiB
1790498198,payflow-postgres-1,79.95%,532.6MiB / 1GiB
1790498198,payflow-kafka-1,31.72%,511.3MiB / 1.5GiB
1790498198,payflow-keycloak-1,0.31%,3.266GiB / 10.7GiB
1790498198,payflow-settlement-rail-1,0.02%,33.7MiB / 256MiB
1790498198,payflow-grafana-1,1.81%,186.5MiB / 512MiB
1790498198,payflow-prometheus-1,0.69%,89.54MiB / 1GiB
1790498198,payflow-tempo-1,15.64%,841MiB / 1GiB
1790498198,k3d-tiny-url-serverlb,0.00%,5.949MiB / 10.7GiB
1790498198,k3d-tiny-url-server-0,9.81%,914.7MiB / 10.7GiB
1790498206,payflow-payflow-1,132.14%,1.442GiB / 1.5GiB
1790498206,payflow-postgres-exporter-1,1.53%,12.56MiB / 128MiB
1790498206,payflow-mongo-1,0.95%,197.6MiB / 1GiB
1790498206,payflow-postgres-1,92.96%,532.3MiB / 1GiB
1790498206,payflow-kafka-1,32.47%,515.2MiB / 1.5GiB
1790498206,payflow-keycloak-1,0.52%,3.267GiB / 10.7GiB
1790498206,payflow-settlement-rail-1,0.01%,33.72MiB / 256MiB
1790498206,payflow-grafana-1,0.94%,186.7MiB / 512MiB
1790498206,payflow-prometheus-1,0.47%,89.54MiB / 1GiB
1790498206,payflow-tempo-1,2.41%,852.1MiB / 1GiB
1790498206,k3d-tiny-url-serverlb,0.05%,5.949MiB / 10.7GiB
1790498206,k3d-tiny-url-server-0,12.64%,915.1MiB / 10.7GiB
1790498213,payflow-payflow-1,168.68%,1.442GiB / 1.5GiB
1790498213,payflow-postgres-exporter-1,0.00%,13.29MiB / 128MiB
1790498213,payflow-mongo-1,0.49%,196.9MiB / 1GiB
1790498213,payflow-postgres-1,108.73%,530.6MiB / 1GiB
1790498213,payflow-kafka-1,36.88%,521.2MiB / 1.5GiB
1790498213,payflow-keycloak-1,0.26%,3.262GiB / 10.7GiB
1790498213,payflow-settlement-rail-1,2.34%,33.81MiB / 256MiB
1790498213,payflow-grafana-1,1.43%,189.2MiB / 512MiB
1790498213,payflow-prometheus-1,1.96%,89.49MiB / 1GiB
1790498213,payflow-tempo-1,0.33%,888.8MiB / 1GiB
1790498213,k3d-tiny-url-serverlb,0.03%,5.945MiB / 10.7GiB
1790498213,k3d-tiny-url-server-0,13.94%,914.8MiB / 10.7GiB
1790498220,payflow-payflow-1,165.99%,1.442GiB / 1.5GiB
1790498220,payflow-postgres-exporter-1,2.21%,12.9MiB / 128MiB
1790498220,payflow-mongo-1,0.89%,197.1MiB / 1GiB
1790498220,payflow-postgres-1,113.42%,523.6MiB / 1GiB
1790498220,payflow-kafka-1,32.75%,519.2MiB / 1.5GiB
1790498220,payflow-keycloak-1,0.30%,3.246GiB / 10.7GiB
1790498220,payflow-settlement-rail-1,4.02%,33.87MiB / 256MiB
1790498220,payflow-grafana-1,1.31%,200MiB / 512MiB
1790498220,payflow-prometheus-1,0.53%,89.34MiB / 1GiB
1790498220,payflow-tempo-1,2.68%,932.6MiB / 1GiB
1790498220,k3d-tiny-url-serverlb,0.02%,5.938MiB / 10.7GiB
1790498220,k3d-tiny-url-server-0,21.83%,916.5MiB / 10.7GiB
1790498228,payflow-payflow-1,153.46%,1.442GiB / 1.5GiB
1790498228,payflow-postgres-exporter-1,0.00%,12.99MiB / 128MiB
1790498228,payflow-mongo-1,0.83%,193.7MiB / 1GiB
1790498228,payflow-postgres-1,97.59%,510.2MiB / 1GiB
1790498228,payflow-kafka-1,29.62%,517.4MiB / 1.5GiB
1790498228,payflow-keycloak-1,0.30%,3.23GiB / 10.7GiB
1790498228,payflow-settlement-rail-1,2.68%,34.2MiB / 256MiB
1790498228,payflow-grafana-1,1.91%,199.3MiB / 512MiB
1790498228,payflow-prometheus-1,1.28%,89.38MiB / 1GiB
1790498228,payflow-tempo-1,11.56%,966.6MiB / 1GiB
1790498228,k3d-tiny-url-serverlb,0.00%,5.934MiB / 10.7GiB
1790498228,k3d-tiny-url-server-0,12.64%,917.3MiB / 10.7GiB
1790498235,payflow-payflow-1,132.35%,1.45GiB / 1.5GiB
1790498235,payflow-postgres-exporter-1,1.89%,12.36MiB / 128MiB
1790498235,payflow-mongo-1,20.94%,198.7MiB / 1GiB
1790498235,payflow-postgres-1,83.38%,512.9MiB / 1GiB
1790498235,payflow-kafka-1,24.39%,522.4MiB / 1.5GiB
1790498235,payflow-keycloak-1,0.23%,3.231GiB / 10.7GiB
1790498235,payflow-settlement-rail-1,4.79%,34.15MiB / 256MiB
1790498235,payflow-grafana-1,1.24%,199.3MiB / 512MiB
1790498235,payflow-prometheus-1,1.08%,89.44MiB / 1GiB
1790498235,payflow-tempo-1,5.56%,636.1MiB / 1GiB
1790498235,k3d-tiny-url-serverlb,0.00%,5.934MiB / 10.7GiB
1790498235,k3d-tiny-url-server-0,14.51%,917.7MiB / 10.7GiB
1790498243,payflow-payflow-1,61.65%,1.451GiB / 1.5GiB
1790498243,payflow-postgres-exporter-1,0.00%,13.04MiB / 128MiB
1790498243,payflow-mongo-1,0.49%,198.6MiB / 1GiB
1790498243,payflow-postgres-1,71.14%,547MiB / 1GiB
1790498243,payflow-kafka-1,21.83%,522.3MiB / 1.5GiB
1790498243,payflow-keycloak-1,0.22%,3.231GiB / 10.7GiB
1790498243,payflow-settlement-rail-1,1.76%,34.21MiB / 256MiB
1790498243,payflow-grafana-1,1.13%,199.2MiB / 512MiB
1790498243,payflow-prometheus-1,0.69%,89.5MiB / 1GiB
1790498243,payflow-tempo-1,0.27%,637.9MiB / 1GiB
1790498243,k3d-tiny-url-serverlb,0.00%,5.934MiB / 10.7GiB
1790498243,k3d-tiny-url-server-0,10.28%,918.2MiB / 10.7GiB
1790498250,payflow-payflow-1,75.65%,1.451GiB / 1.5GiB
1790498250,payflow-postgres-exporter-1,0.00%,13.29MiB / 128MiB
1790498250,payflow-mongo-1,0.80%,199.1MiB / 1GiB
1790498250,payflow-postgres-1,44.48%,593.5MiB / 1GiB
1790498250,payflow-kafka-1,181.05%,609.2MiB / 1.5GiB
1790498250,payflow-keycloak-1,0.18%,3.231GiB / 10.7GiB
1790498250,payflow-settlement-rail-1,2.91%,34.31MiB / 256MiB
1790498250,payflow-grafana-1,1.02%,201.5MiB / 512MiB
1790498250,payflow-prometheus-1,0.85%,89.73MiB / 1GiB
1790498250,payflow-tempo-1,3.24%,340.5MiB / 1GiB
1790498250,k3d-tiny-url-serverlb,0.01%,5.934MiB / 10.7GiB
1790498250,k3d-tiny-url-server-0,9.06%,918.2MiB / 10.7GiB
1790498257,payflow-payflow-1,16.79%,1.451GiB / 1.5GiB
1790498257,payflow-postgres-exporter-1,0.00%,13.19MiB / 128MiB
1790498257,payflow-mongo-1,13.94%,315.8MiB / 1GiB
1790498257,payflow-postgres-1,8.71%,596.7MiB / 1GiB
1790498257,payflow-kafka-1,127.64%,629.5MiB / 1.5GiB
1790498257,payflow-keycloak-1,0.21%,3.231GiB / 10.7GiB
1790498257,payflow-settlement-rail-1,0.30%,34.37MiB / 256MiB
1790498257,payflow-grafana-1,1.25%,201.6MiB / 512MiB
1790498257,payflow-prometheus-1,1.04%,89.79MiB / 1GiB
1790498257,payflow-tempo-1,0.30%,132.8MiB / 1GiB
1790498257,k3d-tiny-url-serverlb,0.00%,5.934MiB / 10.7GiB
1790498257,k3d-tiny-url-server-0,13.99%,918.8MiB / 10.7GiB
1790498265,payflow-payflow-1,86.87%,1.455GiB / 1.5GiB
1790498265,payflow-postgres-exporter-1,0.00%,12.45MiB / 128MiB
1790498265,payflow-mongo-1,0.84%,199.4MiB / 1GiB
1790498265,payflow-postgres-1,90.16%,600MiB / 1GiB
1790498265,payflow-kafka-1,47.91%,524.5MiB / 1.5GiB
1790498265,payflow-keycloak-1,0.32%,3.231GiB / 10.7GiB
1790498265,payflow-settlement-rail-1,6.00%,34.62MiB / 256MiB
1790498265,payflow-grafana-1,1.39%,201.6MiB / 512MiB
1790498265,payflow-prometheus-1,1.20%,89.87MiB / 1GiB
1790498265,payflow-tempo-1,2.06%,132.9MiB / 1GiB
1790498265,k3d-tiny-url-serverlb,0.09%,5.934MiB / 10.7GiB
1790498265,k3d-tiny-url-server-0,16.08%,919.8MiB / 10.7GiB
1790498272,payflow-payflow-1,130.25%,1.455GiB / 1.5GiB
1790498272,payflow-postgres-exporter-1,0.00%,11.96MiB / 128MiB
1790498272,payflow-mongo-1,4.68%,199.4MiB / 1GiB
1790498272,payflow-postgres-1,87.71%,598.8MiB / 1GiB
1790498272,payflow-kafka-1,45.16%,525.3MiB / 1.5GiB
1790498272,payflow-keycloak-1,0.24%,3.231GiB / 10.7GiB
1790498272,payflow-settlement-rail-1,4.57%,34.74MiB / 256MiB
1790498272,payflow-grafana-1,1.24%,201.6MiB / 512MiB
1790498272,payflow-prometheus-1,0.30%,89.9MiB / 1GiB
1790498272,payflow-tempo-1,0.33%,129.2MiB / 1GiB
1790498272,k3d-tiny-url-serverlb,0.00%,5.934MiB / 10.7GiB
1790498272,k3d-tiny-url-server-0,12.53%,927.3MiB / 10.7GiB
1790498279,payflow-payflow-1,152.60%,1.455GiB / 1.5GiB
1790498279,payflow-postgres-exporter-1,0.00%,12.59MiB / 128MiB
1790498279,payflow-mongo-1,41.80%,199.4MiB / 1GiB
1790498279,payflow-postgres-1,96.06%,599.6MiB / 1GiB
1790498279,payflow-kafka-1,34.04%,527.6MiB / 1.5GiB
1790498279,payflow-keycloak-1,0.21%,3.231GiB / 10.7GiB
1790498279,payflow-settlement-rail-1,3.75%,43.21MiB / 256MiB
1790498279,payflow-grafana-1,1.48%,202.3MiB / 512MiB
1790498279,payflow-prometheus-1,2.11%,84.91MiB / 1GiB
1790498279,payflow-tempo-1,2.81%,123.2MiB / 1GiB
1790498279,k3d-tiny-url-serverlb,0.04%,5.934MiB / 10.7GiB
1790498279,k3d-tiny-url-server-0,11.18%,926.7MiB / 10.7GiB
1790498287,payflow-payflow-1,201.51%,1.457GiB / 1.5GiB
1790498287,payflow-postgres-exporter-1,1.77%,12.36MiB / 128MiB
1790498287,payflow-mongo-1,0.41%,199.4MiB / 1GiB
1790498287,payflow-postgres-1,139.67%,600.8MiB / 1GiB
1790498287,payflow-kafka-1,49.81%,532.4MiB / 1.5GiB
1790498287,payflow-keycloak-1,0.18%,3.242GiB / 10.7GiB
1790498287,payflow-settlement-rail-1,0.01%,35MiB / 256MiB
1790498287,payflow-grafana-1,0.74%,202.3MiB / 512MiB
1790498287,payflow-prometheus-1,0.37%,84.91MiB / 1GiB
1790498287,payflow-tempo-1,1.51%,120.8MiB / 1GiB
1790498287,k3d-tiny-url-serverlb,0.02%,5.934MiB / 10.7GiB
1790498287,k3d-tiny-url-server-0,8.24%,927.8MiB / 10.7GiB
1790498294,payflow-payflow-1,201.05%,1.456GiB / 1.5GiB
1790498294,payflow-postgres-exporter-1,0.00%,12.8MiB / 128MiB
1790498294,payflow-mongo-1,0.46%,199.5MiB / 1GiB
1790498294,payflow-postgres-1,140.62%,600.9MiB / 1GiB
1790498294,payflow-kafka-1,42.75%,536.9MiB / 1.5GiB
1790498294,payflow-keycloak-1,0.19%,3.242GiB / 10.7GiB
1790498294,payflow-settlement-rail-1,2.69%,35.06MiB / 256MiB
1790498294,payflow-grafana-1,0.86%,202.3MiB / 512MiB
1790498294,payflow-prometheus-1,0.26%,84.91MiB / 1GiB
1790498294,payflow-tempo-1,3.36%,123.8MiB / 1GiB
1790498294,k3d-tiny-url-serverlb,0.00%,5.934MiB / 10.7GiB
1790498294,k3d-tiny-url-server-0,9.20%,927.9MiB / 10.7GiB
1790498301,payflow-payflow-1,104.67%,1.47GiB / 1.5GiB
1790498301,payflow-postgres-exporter-1,1.57%,12.53MiB / 128MiB
1790498301,payflow-mongo-1,40.83%,361.5MiB / 1GiB
1790498301,payflow-postgres-1,7.80%,600.3MiB / 1GiB
1790498301,payflow-kafka-1,1.09%,537.2MiB / 1.5GiB
1790498301,payflow-keycloak-1,0.19%,3.242GiB / 10.7GiB
1790498301,payflow-settlement-rail-1,0.05%,35.18MiB / 256MiB
1790498301,payflow-grafana-1,0.85%,202.4MiB / 512MiB
1790498301,payflow-prometheus-1,0.40%,85.01MiB / 1GiB
1790498301,payflow-tempo-1,0.25%,129.9MiB / 1GiB
1790498301,k3d-tiny-url-serverlb,0.00%,5.938MiB / 10.7GiB
1790498301,k3d-tiny-url-server-0,9.21%,929MiB / 10.7GiB
1790498308,payflow-payflow-1,205.49%,1.475GiB / 1.5GiB
1790498308,payflow-postgres-exporter-1,0.00%,13.13MiB / 128MiB
1790498308,payflow-mongo-1,0.48%,199.9MiB / 1GiB
1790498308,payflow-postgres-1,120.62%,611.7MiB / 1GiB
1790498308,payflow-kafka-1,34.18%,539.1MiB / 1.5GiB
1790498308,payflow-keycloak-1,0.19%,3.242GiB / 10.7GiB
1790498308,payflow-settlement-rail-1,9.32%,35.65MiB / 256MiB
1790498308,payflow-grafana-1,1.06%,202.4MiB / 512MiB
1790498308,payflow-prometheus-1,0.28%,85.02MiB / 1GiB
1790498308,payflow-tempo-1,11.09%,132.3MiB / 1GiB
1790498308,k3d-tiny-url-serverlb,0.00%,5.938MiB / 10.7GiB
1790498308,k3d-tiny-url-server-0,6.46%,929.3MiB / 10.7GiB
1790498316,payflow-payflow-1,209.53%,1.476GiB / 1.5GiB
1790498316,payflow-postgres-exporter-1,2.26%,13.04MiB / 128MiB
1790498316,payflow-mongo-1,0.41%,199.9MiB / 1GiB
1790498316,payflow-postgres-1,147.72%,609.2MiB / 1GiB
1790498316,payflow-kafka-1,42.53%,542.5MiB / 1.5GiB
1790498316,payflow-keycloak-1,0.23%,3.242GiB / 10.7GiB
1790498316,payflow-settlement-rail-1,5.43%,36MiB / 256MiB
1790498316,payflow-grafana-1,0.91%,202.4MiB / 512MiB
1790498316,payflow-prometheus-1,0.62%,85.02MiB / 1GiB
1790498316,payflow-tempo-1,1.38%,126.8MiB / 1GiB
1790498316,k3d-tiny-url-serverlb,0.01%,5.941MiB / 10.7GiB
1790498316,k3d-tiny-url-server-0,10.18%,929.4MiB / 10.7GiB
1790498323,payflow-payflow-1,208.66%,1.475GiB / 1.5GiB
1790498323,payflow-postgres-exporter-1,0.00%,12.9MiB / 128MiB
1790498323,payflow-mongo-1,2.97%,199.9MiB / 1GiB
1790498323,payflow-postgres-1,140.59%,610.5MiB / 1GiB
1790498323,payflow-kafka-1,50.26%,548.6MiB / 1.5GiB
1790498323,payflow-keycloak-1,0.22%,3.242GiB / 10.7GiB
1790498323,payflow-settlement-rail-1,0.02%,36.13MiB / 256MiB
1790498323,payflow-grafana-1,0.81%,202.4MiB / 512MiB
1790498323,payflow-prometheus-1,1.05%,85.05MiB / 1GiB
1790498323,payflow-tempo-1,1.75%,132.9MiB / 1GiB
1790498323,k3d-tiny-url-serverlb,0.00%,5.945MiB / 10.7GiB
1790498323,k3d-tiny-url-server-0,8.33%,929.3MiB / 10.7GiB
1790498330,payflow-payflow-1,199.57%,1.475GiB / 1.5GiB
1790498330,payflow-postgres-exporter-1,0.00%,13.09MiB / 128MiB
1790498330,payflow-mongo-1,25.33%,200.2MiB / 1GiB
1790498330,payflow-postgres-1,124.22%,611.2MiB / 1GiB
1790498330,payflow-kafka-1,35.61%,550.5MiB / 1.5GiB
1790498330,payflow-keycloak-1,0.19%,3.242GiB / 10.7GiB
1790498330,payflow-settlement-rail-1,6.44%,36.43MiB / 256MiB
1790498330,payflow-grafana-1,0.79%,202.4MiB / 512MiB
1790498330,payflow-prometheus-1,0.71%,85.07MiB / 1GiB
1790498330,payflow-tempo-1,3.28%,124.4MiB / 1GiB
1790498330,k3d-tiny-url-serverlb,0.00%,5.945MiB / 10.7GiB
1790498330,k3d-tiny-url-server-0,8.71%,930MiB / 10.7GiB
1790498337,payflow-payflow-1,196.63%,1.476GiB / 1.5GiB
1790498337,payflow-postgres-exporter-1,0.00%,13.11MiB / 128MiB
1790498337,payflow-mongo-1,0.45%,200.5MiB / 1GiB
1790498337,payflow-postgres-1,129.49%,613MiB / 1GiB
1790498337,payflow-kafka-1,40.21%,552.2MiB / 1.5GiB
1790498337,payflow-keycloak-1,0.88%,3.242GiB / 10.7GiB
1790498337,payflow-settlement-rail-1,3.41%,36.81MiB / 256MiB
1790498337,payflow-grafana-1,0.70%,202.4MiB / 512MiB
1790498337,payflow-prometheus-1,0.77%,85.09MiB / 1GiB
1790498337,payflow-tempo-1,2.92%,129.4MiB / 1GiB
1790498337,k3d-tiny-url-serverlb,0.01%,5.945MiB / 10.7GiB
1790498337,k3d-tiny-url-server-0,8.03%,930.5MiB / 10.7GiB
1790498345,payflow-payflow-1,207.40%,1.476GiB / 1.5GiB
1790498345,payflow-postgres-exporter-1,0.00%,12.39MiB / 128MiB
1790498345,payflow-mongo-1,0.73%,201.1MiB / 1GiB
1790498345,payflow-postgres-1,156.16%,612.2MiB / 1GiB
1790498345,payflow-kafka-1,44.45%,638.7MiB / 1.5GiB
1790498345,payflow-keycloak-1,0.20%,3.244GiB / 10.7GiB
1790498345,payflow-settlement-rail-1,0.01%,37.63MiB / 256MiB
1790498345,payflow-grafana-1,0.94%,203.3MiB / 512MiB
1790498345,payflow-prometheus-1,0.90%,85.14MiB / 1GiB
1790498345,payflow-tempo-1,1.49%,125.1MiB / 1GiB
1790498345,k3d-tiny-url-serverlb,0.02%,6.004MiB / 10.7GiB
1790498345,k3d-tiny-url-server-0,8.39%,929.8MiB / 10.7GiB
1790498352,payflow-payflow-1,189.54%,1.476GiB / 1.5GiB
1790498352,payflow-postgres-exporter-1,0.00%,13.19MiB / 128MiB
1790498352,payflow-mongo-1,56.64%,201.1MiB / 1GiB
1790498352,payflow-postgres-1,115.73%,610.2MiB / 1GiB
1790498352,payflow-kafka-1,35.92%,639.6MiB / 1.5GiB
1790498352,payflow-keycloak-1,0.19%,3.244GiB / 10.7GiB
1790498352,payflow-settlement-rail-1,6.01%,38.12MiB / 256MiB
1790498352,payflow-grafana-1,0.87%,203.4MiB / 512MiB
1790498352,payflow-prometheus-1,0.19%,85.14MiB / 1GiB
1790498352,payflow-tempo-1,3.64%,129.5MiB / 1GiB
1790498352,k3d-tiny-url-serverlb,0.01%,6.004MiB / 10.7GiB
1790498352,k3d-tiny-url-server-0,8.84%,930.1MiB / 10.7GiB
1790498359,payflow-payflow-1,182.85%,1.477GiB / 1.5GiB
1790498359,payflow-postgres-exporter-1,0.00%,13.04MiB / 128MiB
1790498359,payflow-mongo-1,0.48%,200.9MiB / 1GiB
1790498359,payflow-postgres-1,105.62%,608.3MiB / 1GiB
1790498359,payflow-kafka-1,31.28%,640.6MiB / 1.5GiB
1790498359,payflow-keycloak-1,0.19%,3.244GiB / 10.7GiB
1790498359,payflow-settlement-rail-1,5.64%,40.23MiB / 256MiB
1790498359,payflow-grafana-1,0.74%,203.4MiB / 512MiB
1790498359,payflow-prometheus-1,0.32%,85.15MiB / 1GiB
1790498359,payflow-tempo-1,99.81%,418MiB / 1GiB
1790498359,k3d-tiny-url-serverlb,0.02%,6.004MiB / 10.7GiB
1790498359,k3d-tiny-url-server-0,6.73%,930.8MiB / 10.7GiB
1790498366,payflow-payflow-1,201.79%,1.471GiB / 1.5GiB
1790498366,payflow-postgres-exporter-1,0.00%,12.9MiB / 128MiB
1790498366,payflow-mongo-1,0.46%,171.5MiB / 1GiB
1790498366,payflow-postgres-1,156.04%,485.1MiB / 1GiB
1790498366,payflow-kafka-1,38.56%,613.4MiB / 1.5GiB
1790498366,payflow-keycloak-1,0.22%,3.041GiB / 10.7GiB
1790498366,payflow-settlement-rail-1,5.32%,39.59MiB / 256MiB
1790498366,payflow-grafana-1,0.77%,186.9MiB / 512MiB
1790498366,payflow-prometheus-1,0.20%,84.48MiB / 1GiB
1790498366,payflow-tempo-1,1.60%,948.6MiB / 1GiB
1790498366,k3d-tiny-url-serverlb,0.02%,5.902MiB / 10.7GiB
1790498366,k3d-tiny-url-server-0,9.39%,904MiB / 10.7GiB
1790498374,payflow-payflow-1,122.73%,1.469GiB / 1.5GiB
1790498374,payflow-postgres-exporter-1,0.00%,12.04MiB / 128MiB
1790498374,payflow-mongo-1,0.92%,196.6MiB / 1GiB
1790498374,payflow-postgres-1,137.38%,489.4MiB / 1GiB
1790498374,payflow-kafka-1,32.18%,612.9MiB / 1.5GiB
1790498374,payflow-keycloak-1,0.32%,3.022GiB / 10.7GiB
1790498374,payflow-settlement-rail-1,3.40%,39.91MiB / 256MiB
1790498374,payflow-grafana-1,1.37%,186.1MiB / 512MiB
1790498374,payflow-prometheus-1,1.30%,84.11MiB / 1GiB
1790498374,payflow-tempo-1,2.46%,951.4MiB / 1GiB
1790498374,k3d-tiny-url-serverlb,0.02%,5.898MiB / 10.7GiB
1790498374,k3d-tiny-url-server-0,12.24%,905.1MiB / 10.7GiB
1790498381,payflow-payflow-1,113.71%,1.469GiB / 1.5GiB
1790498381,payflow-postgres-exporter-1,1.80%,12.52MiB / 128MiB
1790498381,payflow-mongo-1,57.39%,194.6MiB / 1GiB
1790498381,payflow-postgres-1,22.07%,492.2MiB / 1GiB
1790498381,payflow-kafka-1,22.49%,610.8MiB / 1.5GiB
1790498381,payflow-keycloak-1,0.53%,3.002GiB / 10.7GiB
1790498381,payflow-settlement-rail-1,2.89%,39.75MiB / 256MiB
1790498381,payflow-grafana-1,1.45%,185.4MiB / 512MiB
1790498381,payflow-prometheus-1,0.96%,83.9MiB / 1GiB
1790498381,payflow-tempo-1,0.87%,953.7MiB / 1GiB
1790498381,k3d-tiny-url-serverlb,0.02%,5.898MiB / 10.7GiB
1790498381,k3d-tiny-url-server-0,21.81%,904.3MiB / 10.7GiB
1790498388,payflow-payflow-1,146.06%,1.469GiB / 1.5GiB
1790498388,payflow-postgres-exporter-1,0.00%,12.53MiB / 128MiB
1790498388,payflow-mongo-1,0.58%,195.8MiB / 1GiB
1790498388,payflow-postgres-1,113.22%,555.4MiB / 1GiB
1790498388,payflow-kafka-1,28.22%,611.3MiB / 1.5GiB
1790498388,payflow-keycloak-1,0.30%,3.002GiB / 10.7GiB
1790498388,payflow-settlement-rail-1,2.90%,39.82MiB / 256MiB
1790498388,payflow-grafana-1,1.42%,185.5MiB / 512MiB
1790498388,payflow-prometheus-1,1.27%,83.9MiB / 1GiB
1790498388,payflow-tempo-1,6.78%,822.5MiB / 1GiB
1790498388,k3d-tiny-url-serverlb,0.01%,5.898MiB / 10.7GiB
1790498388,k3d-tiny-url-server-0,9.58%,905.5MiB / 10.7GiB
1790498395,payflow-payflow-1,77.00%,1.469GiB / 1.5GiB
1790498395,payflow-postgres-exporter-1,0.00%,11.92MiB / 128MiB
1790498395,payflow-mongo-1,0.73%,195.8MiB / 1GiB
1790498395,payflow-postgres-1,73.29%,578.5MiB / 1GiB
1790498395,payflow-kafka-1,16.54%,612MiB / 1.5GiB
1790498395,payflow-keycloak-1,0.34%,3.002GiB / 10.7GiB
1790498395,payflow-settlement-rail-1,2.17%,39.91MiB / 256MiB
1790498395,payflow-grafana-1,1.33%,185.6MiB / 512MiB
1790498395,payflow-prometheus-1,0.73%,84.09MiB / 1GiB
1790498395,payflow-tempo-1,0.48%,822.5MiB / 1GiB
1790498395,k3d-tiny-url-serverlb,0.00%,5.898MiB / 10.7GiB
1790498395,k3d-tiny-url-server-0,12.05%,906.5MiB / 10.7GiB
1790498403,payflow-payflow-1,99.03%,1.469GiB / 1.5GiB
1790498403,payflow-postgres-exporter-1,0.00%,12.7MiB / 128MiB
1790498403,payflow-mongo-1,48.91%,195.8MiB / 1GiB
1790498403,payflow-postgres-1,96.97%,579.5MiB / 1GiB
1790498403,payflow-kafka-1,20.23%,614.5MiB / 1.5GiB
1790498403,payflow-keycloak-1,0.25%,3.002GiB / 10.7GiB
1790498403,payflow-settlement-rail-1,2.52%,40.07MiB / 256MiB
1790498403,payflow-grafana-1,1.27%,185.6MiB / 512MiB
1790498403,payflow-prometheus-1,0.49%,84.16MiB / 1GiB
1790498403,payflow-tempo-1,0.51%,823.1MiB / 1GiB
1790498403,k3d-tiny-url-serverlb,0.00%,5.898MiB / 10.7GiB
1790498403,k3d-tiny-url-server-0,12.71%,906.1MiB / 10.7GiB
1790498411,payflow-payflow-1,89.81%,1.469GiB / 1.5GiB
1790498411,payflow-postgres-exporter-1,2.80%,12.75MiB / 128MiB
1790498411,payflow-mongo-1,0.82%,197MiB / 1GiB
1790498411,payflow-postgres-1,77.51%,602.9MiB / 1GiB
1790498411,payflow-kafka-1,18.79%,616.9MiB / 1.5GiB
1790498411,payflow-keycloak-1,0.34%,3.002GiB / 10.7GiB
1790498411,payflow-settlement-rail-1,2.12%,40.15MiB / 256MiB
1790498411,payflow-grafana-1,1.49%,185.9MiB / 512MiB
1790498411,payflow-prometheus-1,0.98%,84.19MiB / 1GiB
1790498411,payflow-tempo-1,5.90%,681.1MiB / 1GiB
1790498411,k3d-tiny-url-serverlb,0.00%,5.898MiB / 10.7GiB
1790498411,k3d-tiny-url-server-0,15.71%,906.8MiB / 10.7GiB
1790498419,payflow-payflow-1,86.82%,1.469GiB / 1.5GiB
1790498419,payflow-postgres-exporter-1,0.00%,12.59MiB / 128MiB
1790498419,payflow-mongo-1,0.63%,197.3MiB / 1GiB
1790498419,payflow-postgres-1,36.72%,674.7MiB / 1GiB
1790498419,payflow-kafka-1,15.44%,617.4MiB / 1.5GiB
1790498419,payflow-keycloak-1,0.28%,3.002GiB / 10.7GiB
1790498419,payflow-settlement-rail-1,1.86%,40.28MiB / 256MiB
1790498419,payflow-grafana-1,1.20%,185.9MiB / 512MiB
1790498419,payflow-prometheus-1,0.22%,84.2MiB / 1GiB
1790498419,payflow-tempo-1,2.26%,244.2MiB / 1GiB
1790498419,k3d-tiny-url-serverlb,0.00%,5.898MiB / 10.7GiB
1790498419,k3d-tiny-url-server-0,19.27%,912.3MiB / 10.7GiB
1790498426,payflow-payflow-1,27.73%,1.47GiB / 1.5GiB
1790498426,payflow-postgres-exporter-1,2.17%,12.67MiB / 128MiB
1790498426,payflow-mongo-1,22.88%,197.4MiB / 1GiB
1790498426,payflow-postgres-1,14.28%,676.6MiB / 1GiB
1790498426,payflow-kafka-1,5.28%,617.5MiB / 1.5GiB
1790498426,payflow-keycloak-1,0.25%,3.002GiB / 10.7GiB
1790498426,payflow-settlement-rail-1,0.43%,40.29MiB / 256MiB
1790498426,payflow-grafana-1,4.02%,186MiB / 512MiB
1790498426,payflow-prometheus-1,0.54%,84.26MiB / 1GiB
1790498426,payflow-tempo-1,0.35%,244.2MiB / 1GiB
1790498426,k3d-tiny-url-serverlb,0.02%,5.898MiB / 10.7GiB
1790498426,k3d-tiny-url-server-0,19.91%,913.6MiB / 10.7GiB
1790498433,payflow-payflow-1,31.70%,1.47GiB / 1.5GiB
1790498433,payflow-postgres-exporter-1,0.00%,13MiB / 128MiB
1790498433,payflow-mongo-1,0.93%,197.5MiB / 1GiB
1790498433,payflow-postgres-1,0.59%,680.7MiB / 1GiB
1790498433,payflow-kafka-1,5.31%,617.7MiB / 1.5GiB
1790498433,payflow-keycloak-1,0.34%,3.002GiB / 10.7GiB
1790498433,payflow-settlement-rail-1,0.02%,40.31MiB / 256MiB
1790498433,payflow-grafana-1,1.55%,186MiB / 512MiB
1790498433,payflow-prometheus-1,1.80%,84.37MiB / 1GiB
1790498433,payflow-tempo-1,0.62%,165.5MiB / 1GiB
1790498433,k3d-tiny-url-serverlb,0.04%,5.898MiB / 10.7GiB
1790498433,k3d-tiny-url-server-0,66.81%,912.5MiB / 10.7GiB
1790498442,payflow-payflow-1,141.28%,1.47GiB / 1.5GiB
1790498442,payflow-postgres-exporter-1,0.00%,12.29MiB / 128MiB
1790498442,payflow-mongo-1,34.65%,347.4MiB / 1GiB
1790498442,payflow-postgres-1,82.29%,674.3MiB / 1GiB
1790498442,payflow-kafka-1,25.84%,618.1MiB / 1.5GiB
1790498442,payflow-keycloak-1,0.22%,3.002GiB / 10.7GiB
1790498442,payflow-settlement-rail-1,2.32%,40.42MiB / 256MiB
1790498442,payflow-grafana-1,1.08%,186MiB / 512MiB
1790498442,payflow-prometheus-1,0.24%,84.43MiB / 1GiB
1790498442,payflow-tempo-1,1.99%,161.5MiB / 1GiB
1790498442,k3d-tiny-url-serverlb,0.03%,5.898MiB / 10.7GiB
1790498442,k3d-tiny-url-server-0,10.64%,912.4MiB / 10.7GiB
1790498449,payflow-payflow-1,160.39%,1.47GiB / 1.5GiB
1790498449,payflow-postgres-exporter-1,0.00%,12.37MiB / 128MiB
1790498449,payflow-mongo-1,0.71%,197.2MiB / 1GiB
1790498449,payflow-postgres-1,116.71%,655.7MiB / 1GiB
1790498449,payflow-kafka-1,53.40%,627.1MiB / 1.5GiB
1790498449,payflow-keycloak-1,0.26%,3.002GiB / 10.7GiB
1790498449,payflow-settlement-rail-1,3.51%,40.55MiB / 256MiB
1790498449,payflow-grafana-1,1.86%,186MiB / 512MiB
1790498449,payflow-prometheus-1,0.23%,84.44MiB / 1GiB
1790498449,payflow-tempo-1,0.88%,161.4MiB / 1GiB
1790498449,k3d-tiny-url-serverlb,0.00%,5.898MiB / 10.7GiB
1790498449,k3d-tiny-url-server-0,10.80%,913.2MiB / 10.7GiB
1790498456,payflow-payflow-1,149.11%,1.47GiB / 1.5GiB
1790498456,payflow-postgres-exporter-1,0.00%,12.96MiB / 128MiB
1790498456,payflow-mongo-1,0.89%,197.2MiB / 1GiB
1790498456,payflow-postgres-1,87.80%,642.2MiB / 1GiB
1790498456,payflow-kafka-1,106.87%,670.1MiB / 1.5GiB
1790498456,payflow-keycloak-1,0.26%,3.004GiB / 10.7GiB
1790498456,payflow-settlement-rail-1,0.24%,40.7MiB / 256MiB
1790498456,payflow-grafana-1,5.70%,185.9MiB / 512MiB
1790498456,payflow-prometheus-1,0.23%,83.62MiB / 1GiB
1790498456,payflow-tempo-1,0.87%,159.6MiB / 1GiB
1790498456,k3d-tiny-url-serverlb,0.01%,5.898MiB / 10.7GiB
1790498456,k3d-tiny-url-server-0,11.69%,914.9MiB / 10.7GiB
1790498464,payflow-payflow-1,97.22%,1.47GiB / 1.5GiB
1790498464,payflow-postgres-exporter-1,0.00%,12.18MiB / 128MiB
1790498464,payflow-mongo-1,0.45%,197.2MiB / 1GiB
1790498464,payflow-postgres-1,70.85%,633MiB / 1GiB
1790498464,payflow-kafka-1,179.78%,703.6MiB / 1.5GiB
1790498464,payflow-keycloak-1,0.21%,3.006GiB / 10.7GiB
1790498464,payflow-settlement-rail-1,1.18%,40.7MiB / 256MiB
1790498464,payflow-grafana-1,0.86%,185.9MiB / 512MiB
1790498464,payflow-prometheus-1,0.20%,83.62MiB / 1GiB
1790498464,payflow-tempo-1,0.83%,154.2MiB / 1GiB
1790498464,k3d-tiny-url-serverlb,0.00%,5.898MiB / 10.7GiB
1790498464,k3d-tiny-url-server-0,9.36%,914.3MiB / 10.7GiB
1790498471,payflow-payflow-1,118.64%,1.47GiB / 1.5GiB
1790498471,payflow-postgres-exporter-1,1.68%,12.53MiB / 128MiB
1790498471,payflow-mongo-1,0.46%,197.2MiB / 1GiB
1790498471,payflow-postgres-1,81.32%,615.1MiB / 1GiB
1790498471,payflow-kafka-1,199.32%,731.2MiB / 1.5GiB
1790498471,payflow-keycloak-1,0.22%,3.006GiB / 10.7GiB
1790498471,payflow-settlement-rail-1,0.01%,40.74MiB / 256MiB
1790498471,payflow-grafana-1,0.89%,185.9MiB / 512MiB
1790498471,payflow-prometheus-1,0.51%,83.63MiB / 1GiB
1790498471,payflow-tempo-1,0.23%,152.8MiB / 1GiB
1790498471,k3d-tiny-url-serverlb,0.00%,5.898MiB / 10.7GiB
1790498471,k3d-tiny-url-server-0,13.03%,914.3MiB / 10.7GiB
1790498478,payflow-payflow-1,100.54%,1.47GiB / 1.5GiB
1790498478,payflow-postgres-exporter-1,0.00%,11.89MiB / 128MiB
1790498478,payflow-mongo-1,0.44%,197.2MiB / 1GiB
1790498478,payflow-postgres-1,61.47%,611.2MiB / 1GiB
1790498478,payflow-kafka-1,140.78%,713.3MiB / 1.5GiB
1790498478,payflow-keycloak-1,0.21%,3.006GiB / 10.7GiB
1790498478,payflow-settlement-rail-1,2.08%,40.82MiB / 256MiB
1790498478,payflow-grafana-1,1.04%,185.9MiB / 512MiB
1790498478,payflow-prometheus-1,0.66%,83.71MiB / 1GiB
1790498478,payflow-tempo-1,5.93%,156.5MiB / 1GiB
1790498478,k3d-tiny-url-serverlb,0.00%,5.898MiB / 10.7GiB
1790498478,k3d-tiny-url-server-0,12.25%,915.2MiB / 10.7GiB
1790498485,payflow-payflow-1,85.51%,1.47GiB / 1.5GiB
1790498485,payflow-postgres-exporter-1,2.42%,12.15MiB / 128MiB
1790498485,payflow-mongo-1,0.53%,197.3MiB / 1GiB
1790498485,payflow-postgres-1,56.45%,612.6MiB / 1GiB
1790498485,payflow-kafka-1,46.56%,626.3MiB / 1.5GiB
1790498485,payflow-keycloak-1,0.25%,3.006GiB / 10.7GiB
1790498485,payflow-settlement-rail-1,0.02%,40.91MiB / 256MiB
1790498485,payflow-grafana-1,0.91%,186MiB / 512MiB
1790498485,payflow-prometheus-1,0.50%,83.9MiB / 1GiB
1790498485,payflow-tempo-1,0.27%,156.9MiB / 1GiB
1790498485,k3d-tiny-url-serverlb,0.02%,5.898MiB / 10.7GiB
1790498485,k3d-tiny-url-server-0,6.99%,916.8MiB / 10.7GiB
1790498493,payflow-payflow-1,124.17%,1.47GiB / 1.5GiB
1790498493,payflow-postgres-exporter-1,0.00%,12.19MiB / 128MiB
1790498493,payflow-mongo-1,37.15%,197.3MiB / 1GiB
1790498493,payflow-postgres-1,76.61%,608.6MiB / 1GiB
1790498493,payflow-kafka-1,24.03%,626.7MiB / 1.5GiB
1790498493,payflow-keycloak-1,0.30%,3.006GiB / 10.7GiB
1790498493,payflow-settlement-rail-1,3.26%,40.99MiB / 256MiB
1790498493,payflow-grafana-1,1.33%,186MiB / 512MiB
1790498493,payflow-prometheus-1,0.87%,83.9MiB / 1GiB
1790498493,payflow-tempo-1,1.35%,155.6MiB / 1GiB
1790498493,k3d-tiny-url-serverlb,0.00%,5.898MiB / 10.7GiB
1790498493,k3d-tiny-url-server-0,11.94%,916.2MiB / 10.7GiB
1790498500,payflow-payflow-1,141.63%,1.47GiB / 1.5GiB
1790498500,payflow-postgres-exporter-1,0.00%,12.97MiB / 128MiB
1790498500,payflow-mongo-1,0.79%,197.3MiB / 1GiB
1790498500,payflow-postgres-1,89.20%,607.6MiB / 1GiB
1790498500,payflow-kafka-1,30.14%,627.6MiB / 1.5GiB
1790498500,payflow-keycloak-1,0.28%,3.006GiB / 10.7GiB
1790498500,payflow-settlement-rail-1,2.32%,41.06MiB / 256MiB
1790498500,payflow-grafana-1,1.39%,186MiB / 512MiB
1790498500,payflow-prometheus-1,1.82%,83.9MiB / 1GiB
1790498500,payflow-tempo-1,1.10%,155.6MiB / 1GiB
1790498500,k3d-tiny-url-serverlb,0.00%,5.898MiB / 10.7GiB
1790498500,k3d-tiny-url-server-0,16.54%,917.6MiB / 10.7GiB
1790498507,payflow-payflow-1,201.87%,1.47GiB / 1.5GiB
1790498507,payflow-postgres-exporter-1,0.00%,12.27MiB / 128MiB
1790498507,payflow-mongo-1,0.45%,197.6MiB / 1GiB
1790498507,payflow-postgres-1,147.73%,606.7MiB / 1GiB
1790498507,payflow-kafka-1,44.61%,632.7MiB / 1.5GiB
1790498507,payflow-keycloak-1,0.24%,3.006GiB / 10.7GiB
1790498507,payflow-settlement-rail-1,0.02%,41.18MiB / 256MiB
1790498507,payflow-grafana-1,0.73%,186MiB / 512MiB
1790498507,payflow-prometheus-1,0.89%,83.91MiB / 1GiB
1790498507,payflow-tempo-1,0.89%,154.9MiB / 1GiB
1790498507,k3d-tiny-url-serverlb,0.00%,5.898MiB / 10.7GiB
1790498507,k3d-tiny-url-server-0,8.85%,918.5MiB / 10.7GiB
1790498515,payflow-payflow-1,137.65%,1.47GiB / 1.5GiB
1790498515,payflow-postgres-exporter-1,0.00%,12.75MiB / 128MiB
1790498515,payflow-mongo-1,52.81%,197.6MiB / 1GiB
1790498515,payflow-postgres-1,80.01%,605.5MiB / 1GiB
1790498515,payflow-kafka-1,26.41%,633.1MiB / 1.5GiB
1790498515,payflow-keycloak-1,0.19%,3.006GiB / 10.7GiB
1790498515,payflow-settlement-rail-1,0.01%,41.18MiB / 256MiB
1790498515,payflow-grafana-1,1.37%,186MiB / 512MiB
1790498515,payflow-prometheus-1,1.03%,83.92MiB / 1GiB
1790498515,payflow-tempo-1,0.85%,158.6MiB / 1GiB
1790498515,k3d-tiny-url-serverlb,0.00%,5.898MiB / 10.7GiB
1790498515,k3d-tiny-url-server-0,6.72%,918.7MiB / 10.7GiB
1790498522,payflow-payflow-1,179.98%,1.47GiB / 1.5GiB
1790498522,payflow-postgres-exporter-1,0.00%,13.01MiB / 128MiB
1790498522,payflow-mongo-1,0.90%,197.6MiB / 1GiB
1790498522,payflow-postgres-1,117.51%,602.1MiB / 1GiB
1790498522,payflow-kafka-1,39.70%,636.8MiB / 1.5GiB
1790498522,payflow-keycloak-1,0.19%,3.006GiB / 10.7GiB
1790498522,payflow-settlement-rail-1,1.57%,41.27MiB / 256MiB
1790498522,payflow-grafana-1,0.78%,186MiB / 512MiB
1790498522,payflow-prometheus-1,0.27%,83.92MiB / 1GiB
1790498522,payflow-tempo-1,0.92%,160.8MiB / 1GiB
1790498522,k3d-tiny-url-serverlb,0.00%,5.91MiB / 10.7GiB
1790498522,k3d-tiny-url-server-0,8.84%,919.4MiB / 10.7GiB
1790498529,payflow-payflow-1,144.17%,1.47GiB / 1.5GiB
1790498529,payflow-postgres-exporter-1,0.00%,12.71MiB / 128MiB
1790498529,payflow-mongo-1,0.39%,197.6MiB / 1GiB
1790498529,payflow-postgres-1,85.04%,603.1MiB / 1GiB
1790498529,payflow-kafka-1,28.14%,641.9MiB / 1.5GiB
1790498529,payflow-keycloak-1,0.16%,3.006GiB / 10.7GiB
1790498529,payflow-settlement-rail-1,0.01%,41.27MiB / 256MiB
1790498529,payflow-grafana-1,0.73%,186MiB / 512MiB
1790498529,payflow-prometheus-1,0.14%,83.93MiB / 1GiB
1790498529,payflow-tempo-1,0.87%,160.4MiB / 1GiB
1790498529,k3d-tiny-url-serverlb,0.00%,5.91MiB / 10.7GiB
1790498529,k3d-tiny-url-server-0,6.20%,919.8MiB / 10.7GiB
1790498536,payflow-payflow-1,173.38%,1.47GiB / 1.5GiB
1790498536,payflow-postgres-exporter-1,1.75%,12.62MiB / 128MiB
1790498536,payflow-mongo-1,3.84%,210.4MiB / 1GiB
1790498536,payflow-postgres-1,120.48%,600.8MiB / 1GiB
1790498536,payflow-kafka-1,36.52%,643.5MiB / 1.5GiB
1790498536,payflow-keycloak-1,0.19%,3.006GiB / 10.7GiB
1790498536,payflow-settlement-rail-1,0.01%,41.29MiB / 256MiB
1790498536,payflow-grafana-1,0.79%,186MiB / 512MiB
1790498536,payflow-prometheus-1,0.47%,83.93MiB / 1GiB
1790498536,payflow-tempo-1,3.08%,161.3MiB / 1GiB
1790498536,k3d-tiny-url-serverlb,0.00%,5.91MiB / 10.7GiB
1790498536,k3d-tiny-url-server-0,9.05%,920.4MiB / 10.7GiB
1790498543,payflow-payflow-1,60.42%,1.47GiB / 1.5GiB
1790498543,payflow-postgres-exporter-1,0.00%,12.15MiB / 128MiB
1790498543,payflow-mongo-1,0.40%,197.3MiB / 1GiB
1790498543,payflow-postgres-1,69.83%,573.6MiB / 1GiB
1790498543,payflow-kafka-1,11.34%,644.2MiB / 1.5GiB
1790498543,payflow-keycloak-1,0.18%,3.006GiB / 10.7GiB
1790498543,payflow-settlement-rail-1,0.01%,41.3MiB / 256MiB
1790498543,payflow-grafana-1,0.75%,186.1MiB / 512MiB
1790498543,payflow-prometheus-1,0.21%,83.93MiB / 1GiB
1790498543,payflow-tempo-1,0.21%,161.3MiB / 1GiB
1790498543,k3d-tiny-url-serverlb,0.00%,5.91MiB / 10.7GiB
1790498543,k3d-tiny-url-server-0,6.65%,920.5MiB / 10.7GiB
1790498551,payflow-payflow-1,5.80%,1.47GiB / 1.5GiB
1790498551,payflow-postgres-exporter-1,0.00%,12.86MiB / 128MiB
1790498551,payflow-mongo-1,0.85%,197.3MiB / 1GiB
1790498551,payflow-postgres-1,9.34%,544.1MiB / 1GiB
1790498551,payflow-kafka-1,4.14%,644.6MiB / 1.5GiB
1790498551,payflow-keycloak-1,0.30%,3.006GiB / 10.7GiB
1790498551,payflow-settlement-rail-1,0.03%,41.3MiB / 256MiB
1790498551,payflow-grafana-1,1.31%,186.1MiB / 512MiB
1790498551,payflow-prometheus-1,0.59%,83.95MiB / 1GiB
1790498551,payflow-tempo-1,0.49%,157MiB / 1GiB
1790498551,k3d-tiny-url-serverlb,0.00%,5.91MiB / 10.7GiB
1790498551,k3d-tiny-url-server-0,18.82%,919.8MiB / 10.7GiB
1790498558,payflow-payflow-1,5.67%,1.47GiB / 1.5GiB
1790498558,payflow-postgres-exporter-1,0.00%,12.11MiB / 128MiB
1790498558,payflow-mongo-1,0.41%,197.4MiB / 1GiB
1790498558,payflow-postgres-1,4.55%,544.1MiB / 1GiB
1790498558,payflow-kafka-1,2.81%,644.6MiB / 1.5GiB
1790498558,payflow-keycloak-1,0.21%,3.006GiB / 10.7GiB
1790498558,payflow-settlement-rail-1,0.01%,41.3MiB / 256MiB
1790498558,payflow-grafana-1,0.96%,186.1MiB / 512MiB
1790498558,payflow-prometheus-1,0.81%,83.96MiB / 1GiB
1790498558,payflow-tempo-1,2.29%,157.2MiB / 1GiB
1790498558,k3d-tiny-url-serverlb,0.00%,5.922MiB / 10.7GiB
1790498558,k3d-tiny-url-server-0,6.94%,920.2MiB / 10.7GiB
1790498565,payflow-payflow-1,3.91%,1.47GiB / 1.5GiB
1790498565,payflow-postgres-exporter-1,0.00%,12.29MiB / 128MiB
1790498565,payflow-mongo-1,50.65%,196.9MiB / 1GiB
1790498565,payflow-postgres-1,1.43%,533.9MiB / 1GiB
1790498565,payflow-kafka-1,2.62%,642.1MiB / 1.5GiB
1790498565,payflow-keycloak-1,0.21%,2.983GiB / 10.7GiB
1790498565,payflow-settlement-rail-1,0.02%,41.29MiB / 256MiB
1790498565,payflow-grafana-1,0.96%,186.9MiB / 512MiB
1790498565,payflow-prometheus-1,0.82%,85.06MiB / 1GiB
1790498565,payflow-tempo-1,0.28%,154MiB / 1GiB
1790498565,k3d-tiny-url-serverlb,0.00%,5.91MiB / 10.7GiB
1790498565,k3d-tiny-url-server-0,16.63%,921MiB / 10.7GiB
1790498572,payflow-payflow-1,6.68%,1.47GiB / 1.5GiB
1790498572,payflow-postgres-exporter-1,0.00%,12.94MiB / 128MiB
1790498572,payflow-mongo-1,9.04%,196.6MiB / 1GiB
1790498572,payflow-postgres-1,1.61%,533.2MiB / 1GiB
1790498572,payflow-kafka-1,5.52%,646.3MiB / 1.5GiB
1790498572,payflow-keycloak-1,0.34%,2.98GiB / 10.7GiB
1790498572,payflow-settlement-rail-1,0.02%,41.28MiB / 256MiB
1790498572,payflow-grafana-1,1.27%,186.8MiB / 512MiB
1790498572,payflow-prometheus-1,0.29%,85.05MiB / 1GiB
1790498572,payflow-tempo-1,0.45%,153.9MiB / 1GiB
1790498572,k3d-tiny-url-serverlb,0.00%,5.91MiB / 10.7GiB
1790498572,k3d-tiny-url-server-0,16.48%,923.3MiB / 10.7GiB
1790498579,payflow-payflow-1,6.65%,1.47GiB / 1.5GiB
1790498579,payflow-postgres-exporter-1,0.00%,13.08MiB / 128MiB
1790498579,payflow-mongo-1,0.51%,195.2MiB / 1GiB
1790498579,payflow-postgres-1,1.58%,528.3MiB / 1GiB
1790498579,payflow-kafka-1,43.21%,677.9MiB / 1.5GiB
1790498579,payflow-keycloak-1,0.25%,2.972GiB / 10.7GiB
1790498579,payflow-settlement-rail-1,0.01%,41.27MiB / 256MiB
1790498579,payflow-grafana-1,1.13%,186.6MiB / 512MiB
1790498579,payflow-prometheus-1,0.91%,84.93MiB / 1GiB
1790498579,payflow-tempo-1,0.37%,153.1MiB / 1GiB
1790498579,k3d-tiny-url-serverlb,0.00%,5.91MiB / 10.7GiB
1790498579,k3d-tiny-url-server-0,12.91%,922.2MiB / 10.7GiB
